seq,name,name_en,code,type,regulator
1,国家开发银行,China Development Bank,G0001H111000001,开发性金融机构,金融监管总局
2,中国进出口银行,The Export-Import Bank of China,A0003H111000001,政策性银行,金融监管总局
3,中国农业发展银行,Agricultural Development Bank of China,A0002H111000001,政策性银行,金融监管总局
4,中国工商银行股份有限公司,INDUSTRIAL AND COMMERCIAL BANK OF CHINA LIMITED,B0001H111000001,国有大型商业银行,金融监管总局
5,中国农业银行股份有限公司,AGRICULTURAL BANK OF CHINA LIMITED,B0002H111000001,国有大型商业银行,金融监管总局
6,中国银行股份有限公司,BANK OF CHINA LIMITED,B0003H111000001,国有大型商业银行,金融监管总局
7,中国建设银行股份有限公司,CHINA CONSTRUCTION BANK CORPORATION,B0004H111000001,国有大型商业银行,金融监管总局
8,交通银行股份有限公司,"BANK OF COMMUNICATIONS CO., LTD.",B0005H131000001,国有大型商业银行,金融监管总局
9,中国邮政储蓄银行股份有限公司,"POSTAL SAVINGS BANK OF CHINA Co., Ltd.",B0018H111000001,国有大型商业银行,金融监管总局
10,中信银行股份有限公司,CHINA CITIC BANK CORPORATION LIMITED,B0006H111000001,股份制商业银行,金融监管总局
11,中国光大银行股份有限公司,"China Everbright Bank Co., Ltd.",B0007H111000001,股份制商业银行,金融监管总局
12,招商银行股份有限公司,"CHINA MERCHANTS BANK CO., LTD.",B0011H144030001,股份制商业银行,金融监管总局
13,上海浦东发展银行股份有限公司,"Shanghai PuDong Development Bank CO., LTD.",B0015H131000001,股份制商业银行,金融监管总局
14,中国民生银行股份有限公司,CHINA MINSHENG BANKING CORPORATION LIMITED,B0009H111000001,股份制商业银行,金融监管总局
15,华夏银行股份有限公司,"HUA XIA BANK CO.,Limited",B0008H111000001,股份制商业银行,金融监管总局
16,平安银行股份有限公司,"Ping An Bank Co.,Ltd.",B0014H144030001,股份制商业银行,金融监管总局
17,兴业银行股份有限公司,"Industrial Bank Co., Ltd.",B0013H135010001,股份制商业银行,金融监管总局
18,广发银行股份有限公司,"China Guangfa Bank Co.,Ltd.",B0012H144010001,股份制商业银行,金融监管总局
19,渤海银行股份有限公司,"CHINA BOHAI BANK CO.,LTD.",B0017H112000001,股份制商业银行,金融监管总局
20,浙商银行股份有限公司,"CHINA ZHESHANG BANK CO.,LTD.",B0010H133010001,股份制商业银行,金融监管总局
21,恒丰银行股份有限公司,"EVERGROWING BANK CO., Limited",B0016H137010001,股份制商业银行,金融监管总局
22,北京银行股份有限公司,"Bank of Beijing Co., Ltd.",B0107H211000001,城市商业银行,北京金融监管局
23,天津银行股份有限公司,"BANK OF TIANJIN CO.,LTD.",B0108H212000001,城市商业银行,天津金融监管局
24,河北银行股份有限公司,"BANK OF HEBEI CO.,LTD.",B0282H213010001,城市商业银行,河北金融监管局
25,保定银行股份有限公司,"BANK OF BAODING CO.,LTD.",B0340H313060001,城市商业银行,河北金融监管局
26,沧州银行股份有限公司,"BANK OF CANGZHOU CO.,LTD.",B1018H313090001,城市商业银行,沧州金融监管分局
27,承德银行股份有限公司,"BANK OF CHENGDE CO.,LTD.",B1021H313080001,城市商业银行,承德金融监管分局
28,邯郸银行股份有限公司,"BANK OF HANDAN CO.,LTD.",B0331H313040001,城市商业银行,河北金融监管局
29,衡水银行股份有限公司,"BANK OF HENGSHUI CO.,LTD.",B1016H313110001,城市商业银行,河北金融监管局
30,廊坊银行股份有限公司,"BANK OF LANGFANG CO.,LTD.",B0277H313100001,城市商业银行,河北金融监管局
31,秦皇岛银行股份有限公司,"BANK OF QINHUANGDAO CO.,LTD.",B0111H313030002,城市商业银行,秦皇岛金融监管分局
32,唐山银行股份有限公司,"BANK OF TANGSHAN CO.,LTD.",B1013H313020001,城市商业银行,唐山金融监管分局
33,邢台银行股份有限公司,"BANK OF XINGTAI CO.,LTD.",B0301H313050001,城市商业银行,邢台金融监管分局
34,张家口银行股份有限公司,"BANK OF ZHANGJIAKOU CO.,LTD.",B0772H313070001,城市商业银行,河北金融监管局
35,晋商银行股份有限公司,"JINSHANG BANK CO., LTD.",B0116H214010001,城市商业银行,山西金融监管局
36,内蒙古银行股份有限公司,"Bank Of Inner Mongolia Co.,Ltd.",B1033H215010001,城市商业银行,内蒙古金融监管局
37,鄂尔多斯银行股份有限公司,"Ordos Bank Co.,Ltd.",B1067H315060001,城市商业银行,内蒙古金融监管局
38,乌海银行股份有限公司,"BANK OF WUHAI CO.,LTD",B1068H315030001,城市商业银行,内蒙古金融监管局
39,盛京银行股份有限公司,"SHENGJING BANK CO.,LTD.",B0264H221010001,城市商业银行,辽宁金融监管局
40,锦州银行股份有限公司,"BANK OF JINZHOU CO.,LTD",B0127H321070001,城市商业银行,辽宁金融监管局
41,鞍山银行股份有限公司,"BANK OF ANSHAN CO.,LTD",B0124H321030001,城市商业银行,鞍山金融监管分局
42,本溪银行股份有限公司,"BANK OF BENXI CO.,LTD.",B1071H321050001,城市商业银行,本溪金融监管分局
43,朝阳银行股份有限公司,无,B0330H321130001,城市商业银行,朝阳金融监管分局
44,丹东银行股份有限公司,"BANK OF DANDONG CO.,LTD.",B0126H321060001,城市商业银行,丹东金融监管分局
45,抚顺银行股份有限公司,"BANK OF FUSHUN CO.,LTD.",B0125H321040001,城市商业银行,抚顺金融监管分局
46,阜新银行股份有限公司,"BANK OF FUXIN CO.,LTD.",B0129H321090001,城市商业银行,阜新金融监管分局
47,葫芦岛银行股份有限公司,"BANK OF HULUDAO CO.,LTD",B0132H321140001,城市商业银行,葫芦岛金融监管分局
48,盘锦银行股份有限公司,"BANK OF PANJIN CO.,LTD.",B0131H321110001,城市商业银行,盘锦金融监管分局
49,铁岭银行股份有限公司,"BANK OF TIELING CO.,LTD.",B0267H321120001,城市商业银行,铁岭金融监管分局
50,营口银行股份有限公司,无,B0128H321080001,城市商业银行,营口金融监管分局
51,吉林银行股份有限公司,"BANK OF JILIN CO.,LTD.",B0302H222010001,城市商业银行,吉林金融监管局
52,哈尔滨银行股份有限公司,无,B0306H223010001,城市商业银行,黑龙江金融监管局
53,龙江银行股份有限公司,无,B1056H223010001,城市商业银行,黑龙江金融监管局
54,上海银行股份有限公司,无,B0139H231000001,城市商业银行,上海金融监管局
55,江苏银行股份有限公司,"BANK OF JIANGSU CO.,LTD",B0243H232010001,城市商业银行,江苏金融监管局
56,南京银行股份有限公司,"BANK OF NANJING CO.,LTD.",B0140H232010001,城市商业银行,江苏金融监管局
57,苏州银行股份有限公司,"BANK OF SUZHOU CO.,LTD",B0236H332050001,城市商业银行,苏州金融监管分局
58,江苏长江商业银行股份有限公司,"JIANGSU CHANGJIANG COMMERCIAL BANK CO.,LTD.",B0347H332120001,城市商业银行,泰州金融监管分局
59,杭州银行股份有限公司,"BANK OF HANGZHOU CO.,LTD.",B0151H233010001,城市商业银行,浙江金融监管局
60,湖州银行股份有限公司,"BANK OF HUZHOU CO.,LTD.",B0155H233050001,城市商业银行,湖州金融监管分局
61,嘉兴银行股份有限公司,"BANK OF JIAXING CO.,LTD",B0154H233040001,城市商业银行,嘉兴金融监管分局
62,金华银行股份有限公司,"BANK OF JINHUA CO.,LTD",B0157H233070001,城市商业银行,金华金融监管分局
63,绍兴银行股份有限公司,"BANK OF SHAOXING CO.,LTD",B0156H233060001,城市商业银行,绍兴金融监管分局
64,台州银行股份有限公司,"BANK OF TAIZHOU CO.,LTD.",B0159H233100001,城市商业银行,台州金融监管分局
65,温州银行股份有限公司,BANK OF WENZHOU CO.LTD.,B0153H233030001,城市商业银行,温州金融监管分局
66,浙江稠州商业银行股份有限公司,"ZHEJIANG CHOUZHOU COMMERCIAL BANK CO.,LTD.",B0158H233070001,城市商业银行,浙江金融监管局
67,浙江民泰商业银行股份有限公司,"ZHEJIANG MINTAI COMMERCIAL BANK CO.,LTD",B0161H233100001,城市商业银行,浙江金融监管局
68,浙江泰隆商业银行股份有限公司,"ZHEJIANG TAILONG COMMERCIAL BANK CO.,LTD.",B0160H233100001,城市商业银行,台州金融监管分局
69,徽商银行股份有限公司,Huishang Bank Corporation Limited,B0162H234010001,城市商业银行,安徽金融监管局
70,福建海峡银行股份有限公司,"FUJIAN HAIXIA BANK CO.,LTD",B0163H235010001,城市商业银行,福建金融监管局
71,泉州银行股份有限公司,"Bank of Quanzhou CO.,LTD.",B0271H335050001,城市商业银行,福建金融监管局
72,江西银行股份有限公司,"JIANGXI BANK CO.,LTD.",B0792H236010001,城市商业银行,江西金融监管局
73,赣州银行股份有限公司,"BANK OF GANZHOU CO.,LTD.",B0353H336070001,城市商业银行,赣州金融监管分局
74,九江银行股份有限公司,"BANK OF JIUJIANG CO.,LTD.",B0348H336040001,城市商业银行,江西金融监管局
75,上饶银行股份有限公司,"BANK OF SHANGRAO CO.,LTD",B1030H336110001,城市商业银行,上饶金融监管分局
76,齐鲁银行股份有限公司,"QILU BANK CO.,LTD.",B0169H237010001,城市商业银行,山东金融监管局
77,德州银行股份有限公司,"DEZHOU BANK CO.,LTD.",B0180H337140001,城市商业银行,德州金融监管分局
78,东营银行股份有限公司,无,B0172H337050001,城市商业银行,山东金融监管局
79,济宁银行股份有限公司,"BANK OF JINING CO.,LTD.",B0175H337080001,城市商业银行,济宁金融监管分局
80,莱商银行股份有限公司,"LAISHANG BANK CO.,LTD.",B0325H337120001,城市商业银行,山东金融监管局
81,临商银行股份有限公司,"LINSHANG BANK CO.,LTD.",B0179H337130001,城市商业银行,山东金融监管局
82,齐商银行股份有限公司,"QI SHANG BANK CO.,LTD.",B0171H337030001,城市商业银行,山东金融监管局
83,日照银行股份有限公司,"BANK OF RIZHAO CO.,LTD.",B0177H337110001,城市商业银行,山东金融监管局
84,泰安银行股份有限公司,"BANK OF TAIAN CO.,LTD.",B0297H337090001,城市商业银行,山东金融监管局
85,威海市商业银行股份有限公司,无,B0176H337100001,城市商业银行,威海金融监管分局
86,潍坊银行股份有限公司,无,B0174H337070001,城市商业银行,山东金融监管局
87,烟台银行股份有限公司,"YANTAI BANK CO.,LTD.",B0173H337060001,城市商业银行,烟台金融监管分局
88,枣庄银行股份有限公司,"ZAOZHUANG BANK CO.,LTD.",B0290H337040001,城市商业银行,山东金融监管局
89,中原银行股份有限公司,ZHONGYUAN BANK CO.，LTD,B0615H241010001,城市商业银行,河南金融监管局
90,郑州银行股份有限公司,BANK OF ZHENGZHOU CO.，LTD,B1036H241010001,城市商业银行,河南金融监管局
91,湖南银行股份有限公司,Bank of Hunan Corporation Limited,B1099H243010001,城市商业银行,湖南金融监管局
92,长沙银行股份有限公司,"BANK OF CHANGSHA CO.,LTD",B0192H243010001,城市商业银行,湖南金融监管局
93,汉口银行股份有限公司,"HANKOU BANK CO.,LTD",B0187H242010002,城市商业银行,湖北金融监管局
94,湖北银行股份有限公司,"HUBEI BANK CO.,LTD",B1151H242010001,城市商业银行,湖北金融监管局
95,广州银行股份有限公司,"BANK OF GUANGZHOU CO.,LTD",B1041H244010001,城市商业银行,广东金融监管局
96,东莞银行股份有限公司,"BANK OF DONGGUAN CO.,LTD.",B0201H244190001,城市商业银行,东莞金融监管分局
97,广东华兴银行股份有限公司,"GUANGDONG HUAXING BANK CO., LTD",B1194H244050001,城市商业银行,广东金融监管局
98,广东南粤银行股份有限公司,"GUANGDONG NANYUE BANK CO., LTD.",B0200H344080001,城市商业银行,广东金融监管局
99,珠海华润银行股份有限公司,"CHINA RESOURCES BANK OF ZHUHAI CO.,LTD.",B0199H244040001,城市商业银行,珠海金融监管分局
100,广西北部湾银行股份有限公司,"GUANGXI BEIBU GULF BANK CO.,LTD",B0349H245010001,城市商业银行,广西金融监管局
101,桂林银行股份有限公司,"GUILIN BANK CO.,LTD.",B1105H245030001,城市商业银行,桂林金融监管分局
102,柳州银行股份有限公司,"BANK OF LIUZHOU CO.,LTD.",B1087H245020001,城市商业银行,柳州金融监管分局
103,海南银行股份有限公司,"Bank of Hainan Co.,Ltd.",B0729H246010001,城市商业银行,海南金融监管局
104,重庆三峡银行股份有限公司,"CHONGQING THREE GORGES BANK CO.,LTD",B0205H250000001,城市商业银行,重庆金融监管局
105,重庆银行股份有限公司,无,B0206H250000001,城市商业银行,重庆金融监管局
106,成都银行股份有限公司,"BANK OF CHENGDU CO.,LTD.",B0207H251010001,城市商业银行,四川金融监管局
107,达州银行股份有限公司,"BANK OF DAZHOU CO.,LTD.",B1053H251170001,城市商业银行,四川金融监管局
108,长城华西银行股份有限公司,"GREAT WALL WEST CHINA BANK CO.,LTD.",B0211H251060002,城市商业银行,德阳金融监管分局
109,乐山市商业银行股份有限公司,无,B0213H251110001,城市商业银行,四川金融监管局
110,泸州银行股份有限公司,"LUZHOU BANK CO.,LTD.",B0210H251050001,城市商业银行,泸州金融监管分局
111,绵阳市商业银行股份有限公司,无,B0212H251070001,城市商业银行,绵阳金融监管分局
112,四川天府银行股份有限公司,"SICHUAN TIANFU BANK CO.,LTD",B0214H251130001,城市商业银行,四川金融监管局
113,遂宁银行股份有限公司,"SUINING BANK CO.,LTD.",B0317H251090001,城市商业银行,四川金融监管局
114,雅安市商业银行股份有限公司,"YAAN CITY COMMERCIAL BANK CO.,LTD",B0343H251180001,城市商业银行,雅安金融监管分局
115,宜宾市商业银行股份有限公司,无,B0284H251150001,城市商业银行,宜宾金融监管分局
116,自贡银行股份有限公司,"BANK OF ZIGONG CO.,LTD.",B0208H251030001,城市商业银行,四川金融监管局
117,贵阳银行股份有限公司,"BANK OF GUIYANG CO.,LTD",B0215H252010001,城市商业银行,贵州金融监管局
118,贵州银行股份有限公司,"Bank of Guizhou Co.,Ltd",B1383H252010001,城市商业银行,贵州金融监管局
119,富滇银行股份有限公司,"FUDIAN BANK CO.,LTD.",B0258H253010001,城市商业银行,云南金融监管局
120,曲靖市商业银行股份有限公司,"QUJING CITY COMMERCIAL BANK CO.,LTD.",B0259H253030001,城市商业银行,云南金融监管局
121,云南红塔银行股份有限公司,"YUNNAN HONGTA BANK CO.,LTD.",B0260H253040001,城市商业银行,玉溪金融监管分局
122,西藏银行股份有限公司,"BANK OF TIBET CO.,LTD",B1293H254010001,城市商业银行,西藏金融监管局
123,西安银行股份有限公司,"THE BANK OF XI’AN CO.,LTD",B0274H261010001,城市商业银行,陕西金融监管局
124,长安银行股份有限公司,"CHANG’AN BANK CO.,LTD",B1027H261010001,城市商业银行,陕西金融监管局
125,甘肃银行股份有限公司,BANK OF GANSU CO.，LTD.,B1228H262010001,城市商业银行,甘肃金融监管局
126,兰州银行股份有限公司,BANK OF LANZHOU CO.，LTD.,B0268H262010001,城市商业银行,甘肃金融监管局
127,青海银行股份有限公司,无,B0223H263010002,城市商业银行,青海金融监管局
128,宁夏银行股份有限公司,"BANK OF NINGXIA CO.,LTD.",B0314H264010001,城市商业银行,宁夏金融监管局
129,石嘴山银行股份有限公司,"BANK OF SHIZUISHAN CO.,LTD.",B1009H364020001,城市商业银行,宁夏金融监管局
130,乌鲁木齐银行股份有限公司,"Bank of Urumqi CO.,Ltd",B0796H265010001,城市商业银行,新疆金融监管局
131,昆仑银行股份有限公司,Bank of Kunlun Co.，Ltd,B0226H365020002,城市商业银行,新疆金融监管局
132,哈密市商业银行股份有限公司,"HAMI CITY COMMERCIAL BANK CO.,LTD",B1085H365220001,城市商业银行,新疆金融监管局
133,新疆汇和银行股份有限公司,"XIN-JIANG HUIHE BANK CO.,LTD.",B1043H365400001,城市商业银行,新疆金融监管局
134,大连银行股份有限公司,"Bank of Dalian Co.,Ltd.",B0261H221020001,城市商业银行,大连金融监管局
135,宁波银行股份有限公司,"BANK OF NINGBO CO.,LTD",B0152H233020001,城市商业银行,宁波金融监管局
136,宁波东海银行股份有限公司,"NINGBO DONGHAI BANK CO., LTD.",B0358H233020001,城市商业银行,宁波金融监管局
137,宁波通商银行股份有限公司,NINGBO COMMERCE BANK COMPANY LIMITED,B1311H233020001,城市商业银行,宁波金融监管局
138,厦门银行股份有限公司,"XIAMEN BANK CO.,LTD",B0164H235020001,城市商业银行,厦门金融监管局
139,厦门国际银行股份有限公司,"Xiamen International Bank Co., Ltd.",B0025H235020001,城市商业银行,厦门金融监管局
140,青岛银行股份有限公司,"BANK OF QINGDAO CO.,LTD.",B0170H237020001,城市商业银行,青岛金融监管局
141,新疆银行股份有限公司,"Xinjiang Bank CO.,LTD.",B1522H265010001,城市商业银行,新疆金融监管局
142,蒙商银行股份有限公司,"MENGSHANG BANK Co.,LTD",B1954H215020001,城市商业银行,内蒙古金融监管局
143,四川银行股份有限公司,"SICHUAN BANK CO., LTD.",B1987H251010001,城市商业银行,四川金融监管局
144,辽沈银行股份有限公司,"LIAOSHEN BANK CO.,LTD.",B2036H221010001,城市商业银行,辽宁金融监管局
145,山西银行股份有限公司,"SHANXI BANK CO., LTD.",B2027H214010001,城市商业银行,山西金融监管局
146,天津金城银行股份有限公司,"Kincheng Bank of Tianjin Co.,Ltd.",B0655H212000001,民营银行,天津金融监管局
147,上海华瑞银行股份有限公司,无,B0606H231000001,民营银行,上海金融监管局
148,浙江网商银行股份有限公司,无,B0675H233010001,民营银行,浙江金融监管局
149,温州民商银行股份有限公司,无,B0651H233030001,民营银行,浙江金融监管局
150,深圳前海微众银行股份有限公司,"WeBank Co.,Ltd",B0593H244030001,民营银行,深圳金融监管局
151,湖南三湘银行股份有限公司,BANK OF SANXIANG,B1519H243010001,民营银行,湖南金融监管局
152,重庆富民银行股份有限公司,无,B1191H250000001,民营银行,重庆金融监管局
153,四川新网银行股份有限公司,无,B1544H251010001,民营银行,四川金融监管局
154,北京中关村银行股份有限公司,Beijing Zhongguancun Bank Corporation Limited,B1611H211000001,民营银行,北京金融监管局
155,吉林亿联银行股份有限公司,无,B1600H222010001,民营银行,吉林金融监管局
156,武汉众邦银行股份有限公司,"WUHANZBANK CO.,LTD.",B1596H242010001,民营银行,湖北金融监管局
157,福建华通银行股份有限公司,Fujian OneBank Company Limited,B1563H235010001,民营银行,福建金融监管局
158,威海蓝海银行股份有限公司,无,B1606H237100001,民营银行,山东金融监管局
159,江苏苏商银行股份有限公司,JIANGSU SU MERCHANTS BANK CO.，LTD.,B1621H232010001,民营银行,江苏金融监管局
160,梅州客商银行股份有限公司,"MEIZHOU HAKKA BANK CO.,LTD.",B1627H244140001,民营银行,广东金融监管局
161,安徽新安银行股份有限公司,无,B1686H234010001,民营银行,安徽金融监管局
162,辽宁振兴银行股份有限公司,无,B1661H221010001,民营银行,辽宁金融监管局
163,江西裕民银行股份有限公司,"JIANGXI YUMIN BANK CO., LTD.",B1877H236010001,民营银行,江西金融监管局
164,无锡锡商银行股份有限公司,WUXI XISHANG BANK CO.，LTD.,B1949H332020001,民营银行,江苏金融监管局
165,东亚银行（中国）有限公司,The Bank of East Asia (China) Limited,B0049H131000001,外资法人银行,金融监管总局
166,汇丰银行（中国）有限公司,HSBC Bank (China) Company Limited,B0047H131000001,外资法人银行,金融监管总局
167,渣打银行（中国）有限公司,Standard Chartered Bank (China) Limited,B0048H131000001,外资法人银行,金融监管总局
168,蒙特利尔银行（中国）有限公司,"Bank of Montreal(China)Co.,Ltd.",B1090H211000001,外资法人银行,北京金融监管局
169,德意志银行（中国）有限公司,"Deutsche Bank (China) Co.,Ltd.",B0312H211000001,外资法人银行,北京金融监管局
170,法国兴业银行（中国）有限公司,Societe Generale (China) Limited,B0341H211000001,外资法人银行,北京金融监管局
171,国民银行（中国）有限公司,Kookmin Bank (China) Limited,B0291H211000001,外资法人银行,北京金融监管局
172,韩亚银行（中国）有限公司,KEB Hana Bank (China) Company Limited,B0309H211000001,外资法人银行,北京金融监管局
173,摩根大通银行（中国）有限公司,JPMorgan Chase Bank (China) Company Limited,B0294H211000001,外资法人银行,北京金融监管局
174,瑞士银行（中国）有限公司,UBS (China) Limited,B0033H211000001,外资法人银行,北京金融监管局
175,新韩银行（中国）有限公司,Shinhan Bank (China) Limited,B0323H211000001,外资法人银行,北京金融监管局
176,友利银行（中国）有限公司,Woori Bank (China) Limited,B0304H211000001,外资法人银行,北京金融监管局
177,企业银行（中国）有限公司,Industrial Bank of Korea(China)Limited,B1017H212000001,外资法人银行,天津金融监管局
178,澳大利亚和新西兰银行（中国）有限公司,Australia and New Zealand Bank (China) Company Limited,B0079H231000001,外资法人银行,上海金融监管局
179,大华银行（中国）有限公司,United Overseas Bank (China) Limited,B0308H231000001,外资法人银行,上海金融监管局
180,东方汇理银行（中国）有限公司,CREDIT AGRICOLE CORPORATE AND INVESTMENT BANK(China)Limited,B1022H231000001,外资法人银行,上海金融监管局
181,法国巴黎银行（中国）有限公司,BNP Paribas (China) Limited,B0019H231000001,外资法人银行,上海金融监管局
182,富邦华一银行有限公司,"Fubon Bank (China) Co., Ltd.",B0021H231000001,外资法人银行,上海金融监管局
183,国泰世华银行（中国）有限公司,Cathay United Bank (China) Ltd.,B1761H231000001,外资法人银行,上海金融监管局
184,恒生银行（中国）有限公司,Hang Seng Bank (China) Limited,B0269H231000001,外资法人银行,上海金融监管局
185,花旗银行（中国）有限公司,"Citibank (China) Co., Ltd.",B0249H231000001,外资法人银行,上海金融监管局
186,华美银行（中国）有限公司,East West Bank (China) Limited,B0305H231000001,外资法人银行,上海金融监管局
187,华侨银行有限公司,OCBC Bank Limited,B0286H231000001,外资法人银行,上海金融监管局
188,南洋商业银行（中国）有限公司,"Nanyang Commercial Bank (China) ,Limited",B0307H231000001,外资法人银行,上海金融监管局
189,盘谷银行（中国）有限公司,Bangkok Bank(China)Company Limited,B1031H231000001,外资法人银行,上海金融监管局
190,上海科创银行有限公司,"Shanghai Innovation Bank Co., Ltd.",B0996H231000001,外资法人银行,上海金融监管局
191,瑞穗银行（中国）有限公司,"Mizuho Bank (China), Ltd.",B0071H231000001,外资法人银行,上海金融监管局
192,三井住友银行（中国）有限公司,Sumitomo Mitsui Banking Corporation (China) Limited,B1012H231000001,外资法人银行,上海金融监管局
193,三菱日联银行（中国）有限公司,"MUFG Bank (China),Ltd.",B0288H231000001,外资法人银行,上海金融监管局
194,星展银行（中国）有限公司,DBS Bank (China) Limited,B0270H231000001,外资法人银行,上海金融监管局
195,正信银行有限公司,"Zheng Xin Bank Co.,Ltd.",B1065H231000001,外资法人银行,上海金融监管局
196,首都银行（中国）有限公司,Metropolitan Bank(China)Ltd.,B1064H232010001,外资法人银行,江苏金融监管局
197,永丰银行（中国）有限公司,Bank SinoPac (China) Ltd.,B0409H232010001,外资法人银行,江苏金融监管局
198,彰银商业银行有限公司,"Chang Hua Commercial Bank,Ltd.",B1743H232010001,外资法人银行,江苏金融监管局
199,摩根士丹利国际银行（中国）有限公司,Morgan Stanley Bank International (China) Limited,B0029H244040001,外资法人银行,广东金融监管局
200,新联商业银行,Allied Commercial Bank,B0026H235020001,外资法人银行,厦门金融监管局
201,大新银行（中国）有限公司,DAH SING BANK (CHINA) LIMITED,B0333H244030001,外资法人银行,深圳金融监管局
202,华商银行,Chinese Mercantile Bank,B0028H244030001,外资法人银行,深圳金融监管局
203,开泰银行（中国）有限公司,KASIKORNBANK（CHINA）COMPANY LIMITED,B1628H244030001,外资法人银行,深圳金融监管局
204,玉山银行（中国）有限公司,"E.SUN Bank（China）Company, Ltd.",B0859H244030001,外资法人银行,深圳金融监管局
205,中信银行国际（中国）有限公司,CITIC Bank International(China) Limited,B0321H244030001,外资法人银行,深圳金融监管局
206,中德住房储蓄银行,"Sino-German Bausparkasse Co.,Ltd.",B0240H212000001,住房储蓄银行,天津金融监管局
207,中邮邮惠万家银行有限责任公司,YOU+ BANK,Z0042H131000001,直销银行,金融监管总局
208,中信百信银行股份有限公司,无,Z0041H111000001,直销银行,北京金融监管局
209,内蒙古农村商业银行股份有限公司,"InnerMongoliaRuralCommercialBankCo.,Ltd .",B2138H215010001,农村商业银行,内蒙古金融监管局
210,江苏农村商业联合银行股份有限公司,"JiangsuRuralCommercialUnitedBankCo.,Ltd .",B2136H232010001,农村商业银行,江苏金融监管局
211,江西农村商业联合银行股份有限公司,"JiangXiRuralCommercialUnitedBankCo.,Ltd .",B2137H236010001,农村商业银行,江西金融监管局
212,河南农村商业银行股份有限公司,"HenanRuralCommercialBankCo.,Ltd",B2135H241010001,农村商业银行,河南金融监管局
213,四川兴文石海农村商业银行股份有限公司,"Sichuan Xingwen Rocksea Rural Commercial Bank Co.,Ltd.",B0086H351150002,农村商业银行,宜宾金融监管分局
214,湖北襄阳农村商业银行股份有限公司,无,B0106H342060001,农村商业银行,襄阳金融监管分局
215,山东高青农村商业银行股份有限公司,无,B0123H337030001,农村商业银行,淄博金融监管分局
216,四川叙永农村商业银行股份有限公司,"Sichuan Xuyong Rural Commercial Bank Co.,Ltd",B0141H351050002,农村商业银行,泸州金融监管分局
217,陕西白河农村商业银行股份有限公司,ShaanXi Baihe Rural Commercial Bank Company Limited,B0142H361090001,农村商业银行,安康金融监管分局
218,陕西镇安农村商业银行股份有限公司,无,B0143H361100001,农村商业银行,商洛金融监管分局
219,山西清徐农村商业银行股份有限公司,Shanxi Qingxu Rural Commercial Bank Company Limited,B0144H214010001,农村商业银行,山西金融监管局
220,江西石城农村商业银行股份有限公司,Jiangxi ShiCheng Rural Commercial Bank Co.,B0145H336070001,农村商业银行,赣州金融监管分局
221,浙江温州鹿城农村商业银行股份有限公司,Zhejiang Wenzhou Lucheng Rural Commercial Bank Company Limited,B0146H333030001,农村商业银行,温州金融监管分局
222,湖北崇阳农村商业银行股份有限公司,无,B0147H342120001,农村商业银行,咸宁金融监管分局
223,中山农村商业银行股份有限公司,"Zhongshan Rural Commercial Bank Co.,Ltd.",B0149H244200001,农村商业银行,中山金融监管分局
224,江西大余农村商业银行股份有限公司,"Jiangxi Dayu Rural Commercial Bank Co.,Ltd",B0216H336070001,农村商业银行,赣州金融监管分局
225,湖北石首农村商业银行股份有限公司,无,B0217H342100001,农村商业银行,荆州金融监管分局
226,湖北云梦农村商业银行股份有限公司,无,B0218H342090001,农村商业银行,孝感金融监管分局
227,黄山徽州农村商业银行股份有限公司,Huangshan Huizhou Rural Commercial Bank Company Limited,B0221H334100001,农村商业银行,黄山金融监管分局
228,安徽和县农村商业银行股份有限公司,Anhui HeXian Rural Commercial Bank Company Limited,B0222H334050001,农村商业银行,马鞍山金融监管分局
229,北京农村商业银行股份有限公司,"BEIJING RURAL COMMERCIAL BANK CO.,LTD.",B0227H211000001,农村商业银行,北京金融监管局
230,上海农村商业银行股份有限公司,"Shanghai Rural Commercial Bank Co., Ltd.",B0228H231000001,农村商业银行,上海金融监管局
231,江苏江阴农村商业银行股份有限公司,"Jiangsu Jiangyin Rural Commercial Bank Co.,Ltd",B0229H332020001,农村商业银行,无锡金融监管分局
232,无锡农村商业银行股份有限公司,"Wuxi Rural Commercial Bank Co.,Ltd",B0230H332020001,农村商业银行,无锡金融监管分局
233,江苏张家港农村商业银行股份有限公司,"Jiangsu Zhangjiagang Rural Commercial Bank Co.,Ltd",B0232H332050001,农村商业银行,苏州金融监管分局
234,江苏常熟农村商业银行股份有限公司,"Jiangsu Changshu Rural Commercial Bank Co.,Ltd",B0233H332050001,农村商业银行,苏州金融监管分局
235,江苏苏州农村商业银行股份有限公司,"JIANGSU SUZHOU RURAL COMMERCIAL BANK Co.,LTD",B0234H332050001,农村商业银行,苏州金融监管分局
236,江苏昆山农村商业银行股份有限公司,"Jiangsu Kunshan Rural Commercial Bank Co.,Ltd",B0235H332050001,农村商业银行,苏州金融监管分局
237,江苏太仓农村商业银行股份有限公司,"Jiangsu Taicang Rural Commercial Bank Co.,Ltd",B0237H332050001,农村商业银行,苏州金融监管分局
238,芜湖扬子农村商业银行股份有限公司,无,B0238H334020001,农村商业银行,芜湖金融监管分局
239,深圳农村商业银行股份有限公司,无,B0239H244030001,农村商业银行,深圳金融监管局
240,黄山太平农村商业银行股份有限公司,Huangshan Taiping Rural Commercial Bank Company Limited,B0241H334100001,农村商业银行,黄山金融监管分局
241,安徽休宁农村商业银行股份有限公司,AnHui xiuning Rural Commercial Bank Company Limited,B0242H334100001,农村商业银行,黄山金融监管分局
242,陕西米脂农村商业银行股份有限公司,无,B0245H361080001,农村商业银行,榆林金融监管分局
243,陕西子洲农村商业银行股份有限公司,无,B0246H361080001,农村商业银行,榆林金融监管分局
244,陕西绥德农村商业银行股份有限公司,无,B0247H361080001,农村商业银行,榆林金融监管分局
245,四川江安农村商业银行股份有限公司,Sichuan Jiang′an Rural Commercial Bank Co.，Ltd.,B0248H351150002,农村商业银行,宜宾金融监管分局
246,湖北洪湖农村商业银行股份有限公司,无,B0251H342100001,农村商业银行,荆州金融监管分局
247,安徽蒙城农村商业银行股份有限公司,Anhui MengCheng Rural Commercial Bank Company Limited,B0253H334160001,农村商业银行,亳州金融监管分局
248,安徽广德农村商业银行股份有限公司,无,B0254H334180001,农村商业银行,宣城金融监管分局
249,安徽灵璧农村商业银行股份有限公司,Anhui Lingbi Rural Commercial Bank Company Limited,B0255H334130001,农村商业银行,宿州金融监管分局
250,阜阳颍淮农村商业银行股份有限公司,Fuyang Yinghuai Rural Commercial Bank Company Limited.,B0256H334120001,农村商业银行,阜阳金融监管分局
251,吉林环城农村商业银行股份有限公司,Jilin Huancheng Rural Commercial Bank Company Limited,B0257H322020001,农村商业银行,吉林金融监管分局
252,江西赣昌农村商业银行股份有限公司,"Jiangxi Ganchang Rural Commercial Bank Co.,LTD.",B0263H236010001,农村商业银行,江西金融监管局
253,湖南耒阳农村商业银行股份有限公司,无,B0279H343040001,农村商业银行,衡阳金融监管分局
254,新疆天山农村商业银行股份有限公司,"Xinjiang Tianshan Rural Commercial Bank Co.,LTD.",B0281H265010001,农村商业银行,新疆金融监管局
255,合肥科技农村商业银行股份有限公司,Hefei Science ＆ Technology Rural Commercial Bank Company Limited,B0283H234010001,农村商业银行,安徽金融监管局
256,湖北荆州农村商业银行股份有限公司,无,B0292H342100001,农村商业银行,荆州金融监管分局
257,江西上高农村商业银行股份有限公司,Jiang Xi Shanggao Rural Commercial Bank Co.Ltd,B0293H336090001,农村商业银行,宜春金融监管分局
258,池州九华农村商业银行股份有限公司,无,B0311H334170001,农村商业银行,池州金融监管分局
259,天津滨海农村商业银行股份有限公司,Tianjin Binhai Rural Commercial Bank Corporation,B0313H212000001,农村商业银行,天津金融监管局
260,江西樟树农村商业银行股份有限公司,Jiang Xi ZhangShu Rural Commercial Bank Co.，Ltd,B0315H336090001,农村商业银行,宜春金融监管分局
261,贵州毕节农村商业银行股份有限公司,"Guizhou Bijie Rural Commercial Bank Co., Ltd.",B0318H352240001,农村商业银行,毕节金融监管分局
262,张家界农村商业银行股份有限公司,"ZHANGJIAJIE RURAL COMMERCIAL BANK CO.,LTD",B0322H343080001,农村商业银行,张家界金融监管分局
263,山东博兴农村商业银行股份有限公司,"Shandong Boxing Rural Commercial Bank Co.,Ltd",B0328H337160001,农村商业银行,滨州金融监管分局
264,湖南华容农村商业银行股份有限公司,"Hunan Huarong Rural Commercial Bank Co.,Ltd.",B0332H343060001,农村商业银行,岳阳金融监管分局
265,河北沧州农村商业银行股份有限公司,无,B0334H313090001,农村商业银行,沧州金融监管分局
266,重庆农村商业银行股份有限公司,"Chongqing Rural Commercial Bank Co.,Ltd.",B0335H250000001,农村商业银行,重庆金融监管局
267,湖南吉首农村商业银行股份有限公司,无,B0339H343310001,农村商业银行,湘西金融监管分局
268,江苏射阳农村商业银行股份有限公司,"Jiangsu Sheyang Rural Commercial Bank Co., Ltd",B0346H332090001,农村商业银行,盐城金融监管分局
269,湖南常宁农村商业银行股份有限公司,无,B0350H343040001,农村商业银行,衡阳金融监管分局
270,宁夏黄河农村商业银行股份有限公司,"Ningxia Yellow River Rural Commercial Bank CO., Ltd",B0352H264010001,农村商业银行,宁夏金融监管局
271,益阳农村商业银行股份有限公司,YIYANG RURAL COMMERCIAL BANK CO.，LTD.,B0354H343090001,农村商业银行,益阳金融监管分局
272,四川筠连农村商业银行股份有限公司,Sichuan Junlian Rural Commercial Bank Co.，LTD,B0355H351150002,农村商业银行,宜宾金融监管分局
273,湖北咸宁农村商业银行股份有限公司,无,B0357H342120001,农村商业银行,咸宁金融监管分局
274,河北唐山农村商业银行股份有限公司,Hebei Tangshan Rural Commercial Bank Company Limited,B0360H313020001,农村商业银行,唐山金融监管分局
275,浙江杭州余杭农村商业银行股份有限公司,无,B0361H233010001,农村商业银行,浙江金融监管局
276,新疆沙湾农村商业银行股份有限公司,"Xinjiang Shawan Rural Commercial Bank CO.,LTD.",B0362H365420001,农村商业银行,塔城金融监管分局
277,新疆博湖农村商业银行股份有限公司,Xinjiang Bohu Rural Commercial Bank CO.LTD.,B0363H365280001,农村商业银行,巴音郭楞金融监管分局
278,新疆博乐农村商业银行股份有限公司,"Xinjiang Bole Rural Commercial Bank CO.,LTD.",B0364H365270001,农村商业银行,博尔塔拉金融监管分局
279,青海玉树农村商业银行股份有限公司,"QINGHAI YUSHU RURAL COMMERCIAL BANK CO.,LTD.",B0365H363270001,农村商业银行,玉树金融监管分局
280,浙江舟山普陀农村商业银行股份有限公司,"Zhejiang Zhoushan Putuo Rural Commercial Bank Co., Ltd.",B0366H333090001,农村商业银行,舟山金融监管分局
281,河南汴京农村商业银行股份有限公司,Henan Bianjing Rural Commercial Bank Company Limited,B0367H341020001,农村商业银行,开封金融监管分局
282,四川古蔺农村商业银行股份有限公司,"Sichuan GuLin Rural Commercial Bank Co., LTD",B0368H351050002,农村商业银行,泸州金融监管分局
283,四川合江农村商业银行股份有限公司,Sichuan Hejiang Rural Commercial Bank Co.，Ltd.,B0370H351050002,农村商业银行,泸州金融监管分局
284,宁波奉化农村商业银行股份有限公司,无,B0371H233020001,农村商业银行,宁波金融监管局
285,浙江新昌农村商业银行股份有限公司,无,B0372H333060001,农村商业银行,绍兴金融监管分局
286,浙江嘉善农村商业银行股份有限公司,无,B0373H333040001,农村商业银行,嘉兴金融监管分局
287,河南汝州农村商业银行股份有限公司,Henan Ruzhou Rural Commercial Bank Company limited,B0374H341040001,农村商业银行,平顶山金融监管分局
288,贵州瓮安农村商业银行股份有限公司,无,B0375H352270001,农村商业银行,黔南金融监管分局
289,广东惠东农村商业银行股份有限公司,Guangdong Huidong Rural Commercial Bank Company Limited,B0376H344130001,农村商业银行,惠州金融监管分局
290,陕西旬阳农村商业银行股份有限公司,ShaanXi XunYang Rural Commercial Bank Company Limited,B0377H361090001,农村商业银行,安康金融监管分局
291,铜仁农村商业银行股份有限公司,无,B0381H352220001,农村商业银行,铜仁金融监管分局
292,吉林敦化农村商业银行股份有限公司,Jilin Dunhua Rural Commercial Bank Company Limited,B0382H322240001,农村商业银行,延边金融监管分局
293,吉林珲春农村商业银行股份有限公司,Jilin Hunchun Rural Commercial Bank Company Limited,B0383H322240001,农村商业银行,延边金融监管分局
294,河南许昌许都农村商业银行股份有限公司,Henan Xuchang Xudu Rural Commercial Bank Company Limited,B0384H341100001,农村商业银行,许昌金融监管分局
295,湖北恩施农村商业银行股份有限公司,无,B0385H342280001,农村商业银行,恩施金融监管分局
296,福建沙县农村商业银行股份有限公司,Fujian Shaxian Rural Commercial Bank Company Limited,B0386H335040001,农村商业银行,三明金融监管分局
297,湖南古丈农村商业银行股份有限公司,无,B0387H343310001,农村商业银行,湘西金融监管分局
298,安徽祁门农村商业银行股份有限公司,AnHui QiMen Rural Commercial Bank Company Limited,B0388H334100001,农村商业银行,黄山金融监管分局
299,安顺农村商业银行股份有限公司,无,B0389H352040001,农村商业银行,安顺金融监管分局
300,山西长治黎都农村商业银行股份有限公司,"Shanxi Changzhi Lidu Rural Commercial Bank Co.,Ltd.",B0390H314040001,农村商业银行,长治金融监管分局
301,贵州独山农村商业银行股份有限公司,无,B0391H352270001,农村商业银行,黔南金融监管分局
302,湖南蓝山农村商业银行股份有限公司,无,B0392H343110001,农村商业银行,永州金融监管分局
303,湖南凤凰农村商业银行股份有限公司,"Hunan Fenghuang Rural Commercial Bank Co.,Ltd.",B0393H343310001,农村商业银行,湘西金融监管分局
304,宁夏灵武农村商业银行股份有限公司,"Ningxia LingWu Rural Commercial Bank CO., Ltd",B0394H264010001,农村商业银行,宁夏金融监管局
305,湖南韶山农村商业银行股份有限公司,"Hunan Shaoshan Rural Commercial Bank Co.,Ltd.",B0395H343030001,农村商业银行,湘潭金融监管分局
306,安徽东至农村商业银行股份有限公司,无,B0396H334170001,农村商业银行,池州金融监管分局
307,宁夏石嘴山农村商业银行股份有限公司,"Ningxia Shizuishan Rural Commercial Bank CO., Ltd",B0397H364020001,农村商业银行,石嘴山金融监管分局
308,山西长子农村商业银行股份有限公司,Shanxi Zhangzi Rrual Commercial Bank Corporation,B0398H314040001,农村商业银行,长治金融监管分局
309,山东禹城农村商业银行股份有限公司,无,B0399H337140001,农村商业银行,德州金融监管分局
310,河南汝阳农村商业银行股份有限公司,Henan RuYang Rural Commercial Bank Company Limited,B0400H341030001,农村商业银行,洛阳金融监管分局
311,山东齐河农村商业银行股份有限公司,无,B0401H337140001,农村商业银行,德州金融监管分局
312,广东博罗农村商业银行股份有限公司,Guangdong Boluo Rural Commercial Bank Company Limited,B0402H344130001,农村商业银行,惠州金融监管分局
313,河南西峡农村商业银行股份有限公司,Henan Xixia Rural Commercial Bank Company Limited,B0403H341130001,农村商业银行,南阳金融监管分局
314,浙江安吉农村商业银行股份有限公司,"Zhejiang Anji Rural Commercial Bank Co.,Ltd.",B0405H333050001,农村商业银行,湖州金融监管分局
315,湖北赤壁农村商业银行股份有限公司,无,B0406H342120001,农村商业银行,咸宁金融监管分局
316,贵州仁怀茅台农村商业银行股份有限公司,"Guizhou Renhuai Maotai Rural Commercial Bank Co.,Ltd.",B0407H352030001,农村商业银行,遵义金融监管分局
317,河南正阳农村商业银行股份有限公司,Henan Zhengyang Rural Commercial Bank Company Limited,B0408H341170001,农村商业银行,驻马店金融监管分局
318,聊城农村商业银行股份有限公司,"Liaocheng Rural Commercial Bank CO.,Ltd",B0410H337150001,农村商业银行,聊城金融监管分局
319,山东宁阳农村商业银行股份有限公司,Shandong Ningyang Rural Commercial Bank CO.，Ltd,B0411H337090001,农村商业银行,泰安金融监管分局
320,山东五莲农村商业银行股份有限公司,"Shandong Wulian Rural Commercial Bank CO.,Ltd",B0412H337110001,农村商业银行,日照金融监管分局
321,安徽凤阳农村商业银行股份有限公司,"Anhui Fengyang Rural Commercial Bank Co.,Ltd",B0413H334110001,农村商业银行,滁州金融监管分局
322,山东沂水农村商业银行股份有限公司,"Shandong Yishui Rural Commercial Bank Co.,Ltd",B0414H337130001,农村商业银行,临沂金融监管分局
323,浙江乐清农村商业银行股份有限公司,Zhejiang Yueqing Rural Commercial Bank Company Limited,B0415H333030001,农村商业银行,温州金融监管分局
324,山东郓城农村商业银行股份有限公司,"Shandong Yuncheng Rural Commercial Bank CO.,Ltd",B0416H337170001,农村商业银行,菏泽金融监管分局
325,山东邹城农村商业银行股份有限公司,"Shandong Zoucheng Rural Commercial Bank Co.,Ltd",B0417H337080001,农村商业银行,济宁金融监管分局
326,浙江衢州柯城农村商业银行股份有限公司,ZheJiang QuZhou KeCheng Rural Commercial Bank Company Limited,B0418H333080001,农村商业银行,衢州金融监管分局
327,贵州花溪农村商业银行股份有限公司,Huaxi Rural Commercial Bank,B0419H252010001,农村商业银行,贵州金融监管局
328,吉林德惠农村商业银行股份有限公司,Jilin Dehui Rural Commercial Bank Company Limited,B0420H222010001,农村商业银行,吉林金融监管局
329,广东东源农村商业银行股份有限公司,Guangdong Dongyuan Rural Commercial Bank Company Limited,B0421H344160001,农村商业银行,河源金融监管分局
330,安徽郎溪农村商业银行股份有限公司,无,B0422H334180001,农村商业银行,宣城金融监管分局
331,安徽宁国农村商业银行股份有限公司,无,B0423H334180001,农村商业银行,宣城金融监管分局
332,贵州凯里农村商业银行股份有限公司,无,B0424H352260001,农村商业银行,黔东南金融监管分局
333,白城农村商业银行股份有限公司,Baicheng Rural Commercial Bank Company Limited,B0426H322080001,农村商业银行,白城金融监管分局
334,吉林磐石农村商业银行股份有限公司,Jilin Panshi Rural Commercial Bank Company Limited,B0427H322020001,农村商业银行,吉林金融监管分局
335,长春发展农村商业银行股份有限公司,Changchun Development Rural Commercial Bank Company Limited,B0428H222010001,农村商业银行,吉林金融监管局
336,广东揭东农村商业银行股份有限公司,Guangdong Jiedong Rural Commercial Bank Company Limited,B0430H344520001,农村商业银行,揭阳金融监管分局
337,浙江丽水莲都农村商业银行股份有限公司,"Zhejiang Lishui Liandu Rural Commercial Bank CO., Ltd.",B0431H333110001,农村商业银行,丽水金融监管分局
338,汕尾农村商业银行股份有限公司,Shanwei Rural Commercial Bank Company Limited,B0432H344150001,农村商业银行,汕尾金融监管分局
339,河南安阳商都农村商业银行股份有限公司,HeNan AnYang Rural Commercial Bank Company Limited,B0433H341050001,农村商业银行,安阳金融监管分局
340,山西忻州农村商业银行股份有限公司,"Shanxi Xinzhou Rural Commercial Bank Co.,Ltd.",B0434H314090001,农村商业银行,忻州金融监管分局
341,贵州兴仁农村商业银行股份有限公司,"Guizhou Xingren Rural Commercial Bank Co., Ltd.",B0437H352230001,农村商业银行,黔西南金融监管分局
342,贵州安龙农村商业银行股份有限公司,"Guizhou anlong Rural Commercial Bank Co., Ltd.",B0438H352230001,农村商业银行,黔西南金融监管分局
343,贵州贞丰农村商业银行股份有限公司,"Guizhou Zhenfeng Rural Commercial Bank CO.,Ltd .",B0439H352230001,农村商业银行,黔西南金融监管分局
344,山西平遥农村商业银行股份有限公司,Shanxi Pingyao Rural Commercial Bank Corporation,B0441H314070001,农村商业银行,晋中金融监管分局
345,湖北蕲春农村商业银行股份有限公司,无,B0442H342110001,农村商业银行,黄冈金融监管分局
346,浙江永嘉农村商业银行股份有限公司,Zhejiang Yongjia Rural Commercial Bank Company Limited.,B0443H333030001,农村商业银行,温州金融监管分局
347,山东莘县农村商业银行股份有限公司,"Shandong Shenxian Rural Commercial Bank CO., Ltd",B0444H337150001,农村商业银行,聊城金融监管分局
348,江西丰城农村商业银行股份有限公司,Jiangxi Fengcheng Rural Commercial Bank Co.，Ltd.,B0445H336090001,农村商业银行,宜春金融监管分局
349,山东莒县农村商业银行股份有限公司,"Shandong Juxian Rural Commercial Bank CO.,Ltd",B0446H337110001,农村商业银行,日照金融监管分局
350,上饶农村商业银行股份有限公司,"ShangRao Rural Commercial Bank Co.,Ltd",B0447H336110001,农村商业银行,上饶金融监管分局
351,江西遂川农村商业银行股份有限公司,"Jiangxi suichuan Rural Commercial Bank Co.,Ltd",B0448H336080001,农村商业银行,吉安金融监管分局
352,安徽怀远农村商业银行股份有限公司,Anhui Huaiyuan Rural Commercial Bank Company Limited,B0449H334030001,农村商业银行,蚌埠金融监管分局
353,浙江温州瓯海农村商业银行股份有限公司,Zhejiang Wenzhou Ouhai Rural Commercial Bank Company Limited,B0450H333030001,农村商业银行,温州金融监管分局
354,浙江瑞安农村商业银行股份有限公司,"ZheJiang RuiAn Rural Commercial Bank Co.,Ltd",B0451H333030001,农村商业银行,温州金融监管分局
355,浙江苍南农村商业银行股份有限公司,Zhejiang Cangnan Rural Commercial Bank Company Limited,B0452H333030001,农村商业银行,温州金融监管分局
356,山东成武农村商业银行股份有限公司,Shandong Chengwu Rural Commercial Bank CO.，Ltd,B0455H337170001,农村商业银行,菏泽金融监管分局
357,安徽含山农村商业银行股份有限公司,AnHui HanShan Rural Commercial Bank Company Limited,B0456H334050001,农村商业银行,马鞍山金融监管分局
358,山东长岛农村商业银行股份有限公司,无,B0457H337060001,农村商业银行,烟台金融监管分局
359,武威农村商业银行股份有限公司,Wuwei Rural Commercial Bank Company Limited,B0458H362060001,农村商业银行,武威金融监管分局
360,河北正定农村商业银行股份有限公司,无,B0460H213010001,农村商业银行,河北金融监管局
361,安徽枞阳农村商业银行股份有限公司,Anhui ZongYang Rural Commercial Bank Company Limited,B0461H334070001,农村商业银行,铜陵金融监管分局
362,山东高唐农村商业银行股份有限公司,"Shandong Gaotang Rural Commercial Bank CO., Ltd",B0463H337150001,农村商业银行,聊城金融监管分局
363,贵州紫云农村商业银行股份有限公司,无,B0464H352040001,农村商业银行,安顺金融监管分局
364,安徽利辛农村商业银行股份有限公司,Anhui LiXin Rural Commercial Bank Company Limited,B0465H334160001,农村商业银行,亳州金融监管分局
365,安徽固镇农村商业银行股份有限公司,Anhui GuZhen Rural Commercial Bank Company Limited,B0466H334030001,农村商业银行,蚌埠金融监管分局
366,湖北枣阳农村商业银行股份有限公司,无,B0467H342060001,农村商业银行,襄阳金融监管分局
367,雅安农村商业银行股份有限公司,"Yaan Rural Commercial Bank Co.,Ltd.",B0470H351180001,农村商业银行,雅安金融监管分局
368,山西襄垣农村商业银行股份有限公司,"Shanxi Xiangyaun Rural Commercial Bank Co.,Ltd",B0471H314040001,农村商业银行,长治金融监管分局
369,黑龙江绥芬河农村商业银行股份有限公司,Heilongjiang Suifenhe Rural Commercial Bank Company Limited,B0472H323100001,农村商业银行,牡丹江金融监管分局
370,湖北红安农村商业银行股份有限公司,无,B0473H342110001,农村商业银行,黄冈金融监管分局
371,河北献县农村商业银行股份有限公司,Hebei Xianxian Rural Commercial Bank Company Limited,B0475H313090001,农村商业银行,沧州金融监管分局
372,山东郯城农村商业银行股份有限公司,"Shandong Tancheng Rural Commercial Bank Co.,Ltd",B0476H337130001,农村商业银行,临沂金融监管分局
373,山东蒙阴农村商业银行股份有限公司,Shandong Mengyin Rural Commercial Bank Co.，Ltd,B0477H337130001,农村商业银行,临沂金融监管分局
374,六安农村商业银行股份有限公司,Lu’an Rural Commercial Bank Company Limited,B0479H334150001,农村商业银行,六安金融监管分局
375,安徽凤台农村商业银行股份有限公司,无,B0480H334040001,农村商业银行,淮南金融监管分局
376,安徽宿州农村商业银行股份有限公司,Anhui Suzhou Rural Commercial Bank Company Limited,B0481H334130001,农村商业银行,宿州金融监管分局
377,安徽五河农村商业银行股份有限公司,Anhui WuHe Rural Commercial Bank Company Limited,B0482H334030001,农村商业银行,蚌埠金融监管分局
378,湖北来凤农村商业银行股份有限公司,无,B0483H342280001,农村商业银行,恩施金融监管分局
379,江苏洪泽农村商业银行股份有限公司,"JIANGSU HONGZE RURAL COMMERCIAL BANK CO.,LTD.",B0484H332080001,农村商业银行,淮安金融监管分局
380,江西会昌农村商业银行股份有限公司,"Jiang Xi Hui Chang Rural Commercial Bank Co.,Ltd",B0485H336070001,农村商业银行,赣州金融监管分局
381,湖北孝昌农村商业银行股份有限公司,无,B0486H342090001,农村商业银行,孝感金融监管分局
382,湖北黄梅农村商业银行股份有限公司,无,B0488H342110001,农村商业银行,黄冈金融监管分局
383,浙江金华成泰农村商业银行股份有限公司,ZheJiang Jinhua Chengtai Rural Commercial Bank Company Limited,B0489H333070001,农村商业银行,金华金融监管分局
384,湖北罗田农村商业银行股份有限公司,无,B0490H342110001,农村商业银行,黄冈金融监管分局
385,湖南邵东农村商业银行股份有限公司,无,B0491H343050001,农村商业银行,邵阳金融监管分局
386,湖北孝感农村商业银行股份有限公司,无,B0492H342090001,农村商业银行,孝感金融监管分局
387,广西临桂农村商业银行股份有限公司,"Guangxi Lingui Rural Commercial Bank Co.,Ltd",B0493H345030001,农村商业银行,桂林金融监管分局
388,湖南津市农村商业银行股份有限公司,"Hunan Jinshi Rural Commercial Bank Co.,Ltd.",B0494H343070001,农村商业银行,常德金融监管分局
389,湖南双峰农村商业银行股份有限公司,"HUNAN SHUANGFENG RURAL COMMERCIAL BANK CO.,LTD",B0495H343130001,农村商业银行,娄底金融监管分局
390,四川武胜农村商业银行股份有限公司,SichuanWusheng Rural Commercial Bank Co.，Ltd,B0496H351160001,农村商业银行,广安金融监管分局
391,陕西彬州农村商业银行股份有限公司,无,B0497H361040001,农村商业银行,咸阳金融监管分局
392,陕西柞水农村商业银行股份有限公司,ShaanXi Zhashui Rural Commercial Bank Company Limited,B0498H361100001,农村商业银行,商洛金融监管分局
393,河北唐山曹妃甸农村商业银行股份有限公司,Hebei Tangshan Caofeidian Rural Commercial Bank Company Limited,B0499H313020001,农村商业银行,唐山金融监管分局
394,陕西平利农村商业银行股份有限公司,Shaanxi Pingli Rural Commercial Bank Company Limited,B0500H361090001,农村商业银行,安康金融监管分局
395,陕西商南农村商业银行股份有限公司,ShaanXi Shangnan Rural Commercial Bank Company Limited,B0501H361100001,农村商业银行,商洛金融监管分局
396,陕西靖边农村商业银行股份有限公司,无,B0503H361080001,农村商业银行,榆林金融监管分局
397,山西夏县农村商业银行股份有限公司,Shanxi Xiaxian Rural Commercial Bank Corporation,B0504H314080001,农村商业银行,运城金融监管分局
398,湖南麻阳农村商业银行股份有限公司,"Hunan Mayang Rural Commercial Bank Co.,Ltd.",B0506H343120001,农村商业银行,怀化金融监管分局
399,贵州都匀农村商业银行股份有限公司,无,B0507H352270001,农村商业银行,黔南金融监管分局
400,郴州农村商业银行股份有限公司,无,B0508H343100001,农村商业银行,郴州金融监管分局
401,江西万载农村商业银行股份有限公司,"JiangXi WanZai Rural Commercial Bank Co.,Ltd",B0510H336090001,农村商业银行,宜春金融监管分局
402,广西鹿寨农村商业银行股份有限公司,"Guangxi Luzhai Rural Commercial Bank Co.,Ltd",B0511H345020001,农村商业银行,柳州金融监管分局
403,四川大英农村商业银行股份有限公司,"Sichuan Daying Rural Commercial Bank Co.,Ltd",B0512H351090001,农村商业银行,遂宁金融监管分局
404,山东东阿农村商业银行股份有限公司,"Shandong Dong’e Rural Commercial Bank Co.,Ltd",B0513H337150001,农村商业银行,聊城金融监管分局
405,湖北黄冈农村商业银行股份有限公司,无,B0515H342110001,农村商业银行,黄冈金融监管分局
406,贵州平塘农村商业银行股份有限公司,"Guizhou Pingtang Rural Commercial Bank Co.,Ltd.",B0516H352270001,农村商业银行,黔南金融监管分局
407,贵州思南农村商业银行股份有限公司,无,B0517H352220001,农村商业银行,铜仁金融监管分局
408,广西岑溪农村商业银行股份有限公司,"Guangxi Cenxi Rural Commercial Bank co.,Ltd.",B0518H345040001,农村商业银行,梧州金融监管分局
409,湖北神农架农村商业银行股份有限公司,无,B0519H242900001,农村商业银行,神农架直管组
410,新疆伊犁农村商业银行股份有限公司,"Xinjiang Yili Rural Commercial Bank Co., Ltd.",B0520H365400001,农村商业银行,伊犁金融监管分局
411,四川高县农村商业银行股份有限公司,"Sichuan Gaoxian Rural Commercial Bank Co.,Ltd",B0521H351150001,农村商业银行,宜宾金融监管分局
412,贵州荔波农村商业银行股份有限公司,无,B0522H352270001,农村商业银行,黔南金融监管分局
413,湖北建始农村商业银行股份有限公司,无,B0523H342280001,农村商业银行,恩施金融监管分局
414,四川屏山农村商业银行股份有限公司,"Sichuan Pingshan Rural Commercial Bank Co.,Ltd.",B0524H351150001,农村商业银行,宜宾金融监管分局
415,安徽涡阳农村商业银行股份有限公司,Anhui GuoYang Rural Commercial Bank Company Limited,B0525H334160001,农村商业银行,亳州金融监管分局
416,广东龙门农村商业银行股份有限公司,Guangdong Longmen Rural Commercial Bank Company Limited,B0526H344130001,农村商业银行,惠州金融监管分局
417,日照岚山农村商业银行股份有限公司,"Rizhao Lanshan Rural Commercial Bank Co.,Ltd",B0527H337110001,农村商业银行,日照金融监管分局
418,湖北天门农村商业银行股份有限公司,无,B0528H242900001,农村商业银行,天门直管组
419,枣庄农村商业银行股份有限公司,Zaozhuang Rural Commercial Bank Co.， Ltd,B0529H337040001,农村商业银行,枣庄金融监管分局
420,嘉峪关农村商业银行股份有限公司,Jiayuguan Rural Commercial Bank Company Limited,B0530H362020001,农村商业银行,嘉峪关金融监管分局
421,湖南祁阳农村商业银行股份有限公司,"Hunan QiYang Rural Commercial Bank Co.,Ltd.",B0533H343110001,农村商业银行,永州金融监管分局
422,贵州三穗农村商业银行股份有限公司,"Guizhou Zhenyuan Rural Commercial Bank Co.,Ltd.",B0534H352260001,农村商业银行,黔东南金融监管分局
423,湖北宜城农村商业银行股份有限公司,无,B0535H342060001,农村商业银行,襄阳金融监管分局
424,贵州清镇农村商业银行股份有限公司,"GuiZhou QingZhen Rural Commercial Bank Co.,Ltd.",B0536H252010001,农村商业银行,贵州金融监管局
425,贵州织金农村商业银行股份有限公司,无,B0537H352240001,农村商业银行,毕节金融监管分局
426,湖南江永农村商业银行股份有限公司,无,B0540H343110001,农村商业银行,永州金融监管分局
427,贵州黔西农村商业银行股份有限公司,无,B0541H352240001,农村商业银行,毕节金融监管分局
428,安徽颍上农村商业银行股份有限公司,Anhui YingShang Rural Commercial Bank Company Limited.,B0542H334120001,农村商业银行,阜阳金融监管分局
429,菏泽农村商业银行股份有限公司,"Heze Rural Commercial Bank CO.,Ltd",B0543H337170001,农村商业银行,菏泽金融监管分局
430,陕西宝鸡渭滨农村商业银行股份有限公司,无,B0545H361030001,农村商业银行,宝鸡金融监管分局
431,青海互助农村商业银行股份有限公司,"QINGHAI HUZHU RURAL COMMERCIAL BANK CO.,LTD",B0546H363210001,农村商业银行,海东金融监管分局
432,青海大通农村商业银行股份有限公司,"QINGHAI DATONG RURAL COMMERCIAL BANK CO.,LTD",B0547H263010001,农村商业银行,青海金融监管局
433,陕西陇县农村商业银行股份有限公司,无,B0548H361030001,农村商业银行,宝鸡金融监管分局
434,贵州黎平农村商业银行股份有限公司,"Guizhou Liping Rural Commercial Bank Co., Ltd.",B0549H352260001,农村商业银行,黔东南金融监管分局
435,湖北汉川农村商业银行股份有限公司,无,B0550H342090001,农村商业银行,孝感金融监管分局
436,湖北鹤峰农村商业银行股份有限公司,无,B0551H342280001,农村商业银行,恩施金融监管分局
437,贵州麻江农村商业银行股份有限公司,"Guizhou Majiang Rural Commercial Bank Co.,Ltd",B0553H352260001,农村商业银行,黔东南金融监管分局
438,贵州天柱农村商业银行股份有限公司,无,B0554H352260001,农村商业银行,黔东南金融监管分局
439,四川威远农村商业银行股份有限公司,"Si chuan Weiyuan Rural Commercial Bank Co.,Ltd",B0555H351100001,农村商业银行,内江金融监管分局
440,江西高安农村商业银行股份有限公司,JiangXi Gaoan Rural Commercial Bank Co.，Ltd,B0556H336090001,农村商业银行,宜春金融监管分局
441,鹤壁农村商业银行股份有限公司,Hebi Rural Commercial Bank Company Limited,B0557H341060001,农村商业银行,鹤壁金融监管分局
442,贵州从江农村商业银行股份有限公司,"Guizhou CongJiang Rural Commercial Bank Co.,Ltd",B0558H352260001,农村商业银行,黔东南金融监管分局
443,贵州黄平农村商业银行股份有限公司,无,B0559H352260001,农村商业银行,黔东南金融监管分局
444,河北衡水农村商业银行股份有限公司,Hebei Hengshui Rural Commercial Bank Company Limited,B0560H313110001,农村商业银行,衡水金融监管分局
445,河北阜城农村商业银行股份有限公司,"Hebei Fucheng Rural Commercial Bank Co., Ltd",B0561H313110001,农村商业银行,衡水金融监管分局
446,吉林靖宇农村商业银行股份有限公司,Jilin Jingyu Rural Commercial Bank Company Limited,B0562H322060001,农村商业银行,白山金融监管分局
447,安徽阜南农村商业银行股份有限公司,Anhui FuNan Rural Commercial Bank Company Limited.,B0563H334120001,农村商业银行,阜阳金融监管分局
448,湖南汝城农村商业银行股份有限公司,无,B0564H343100001,农村商业银行,郴州金融监管分局
449,湖南醴陵农村商业银行股份有限公司,"HUNAN LILING RURAL COMMERCIAL BANK CO.,LTD",B0565H343020001,农村商业银行,株洲金融监管分局
450,湖北通城农村商业银行股份有限公司,无,B0566H342120001,农村商业银行,咸宁金融监管分局
451,浙江萧山农村商业银行股份有限公司,无,B0567H233010001,农村商业银行,浙江金融监管局
452,河南宜阳农村商业银行股份有限公司,Henan Yiyang Rural Commercial Bank Company Limited,B0568H341030001,农村商业银行,洛阳金融监管分局
453,湖北监利农村商业银行股份有限公司,无,B0569H342100001,农村商业银行,荆州金融监管分局
454,甘肃临洮农村商业银行股份有限公司,无,B0570H362110001,农村商业银行,定西金融监管分局
455,陕西汉阴农村商业银行股份有限公司,Hanyin Rural Commercial Bank,B0571H361090001,农村商业银行,安康金融监管分局
456,陕西紫阳农村商业银行股份有限公司,ZiYang Rural Commercial Bank,B0572H361090001,农村商业银行,安康金融监管分局
457,陕西吴堡农村商业银行股份有限公司,无,B0573H361080001,农村商业银行,榆林金融监管分局
458,陕西佳县农村商业银行股份有限公司,无,B0574H361080001,农村商业银行,榆林金融监管分局
459,吉林汪清农村商业银行股份有限公司,Jilin Wangqing Rural Commercial Bank Company Limited,B0575H322240001,农村商业银行,延边金融监管分局
460,陕西清涧农村商业银行股份有限公司,无,B0576H361080001,农村商业银行,榆林金融监管分局
461,吉林安图农村商业银行股份有限公司,Jilin Antu Rural Commercial Bank Company Limited,B0577H322240001,农村商业银行,延边金融监管分局
462,湖北广水农村商业银行股份有限公司,无,B0578H342130001,农村商业银行,随州金融监管分局
463,浙江上虞农村商业银行股份有限公司,无,B0579H333060001,农村商业银行,绍兴金融监管分局
464,山东庆云农村商业银行股份有限公司,无,B0581H337140001,农村商业银行,德州金融监管分局
465,通化农村商业银行股份有限公司,Tonghua Rural Commercial Bank Company Limited,B0582H322050001,农村商业银行,通化金融监管分局
466,广东平远农村商业银行股份有限公司,Guangdong Pingyuan Rural Commercial Bank Company Limited,B0583H344140001,农村商业银行,梅州金融监管分局
467,广西崇左农村商业银行股份有限公司,"Guangxi Chongzuo Rural Commercial Bank Co.,Ltd.",B0584H345140001,农村商业银行,崇左金融监管分局
468,浙江海宁农村商业银行股份有限公司,无,B0585H333040001,农村商业银行,嘉兴金融监管分局
469,安徽萧县农村商业银行股份有限公司,Anhui Xiaoxian Rural Commercial Bank Company Limited,B0586H334130001,农村商业银行,宿州金融监管分局
470,陕西石泉农村商业银行股份有限公司,Shaanxi Shiquan Rural Commercial Bank Company Limited,B0587H361090001,农村商业银行,安康金融监管分局
471,安徽岳西农村商业银行股份有限公司,Anhui Yuexi Rural Commercial Bank Company Limited.,B0588H334080001,农村商业银行,安庆金融监管分局
472,黑龙江孙吴农村商业银行股份有限公司,HeiLongJiang SunWu Rural Commercial Bank Company Limited,B0590H323110001,农村商业银行,黑河金融监管分局
473,山西泽州农村商业银行股份有限公司,Shanxi Zezhou Rural Commercial Bank Corporation,B0592H314050001,农村商业银行,晋城金融监管分局
474,山西壶关农村商业银行股份有限公司,"Shanxi Huguan Rural Commercial Bank Co.,Ltd.",B0594H314040001,农村商业银行,长治金融监管分局
475,浙江天台农村商业银行股份有限公司,ZheJiang Tiantai Rural Commercial Bank Company Limited,B0595H333100001,农村商业银行,台州金融监管分局
476,湖南攸县农村商业银行股份有限公司,无,B0596H343020001,农村商业银行,株洲金融监管分局
477,四川梓潼农村商业银行股份有限公司,"Sichuan ZiTong Rural Commercial Bank Co.,Ltd",B0597H351070001,农村商业银行,绵阳金融监管分局
478,山西临猗农村商业银行股份有限公司,Shanxi Linyi Rural Commercial Bank Corporation,B0598H314080001,农村商业银行,运城金融监管分局
479,山西浮山农村商业银行股份有限公司,Shanxi Fushan Rural Commercial Bank Corporation,B0599H314100001,农村商业银行,临汾金融监管分局
480,湖南南岳农村商业银行股份有限公司,无,B0600H343040001,农村商业银行,衡阳金融监管分局
481,吉林永吉农村商业银行股份有限公司,Jilin Yongji Rural Commercial Bank Company Limited,B0601H322020001,农村商业银行,吉林金融监管分局
482,大庆农村商业银行股份有限公司,Daqing Rural Commercial Bank Company Limited,B0602H323060001,农村商业银行,大庆金融监管分局
483,江西宜丰农村商业银行股份有限公司,Jiangxi Yifeng Rural Commercial Bank Co.，Ltd.,B0603H336090001,农村商业银行,宜春金融监管分局
484,萍乡农村商业银行股份有限公司,Pingxiang Rural Commercial Bank Co.， Ltd.,B0604H336030001,农村商业银行,萍乡金融监管分局
485,宁波慈溪农村商业银行股份有限公司,无,B0605H233020001,农村商业银行,宁波金融监管局
486,浙江青田农村商业银行股份有限公司,Zhejiang Qingtian Rural Commercial Bank Company Limited,B0607H333110001,农村商业银行,丽水金融监管分局
487,山东阳谷农村商业银行股份有限公司,"Shandong Yanggu Rural Commercial Bank Co.,Ltd",B0608H337150001,农村商业银行,聊城金融监管分局
488,安徽临泉农村商业银行股份有限公司,Anhui Linquan Rural Commercial Bank Company Limited.,B0609H334120001,农村商业银行,阜阳金融监管分局
489,安徽太和农村商业银行股份有限公司,Anhui Taihe Rural Commercial Bank Company Limited.,B0610H334120001,农村商业银行,阜阳金融监管分局
490,江西金溪农村商业银行股份有限公司,"Jiangxi Jinxi Rural Commercial Bank Co.,Ltd",B0611H336100001,农村商业银行,抚州金融监管分局
491,广西大新农村商业银行股份有限公司,"Guangxi Daxin Rural Commercial Bank Co.,Ltd",B0612H345140001,农村商业银行,崇左金融监管分局
492,河北宁晋农村商业银行股份有限公司,Hebei Ningjin Rural Commercial Bank Company Limited,B0613H313050001,农村商业银行,邢台金融监管分局
493,安徽肥东农村商业银行股份有限公司,Anhui Feidong Rural Commercial Bank Company Limited,B0614H334010001,农村商业银行,巢湖金融监管分局
494,浙江江山农村商业银行股份有限公司,ZheJiang JiangShan Rural Commercial Bank Company Limited,B0616H333080001,农村商业银行,衢州金融监管分局
495,浙江永康农村商业银行股份有限公司,ZheJiang Yongkang Rural Commercial Bank Company Limited,B0617H333070001,农村商业银行,金华金融监管分局
496,安徽宿松农村商业银行股份有限公司,Anhui Susong Rural Commercial Bank Company Limited.,B0618H334080001,农村商业银行,安庆金融监管分局
497,湖南邵阳昭阳农村商业银行股份有限公司,无,B0619H343050001,农村商业银行,邵阳金融监管分局
498,山西介休农村商业银行股份有限公司,"Shanxi Jiexiu Rural Commercial Bank Co.,Ltd.",B0620H314070001,农村商业银行,晋中金融监管分局
499,江苏东海农村商业银行股份有限公司,JIANGSU DONGHAI RURAL COMMERCIAL BANK CO.，LTD,B0621H332070001,农村商业银行,连云港金融监管分局
500,浙江东阳农村商业银行股份有限公司,Zhejiang Dongyang Rural Commercial Bank Company Limited,B0622H333070001,农村商业银行,金华金融监管分局
501,四川珙县农村商业银行股份有限公司,"Sichuan Gongxian Rural Commercial Bank Co.,Ltd",B0623H351150001,农村商业银行,宜宾金融监管分局
502,安徽砀山农村商业银行股份有限公司,Anhui Dangshan Rural Commercial Bank Company Limited,B0624H334130001,农村商业银行,宿州金融监管分局
503,湖北嘉鱼农村商业银行股份有限公司,无,B0625H342120001,农村商业银行,咸宁金融监管分局
504,安徽明光农村商业银行股份有限公司,Anhui Mingguang Rural Commercial Bank Company Limited,B0626H334110001,农村商业银行,滁州金融监管分局
505,安徽全椒农村商业银行股份有限公司,Anhui Quanjiao Rural Commercial Bank Company Limited,B0627H334110001,农村商业银行,滁州金融监管分局
506,安徽叶集农村商业银行股份有限公司,Anhui Yeji Rural Commercial Bank Company Limited,B0628H334150001,农村商业银行,六安金融监管分局
507,安徽怀宁农村商业银行股份有限公司,AnHui HuaiNing Rural Commercial Bank Company Limited.,B0629H334080001,农村商业银行,安庆金融监管分局
508,湖北安陆农村商业银行股份有限公司,无,B0630H342090001,农村商业银行,孝感金融监管分局
509,新疆昌吉农村商业银行股份有限公司,"Xinjiang Changji Rural Commercial Bank Co．,Ltd",B0631H365230001,农村商业银行,昌吉金融监管分局
510,湖南城步农村商业银行股份有限公司,无,B0632H343050001,农村商业银行,邵阳金融监管分局
511,湖南娄底农村商业银行股份有限公司,"HUNAN LOUDI RURAL COMMERCIAL BANK CO.,LTD.",B0633H343130001,农村商业银行,娄底金融监管分局
512,河北怀来农村商业银行股份有限公司,无,B0634H313070001,农村商业银行,张家口金融监管分局
513,河北武强农村商业银行股份有限公司,"Hebei Wuqiang Rural Commercial Bank Co., Ltd",B0636H313110001,农村商业银行,衡水金融监管分局
514,安徽寿县农村商业银行股份有限公司,无,B0637H334040001,农村商业银行,淮南金融监管分局
515,安徽舒城农村商业银行股份有限公司,Anhui Shucheng Rural Commercial Bank Company Limited,B0638H334150001,农村商业银行,六安金融监管分局
516,安徽霍山农村商业银行股份有限公司,Anhui Huoshan Rural Commercial Bank Company Limited,B0639H334150001,农村商业银行,六安金融监管分局
517,浙江富阳农村商业银行股份有限公司,无,B0640H233010001,农村商业银行,浙江金融监管局
518,济南农村商业银行股份有限公司,无,B0641H237010001,农村商业银行,山东金融监管局
519,定西农村商业银行股份有限公司,无,B0642H362110001,农村商业银行,定西金融监管分局
520,山西平顺农村商业银行股份有限公司,Shanxi Pingshun Rural Commercial Bank Corporation,B0643H314040001,农村商业银行,长治金融监管分局
521,湖北沙洋农村商业银行股份有限公司,无,B0644H342080001,农村商业银行,荆门金融监管分局
522,四川苍溪农村商业银行股份有限公司,"Sichuan Cangxi Rural Commercial Bank Co.,Ltd",B0645H351080001,农村商业银行,广元金融监管分局
523,安徽泗县农村商业银行股份有限公司,Anhui Sixian Rural Commercial Bank Company Limited,B0647H334130001,农村商业银行,宿州金融监管分局
524,广东四会农村商业银行股份有限公司,Guangdong Sihui Rural Commercial Bank Company Limited,B0648H344120001,农村商业银行,肇庆金融监管分局
525,安徽霍邱农村商业银行股份有限公司,Anhui Huoqiu Rural Commercial Bank Company Limited,B0649H334150001,农村商业银行,六安金融监管分局
526,陕西咸阳秦都农村商业银行股份有限公司,无,B0652H361040001,农村商业银行,咸阳金融监管分局
527,陕西西乡农村商业银行股份有限公司,Shaanxi Xixiang Rural Commercial Bank Company Limited,B0654H361070001,农村商业银行,汉中金融监管分局
528,河北涉县农村商业银行股份有限公司,无,B0656H313040001,农村商业银行,邯郸金融监管分局
529,广东翁源农村商业银行股份有限公司,Guangdong Wengyuan Rural Commercial Bank Company Limited,B0658H344020001,农村商业银行,韶关金融监管分局
530,陕西洛川农村商业银行股份有限公司,无,B0659H361060001,农村商业银行,延安金融监管分局
531,山东蓬莱农村商业银行股份有限公司,无,B0660H337060001,农村商业银行,烟台金融监管分局
532,山东栖霞农村商业银行股份有限公司,无,B0661H337060001,农村商业银行,烟台金融监管分局
533,湖北麻城农村商业银行股份有限公司,无,B0662H342110001,农村商业银行,黄冈金融监管分局
534,山西屯留农村商业银行股份有限公司,"Shanxi Tunliu Rural Commercial Bank Co.,Ltd.",B0663H314040001,农村商业银行,长治金融监管分局
535,山西阳城农村商业银行股份有限公司,Shanxi Yangcheng Rural Commercial Bank Corporation,B0664H314050001,农村商业银行,晋城金融监管分局
536,江西奉新农村商业银行股份有限公司,JiangXi FengXin Rural Commercial Bank Co.，Ltd.,B0665H336090001,农村商业银行,宜春金融监管分局
537,张掖农村商业银行股份有限公司,无,B0666H362070001,农村商业银行,张掖金融监管分局
538,甘肃敦煌农村商业银行股份有限公司,无,B0667H362090001,农村商业银行,酒泉金融监管分局
539,甘肃秦安农村商业银行股份有限公司,无,B0668H362050001,农村商业银行,天水金融监管分局
540,陕西秦农农村商业银行股份有限公司,无,B0669H261010001,农村商业银行,陕西金融监管局
541,广西龙州农村商业银行股份有限公司,Guangxi Longzhou Rural Commercial Bank Co.，Ltd.,B0670H345140001,农村商业银行,崇左金融监管分局
542,黑龙江鸡西农村商业银行股份有限公司,Heilongjiang jixi Rural Commercial Bank Company Limited,B0671H323030001,农村商业银行,鸡西金融监管分局
543,湖南衡南农村商业银行股份有限公司,无,B0672H343040001,农村商业银行,衡阳金融监管分局
544,新疆库尔勒农村商业银行股份有限公司,Xinjiang Korla Rural Commercial Bank CO.LTD.,B0673H365280001,农村商业银行,巴音郭楞金融监管分局
545,湖北浠水农村商业银行股份有限公司,无,B0674H342110001,农村商业银行,黄冈金融监管分局
546,山西永济农村商业银行股份有限公司,Shanxi Yongji Rural Commercial Bank Corporation,B0676H314080001,农村商业银行,运城金融监管分局
547,江西新建农村商业银行股份有限公司,Jiangxi Xinjian Rural Commercial Bank Co.，LTD.,B0677H236010001,农村商业银行,江西金融监管局
548,湖北鄂州农村商业银行股份有限公司,无,B0679H342070001,农村商业银行,鄂州金融监管分局
549,四川简阳农村商业银行股份有限公司,"Sichuan Jianyang Rural Commercial Bank Co.,Ltd",B0680H251010001,农村商业银行,四川金融监管局
550,湖南湘乡农村商业银行股份有限公司,"Hunan Xiangxiang Rural Commercial Bank Co.,Ltd.",B0681H343030001,农村商业银行,湘潭金融监管分局
551,湖北应城农村商业银行股份有限公司,无,B0682H342090001,农村商业银行,孝感金融监管分局
552,湖北公安农村商业银行股份有限公司,无,B0683H342100001,农村商业银行,荆州金融监管分局
553,湖北阳新农村商业银行股份有限公司,无,B0684H342020001,农村商业银行,黄石金融监管分局
554,湖南新晃农村商业银行股份有限公司,"Hunan Xinhuang Rural Commercial Bank Co.,Ltd.",B0685H343120001,农村商业银行,怀化金融监管分局
555,湖北钟祥农村商业银行股份有限公司,无,B0686H342080001,农村商业银行,荆门金融监管分局
556,河北南和农村商业银行股份有限公司,Hebei Nanhe Rural Commercial Bank Company Limited,B0687H313050001,农村商业银行,邢台金融监管分局
557,延安农村商业银行股份有限公司,无,B0689H361060001,农村商业银行,延安金融监管分局
558,达州农村商业银行股份有限公司,Dazhou Rural Commercial Bank Company Limited,B0690H351170001,农村商业银行,达州金融监管分局
559,河南兰考农村商业银行股份有限公司,Henan Lankao Rural Commercial Bank Company Limited,B0691H341020001,农村商业银行,开封金融监管分局
560,广西那坡农村商业银行股份有限公司,"Guangxi Napo Rural Commercial Bank Co., Ltd.",B0692H345100001,农村商业银行,百色金融监管分局
561,湖南安化农村商业银行股份有限公司,"HUNAN ANHUA RURAL COMMERCIAL BANK CO.,LTD.",B0693H343090001,农村商业银行,益阳金融监管分局
562,山西阳曲农村商业银行股份有限公司,Shanxi Yangqu Rural Commercial Bank Corporation,B0695H214010001,农村商业银行,山西金融监管局
563,晋城农村商业银行股份有限公司,Jincheng Rural Commercial Bank Corporation,B0696H314050001,农村商业银行,晋城金融监管分局
564,山西交城农村商业银行股份有限公司,"Shanxi Jiaocheng Rural Commercial Bank Co.,Ltd.",B0697H314110001,农村商业银行,吕梁金融监管分局
565,河南镇平农村商业银行股份有限公司,"Henan Zhenping Rural Commercial Bank Co.,Ltd.",B0699H341130001,农村商业银行,南阳金融监管分局
566,四川安岳农村商业银行股份有限公司,"Sichuan Anyue Rural Commercial Bank Co.,Ltd.",B0700H351200001,农村商业银行,资阳金融监管分局
567,云南蒙自农村商业银行股份有限公司,"Yunnan Mengzi Rural Commercial Bank CO.,Ltd.",B0701H353250001,农村商业银行,红河金融监管分局
568,河北冀州农村商业银行股份有限公司,Hebei Jizhou Rural Commercial Bank Company Limited,B0704H313110001,农村商业银行,衡水金融监管分局
569,河南潢川农村商业银行股份有限公司,"Henan Huangchuan Rural Commercial Bank Co.,Ltd.",B0705H341150001,农村商业银行,信阳金融监管分局
570,浙江景宁农村商业银行股份有限公司,Zhejiang Jingning Rural Commercial Bank C0.，Ltd.,B0706H333110001,农村商业银行,丽水金融监管分局
571,浙江文成农村商业银行股份有限公司,Zhejiang WenCheng Rural Commercial Bank Company Limited,B0707H333030001,农村商业银行,温州金融监管分局
572,浙江泰顺农村商业银行股份有限公司,ZheJiang TaiShun Rural Commercial Bank Company Limited,B0708H333030001,农村商业银行,温州金融监管分局
573,浙江岱山农村商业银行股份有限公司,Zhejiang Daishan Rural Commercial Bank Company Limited,B0710H333090001,农村商业银行,舟山金融监管分局
574,浙江临安农村商业银行股份有限公司,无,B0711H233010001,农村商业银行,浙江金融监管局
575,新疆阿勒泰农村商业银行股份有限公司,XinJiang Aletai Rural Commercial Bank,B0713H365430001,农村商业银行,阿勒泰金融监管分局
576,河南社旗农村商业银行股份有限公司,"Henan Sheqi Rural Commercial Bank Co.,Ltd.",B0714H341130001,农村商业银行,南阳金融监管分局
577,浙江台州椒江农村商业银行股份有限公司,Zhejiang Taizhou Jiaojiang Rural Commercial Bank Company Limited,B0715H333100001,农村商业银行,台州金融监管分局
578,云南腾冲农村商业银行股份有限公司,"Yunnan Tengchong Rural Commercial Bank Co.,Ltd.",B0716H353050001,农村商业银行,保山金融监管分局
579,河南博爱农村商业银行股份有限公司,"Henan Boai Rural Commercial Bank Co.,Ltd.",B0717H341080001,农村商业银行,焦作金融监管分局
580,河南汝南农村商业银行股份有限公司,"Henan Runan Rural Commercial Bank Co.,Ltd.",B0718H341170001,农村商业银行,驻马店金融监管分局
581,河南项城农村商业银行股份有限公司,"Henan Xiangcheng Rural Commerical Bank Co.,Ltd.",B0719H341160001,农村商业银行,周口金融监管分局
582,云南楚雄市农村商业银行股份有限公司,"Yunnan Chuxiong City Rural Commercial Bank CO.,Ltd.",B0720H353230001,农村商业银行,楚雄金融监管分局
583,广元农村商业银行股份有限公司,"Guangyuan Rural Commercial Bank.,Ltd.",B0721H351080001,农村商业银行,广元金融监管分局
584,河南沁阳农村商业银行股份有限公司,"Henan Qinyang Rural Commercial Bank Co.,Ltd.",B0722H341080001,农村商业银行,焦作金融监管分局
585,四川蓬溪农村商业银行股份有限公司,"Sichuan Pengxi Rural Commercial Bank Co.,LTD",B0723H351090001,农村商业银行,遂宁金融监管分局
586,浙江台州黄岩农村商业银行股份有限公司,Zhejiang Taizhou Huangyan Rural Commercial Bank Company Limited,B0724H333100001,农村商业银行,台州金融监管分局
587,宁夏固原农村商业银行股份有限公司,无,B0725H364040001,农村商业银行,固原金融监管分局
588,浙江平阳农村商业银行股份有限公司,ZheJiang Pingyang Rural Commercial Bank Company Limited,B0726H333030001,农村商业银行,温州金融监管分局
589,广西乐业农村商业银行股份有限公司,"Guangxi Leye Rural Commercial Bank Co.,Ltd.",B0728H345100001,农村商业银行,百色金融监管分局
590,广西靖西农村商业银行股份有限公司,"Guangxi Jingxi Rural Commercial Bank Co.,Ltd.",B0730H345100001,农村商业银行,百色金融监管分局
591,泰安泰山农村商业银行股份有限公司,"Taian Taishan Rural Commercial Bank Co.,Ltd",B0731H337090001,农村商业银行,泰安金融监管分局
592,广西宁明农村商业银行股份有限公司,"Guangxi Ningming Rural Commercial Bank Co.,Ltd.",B0733H345140001,农村商业银行,崇左金融监管分局
593,山东海阳农村商业银行股份有限公司,无,B0734H337060001,农村商业银行,烟台金融监管分局
594,贵州乌当农村商业银行股份有限公司,"Guizhou WuDang Rural Commercial Bank Co.,Ltd",B0735H252010001,农村商业银行,贵州金融监管局
595,河北蠡州北银农村商业银行股份有限公司,Hebei Lizhou BOB Rural Commercial Bank Company Limited,B0736H313060001,农村商业银行,保定金融监管分局
596,湖南资兴农村商业银行股份有限公司,无,B0737H343100001,农村商业银行,郴州金融监管分局
597,陕西眉县农村商业银行股份有限公司,无,B0738H361030001,农村商业银行,宝鸡金融监管分局
598,贵州福泉农村商业银行股份有限公司,"Guizhou Fuquan Rural Commercial Bank Co.,Ltd.",B0739H352270001,农村商业银行,黔南金融监管分局
599,凉山农村商业银行股份有限公司,"Liangshan Rural Commercial Bank Co., Ltd.",B0740H351340001,农村商业银行,凉山金融监管分局
600,吉林临江农村商业银行股份有限公司,Jilin Linjiang Rural Commercial Bank Company Limited,B0741H322060001,农村商业银行,白山金融监管分局
601,陕西安塞农村商业银行股份有限公司,无,B0743H361060001,农村商业银行,延安金融监管分局
602,湖南石门农村商业银行股份有限公司,"HUNAN SHIMEN RURAL COMMERCIAL BANK CO. ,LTD",B0744H343070001,农村商业银行,常德金融监管分局
603,湖南临澧农村商业银行股份有限公司,"HUNAN LINLI RURAL COMMERCIAL BANK CO. ,LTD",B0745H343070001,农村商业银行,常德金融监管分局
604,吉林和龙农村商业银行股份有限公司,Jilin Helong Rural Commercial Bank Company Limited,B0746H322240001,农村商业银行,延边金融监管分局
605,哈尔滨农村商业银行股份有限公司,Harbin Rural Commercial Bank Company Limited,B0747H223010001,农村商业银行,黑龙江金融监管局
606,广西扶绥农村商业银行股份有限公司,Guangxi Fusui Rural Commercial Bank Co.，Ltd.,B0748H345140001,农村商业银行,崇左金融监管分局
607,陕西山阳农村商业银行股份有限公司,ShaanXi ShanYang Rural Commercial Bank Company Limited,B0749H361100001,农村商业银行,商洛金融监管分局
608,吉林公主岭农村商业银行股份有限公司,Jilin Gongzhuling Rural Commercial Bank Company Limited,B0750H222010001,农村商业银行,吉林金融监管局
609,吉林春城农村商业银行股份有限公司,Jilin Chuncheng Rural Commercial Bank Company Limited,B0751H222010001,农村商业银行,吉林金融监管局
610,陕西丹凤农村商业银行股份有限公司,ShaanXi Danfeng Rural Commercial Bank Company Limited,B0752H361100001,农村商业银行,商洛金融监管分局
611,贵州惠水农村商业银行股份有限公司,"Guizhou Huishui Rural Commercial Bank Co.,Ltd.",B0753H352270001,农村商业银行,黔南金融监管分局
612,山东鄄城农村商业银行股份有限公司,Shandong Juancheng Rural Commercial Bank Co.，Ltd,B0754H337170001,农村商业银行,菏泽金融监管分局
613,湖南隆回农村商业银行股份有限公司,无,B0755H343050001,农村商业银行,邵阳金融监管分局
614,广西天等农村商业银行股份有限公司,Guangxi Tiandeng Rural Commercial Bank Co.，Ltd.,B0756H345140001,农村商业银行,崇左金融监管分局
615,六盘水农村商业银行股份有限公司,"Liupanshui Rural Commercial Bank Co.,Ltd.",B0757H352020001,农村商业银行,六盘水金融监管分局
616,湖南龙山农村商业银行股份有限公司,Hunan Longshan Rural Commercial Bank Corporation,B0759H343310001,农村商业银行,湘西金融监管分局
617,福建长乐农村商业银行股份有限公司,Fujian Changle Rural Commercial Bank Company Limited,B0761H235010001,农村商业银行,福建金融监管局
618,宁波宁海农村商业银行股份有限公司,无,B0762H233020001,农村商业银行,宁波金融监管局
619,陕西韩城农村商业银行股份有限公司,无,B0763H361050001,农村商业银行,渭南金融监管分局
620,湖南永顺农村商业银行股份有限公司,"Hunan Yongshun Rural Commercial Bank Co.,Ltd.",B0764H343310001,农村商业银行,湘西金融监管分局
621,湖南通道农村商业银行股份有限公司,"Hunan Tongdao Rural Commercial Bank Co.,Ltd.",B0765H343120001,农村商业银行,怀化金融监管分局
622,四川射洪农村商业银行股份有限公司,"Sichuan Shehong Rural Commercial Bank Co.,Ltd",B0766H351090001,农村商业银行,遂宁金融监管分局
623,湖南花垣农村商业银行股份有限公司,Hunan Huayuan Rural Commercial Bank Co.Ltd.,B0767H343310001,农村商业银行,湘西金融监管分局
624,山西山阴农村商业银行股份有限公司,Shanxi Shanyin Rural Commercial Bank Corporation,B0768H314060001,农村商业银行,朔州金融监管分局
625,山西武乡农村商业银行股份有限公司,Shanxi Wuxiang Rural Commercial Bank Corporation,B0769H314040001,农村商业银行,长治金融监管分局
626,山东平邑农村商业银行股份有限公司,"Shandong Pingyi Rural Commercial Bank Co.,Ltd",B0770H337130001,农村商业银行,临沂金融监管分局
627,湖南沅陵农村商业银行股份有限公司,"Hunan Yuanling Rural Commercial Bank Co.,Ltd.",B0771H343120001,农村商业银行,怀化金融监管分局
628,兰州农村商业银行股份有限公司,无,B0773H262010001,农村商业银行,甘肃金融监管局
629,山东桓台农村商业银行股份有限公司,无,B0774H337030001,农村商业银行,淄博金融监管分局
630,怀化农村商业银行股份有限公司,HUAIHUA RURAL COMMERCIAL BANK CO.，LTD.,B0775H343120001,农村商业银行,怀化金融监管分局
631,湖南中方农村商业银行股份有限公司,"Hunan Zhongfang Rural Commercial Bank Co.,Ltd.",B0776H343120001,农村商业银行,怀化金融监管分局
632,湖南临武农村商业银行股份有限公司,"Hunan Linwu Rural Commercial Bank Co.,Ltd.",B0777H343100001,农村商业银行,郴州金融监管分局
633,广西凭祥农村商业银行股份有限公司,Guangxi Pingxiang Rural Commercial Bank Co.，Ltd.,B0778H345140001,农村商业银行,崇左金融监管分局
634,湖南东安农村商业银行股份有限公司,"Hunan Dongan Rural Commercial Bank Co.,Ltd.",B0779H343110001,农村商业银行,永州金融监管分局
635,湖南靖州农村商业银行股份有限公司,"Hunan Jingzhou Rural Commercial Bank Co.,Ltd.",B0780H343120001,农村商业银行,怀化金融监管分局
636,吉林大安农村商业银行股份有限公司,Jilin Daan Rural Commercial Bank Company Limited,B0781H322080001,农村商业银行,白城金融监管分局
637,山东单县农村商业银行股份有限公司,"Shandong Shanxian Rural Commercial Bank Co.,Ltd",B0782H337170001,农村商业银行,菏泽金融监管分局
638,山东曹县农村商业银行股份有限公司,Shandong Caoxian Rural Commercial Bank Co.，Ltd,B0783H337170001,农村商业银行,菏泽金融监管分局
639,河北邯郸农村商业银行股份有限公司,Hebei Handan Rural Commercial Bank Company Limited,B0784H313040001,农村商业银行,邯郸金融监管分局
640,陕西岚皋农村商业银行股份有限公司,shanXi LanGao Rural Commercial Bank Company Limited,B0785H361090001,农村商业银行,安康金融监管分局
641,广安思源农村商业银行股份有限公司,"Guang′An SiYuan Rural Commercial Bank Co., Ltd .",B0786H351160001,农村商业银行,广安金融监管分局
642,临夏农村商业银行股份有限公司,LinXia Rural Commercial Bank,B0787H362290001,农村商业银行,临夏金融监管分局
643,湖南新田农村商业银行股份有限公司,无,B0789H343110001,农村商业银行,永州金融监管分局
644,湖南道县农村商业银行股份有限公司,"HuNan DaoXian Rural Commercial Bank Co.,LTD.",B0790H343110001,农村商业银行,永州金融监管分局
645,宁波余姚农村商业银行股份有限公司,无,B0791H233020001,农村商业银行,宁波金融监管局
646,青海共和农村商业银行股份有限公司,"QINGHAI GONGHE RURAL COMMERCIAL BANK CO.,LTD",B0793H363250001,农村商业银行,海南金融监管分局
647,湖北英山农村商业银行股份有限公司,无,B0794H342110001,农村商业银行,黄冈金融监管分局
648,湖南宁远农村商业银行股份有限公司,"Hunan NingYuan Rural Commercial Bank Co.,Ltd.",B0795H343110001,农村商业银行,永州金融监管分局
649,甘肃礼县农村商业银行股份有限公司,Gansu Lixian Rural Commercial Bank Company Limited,B0797H362120001,农村商业银行,陇南金融监管分局
650,甘肃西和农村商业银行股份有限公司,Gansu Xihe Rural Commercial Bank Company Limited,B0798H362120001,农村商业银行,陇南金融监管分局
651,吉林郭尔罗斯农村商业银行股份有限公司,Jilin Gorlos Rural Commercial Bank Company Limited,B0799H322070001,农村商业银行,松原金融监管分局
652,甘肃临泽农村商业银行股份有限公司,无,B0800H362070001,农村商业银行,张掖金融监管分局
653,甘肃高台农村商业银行股份有限公司,无,B0801H362070001,农村商业银行,张掖金融监管分局
654,甘肃民乐农村商业银行股份有限公司,无,B0802H362070001,农村商业银行,张掖金融监管分局
655,浙江温岭农村商业银行股份有限公司,ZheJiang Wenling Rural Commercial Bank Company Limited,B0803H333100001,农村商业银行,台州金融监管分局
656,福建龙海农村商业银行股份有限公司,Fujian Longhai Rural Commercial Bank Company Limited,B0804H335060001,农村商业银行,漳州金融监管分局
657,甘肃瓜州农村商业银行股份有限公司,无,B0805H362090001,农村商业银行,酒泉金融监管分局
658,湖南冷水江农村商业银行股份有限公司,"HUNAN LENGSHUIJIANG RURAL COMMERCIAL BANK CO.,LTD",B0806H343130001,农村商业银行,娄底金融监管分局
659,德州农村商业银行股份有限公司,无,B0807H337140001,农村商业银行,德州金融监管分局
660,山东招远农村商业银行股份有限公司,无,B0808H337060001,农村商业银行,烟台金融监管分局
661,河南舞钢农村商业银行股份有限公司,Henan Wugang Rural Commercial Bank Company limited,B0809H341040001,农村商业银行,平顶山金融监管分局
662,河南宝丰农村商业银行股份有限公司,Henan Baofeng Rural Commercial Bank Company Limited,B0810H341040001,农村商业银行,平顶山金融监管分局
663,湖南平江农村商业银行股份有限公司,"Hunan Pingjiang Rural Commercial Bank Co.,Ltd.",B0811H343060001,农村商业银行,岳阳金融监管分局
664,江苏灌南农村商业银行股份有限公司,JIANGSU GUANNAN RURAL COMMERCIAL BANK CO.,B0812H332070001,农村商业银行,连云港金融监管分局
665,长治漳泽农村商业银行股份有限公司,Changzhi Zhangze Rural Commercial Bank Corporation,B0813H314040001,农村商业银行,长治金融监管分局
666,贵州遵义红花岗农村商业银行股份有限公司,无,B0814H352030001,农村商业银行,遵义金融监管分局
667,贵州遵义汇川农村商业银行股份有限公司,"Guizhou zunyi Huichuan Rural Commercial Bank Co., Ltd.",B0815H352030001,农村商业银行,遵义金融监管分局
668,湖南泸溪农村商业银行股份有限公司,"Hunan LuXi Rural Commercial Bank Co.,Ltd.",B0816H343310001,农村商业银行,湘西金融监管分局
669,湖南保靖农村商业银行股份有限公司,Hunan BaoJing Rural Commercial Bank Co.Ltd.,B0817H343310001,农村商业银行,湘西金融监管分局
670,广西东兴农村商业银行股份有限公司,"Guangxi Dongxing Rural Commercial Bank Co.,Ltd.",B0818H345060001,农村商业银行,防城港金融监管分局
671,邵阳农村商业银行股份有限公司,"ShaoYang Rural Commercial Bank Co.,Ltd",B0819H343050001,农村商业银行,邵阳金融监管分局
672,山东巨野农村商业银行股份有限公司,Shandong Juye Rural Commercial Bank Co.，Ltd,B0820H337170001,农村商业银行,菏泽金融监管分局
673,山东定陶农村商业银行股份有限公司,Shandong Dingtao Rural Commercial Bank Co.，Ltd,B0821H337170001,农村商业银行,菏泽金融监管分局
674,山东东明农村商业银行股份有限公司,Shandong Dongming Rural Commercial Bank Co.，Ltd,B0822H337170001,农村商业银行,菏泽金融监管分局
675,黑龙江甘南农村商业银行股份有限公司,"Heilongjiang Gannan Rural Commercial Bank Co.,Ltd.",B0823H323020001,农村商业银行,齐齐哈尔金融监管分局
676,山东兰陵农村商业银行股份有限公司,"Shandong Lanling Rural Commercial Bank Co.,Ltd",B0824H337130001,农村商业银行,临沂金融监管分局
677,山东莱阳农村商业银行股份有限公司,无,B0825H337060001,农村商业银行,烟台金融监管分局
678,山东临清农村商业银行股份有限公司,"Shandong Linqing Rural Commercial Bank Co.,Ltd",B0826H337150001,农村商业银行,聊城金融监管分局
679,黑龙江萝北农村商业银行股份有限公司,Heilongjiang Luobei Rural Commercial Bank Company Limit,B0827H323040001,农村商业银行,鹤岗金融监管分局
680,山东茌平农村商业银行股份有限公司,"ed Shandong Chiping Rural Commercial Bank Co.,Ltd",B0828H337150001,农村商业银行,聊城金融监管分局
681,江西芦溪农村商业银行股份有限公司,"Jiangxi Luxi Rural Commercial Bank Co.,Ltd.",B0829H336030001,农村商业银行,萍乡金融监管分局
682,河南桐柏农村商业银行股份有限公司,Henan Tongbai Rural Commercial Bank Company Limited,B0830H341130001,农村商业银行,南阳金融监管分局
683,江西宜黄农村商业银行股份有限公司,"Jiangxi Yihuang Rural Commercial Bank Co.,Ltd.",B0831H336100001,农村商业银行,抚州金融监管分局
684,湖南衡山农村商业银行股份有限公司,无,B0832H343040001,农村商业银行,衡阳金融监管分局
685,河南长葛农村商业银行股份有限公司,Henan Changge Rural Commercial Bank Company Limited,B0833H341100001,农村商业银行,许昌金融监管分局
686,吉林柳河农村商业银行股份有限公司,Jilin Liuhe Rural Commercial Bank Company Limited,B0834H322050001,农村商业银行,通化金融监管分局
687,河南洛宁农村商业银行股份有限公司,Henan Luoning Rural Commercial Bank Company Limited,B0835H341030001,农村商业银行,洛阳金融监管分局
688,平凉农村商业银行股份有限公司,无,B0836H362080001,农村商业银行,平凉金融监管分局
689,甘肃泾川农村商业银行股份有限公司,无,B0837H362080001,农村商业银行,平凉金融监管分局
690,日照东港农村商业银行股份有限公司,"Rizhao Donggang Rural Commercial Bank Co.,Ltd.",B0839H337110001,农村商业银行,日照金融监管分局
691,河南西平农村商业银行股份有限公司,Henan xiping Rural Commercial Bank Company limited,B0840H341170001,农村商业银行,驻马店金融监管分局
692,山西闻喜农村商业银行股份有限公司,Shanxi Wenxi Rural Commercial Bank Corporation,B0841H314080001,农村商业银行,运城金融监管分局
693,甘肃民勤农村商业银行股份有限公司,Gansu Minqin Rural Commercial Bank Company Limited,B0842H362060001,农村商业银行,武威金融监管分局
694,庆阳农村商业银行股份有限公司,无,B0843H362100001,农村商业银行,庆阳金融监管分局
695,黑龙江延寿农村商业银行股份有限公司,Heilongjiang Yanshou Rural Commercial Bank Company Limited,B0844H223010001,农村商业银行,黑龙江金融监管局
696,山东惠民农村商业银行股份有限公司,"Shandong Huimin Rural Commercial Bank Co.,Ltd",B0845H337160001,农村商业银行,滨州金融监管分局
697,黑龙江绥棱农村商业银行股份有限公司,Heilongjiang MingShui Rural Commercial Bank Company Limited,B0846H323120001,农村商业银行,绥化金融监管分局
698,黑龙江肇源农村商业银行股份有限公司,Heilongjiang Zhaoyuan Rural Commercial Bank Company Limited,B0847H323060001,农村商业银行,大庆金融监管分局
699,河南偃师农村商业银行股份有限公司,Henan Yanshi Rural Commercial Bank Company Limited,B0848H341030001,农村商业银行,洛阳金融监管分局
700,河南孟津农村商业银行股份有限公司,Henan Mengjin Rural Commercial Bank Company Limited,B0849H341030001,农村商业银行,洛阳金融监管分局
701,河南栾川农村商业银行股份有限公司,Henan Luanchuan Rural Commercial Bank Company Limited,B0850H341030001,农村商业银行,洛阳金融监管分局
702,贵州关岭农村商业银行股份有限公司,无,B0851H352040001,农村商业银行,安顺金融监管分局
703,河南汤阴农村商业银行股份有限公司,HeNan TangYin Rural Commercial Bank Company Limited,B0855H341050001,农村商业银行,安阳金融监管分局
704,陕西麟游农村商业银行股份有限公司,无,B0856H361030001,农村商业银行,宝鸡金融监管分局
705,河南义马农村商业银行股份有限公司,Henan Yima Rural Commercial Bank Company Limited,B0857H341120001,农村商业银行,三门峡金融监管分局
706,江西万安农村商业银行股份有限公司,"Jiangxi Wan'an Rural Commercial Bank Co.,Ltd.",B0858H336080001,农村商业银行,吉安金融监管分局
707,贵州龙里农村商业银行股份有限公司,"Guizhou Longli Rural Commercial Bank Co.,Ltd.",B0860H352270001,农村商业银行,黔南金融监管分局
708,贵州大方农村商业银行股份有限公司,无,B0861H352240001,农村商业银行,毕节金融监管分局
709,山东乳山农村商业银行股份有限公司,Shandong Rushan Rural Commercial Bank Co.，Ltd,B0862H337100001,农村商业银行,威海金融监管分局
710,湖南茶陵农村商业银行股份有限公司,"Hunan ChaLing Rural Commercial Bank Co.,Ltd.",B0863H343020001,农村商业银行,株洲金融监管分局
711,浙江桐乡农村商业银行股份有限公司,无,B0864H333040001,农村商业银行,嘉兴金融监管分局
712,湖南衡东农村商业银行股份有限公司,无,B0865H343040001,农村商业银行,衡阳金融监管分局
713,淄博淄川农村商业银行股份有限公司,无,B0866H337030001,农村商业银行,淄博金融监管分局
714,山东夏津农村商业银行股份有限公司,无,B0867H337140001,农村商业银行,德州金融监管分局
715,陕西千阳农村商业银行股份有限公司,无,B0868H361030001,农村商业银行,宝鸡金融监管分局
716,浙江平湖农村商业银行股份有限公司,无,B0869H333040001,农村商业银行,嘉兴金融监管分局
717,湖北五峰农村商业银行股份有限公司,无,B0870H342050001,农村商业银行,宜昌金融监管分局
718,湖北兴山农村商业银行股份有限公司,无,B0871H342050001,农村商业银行,宜昌金融监管分局
719,湖北宜都农村商业银行股份有限公司,无,B0872H342050001,农村商业银行,宜昌金融监管分局
720,江西崇义农村商业银行股份有限公司,"Jiangxi Chongyi Rural Commercial Bank Co.,Ltd.",B0874H336070001,农村商业银行,赣州金融监管分局
721,江西于都农村商业银行股份有限公司,"Jiangxi Yudu Rural Commercial Bank Co.,Ltd.",B0875H336070001,农村商业银行,赣州金融监管分局
722,广西富川农村商业银行股份有限公司,"Guangxi fuchuan Rural Commercial Bank Co.,Ltd",B0876H345110001,农村商业银行,贺州金融监管分局
723,山东乐陵农村商业银行股份有限公司,无,B0877H337140001,农村商业银行,德州金融监管分局
724,广东普宁农村商业银行股份有限公司,Guangdong Puning Rural Commercial Bank Company Limited,B0878H344520001,农村商业银行,揭阳金融监管分局
725,浙江桐庐农村商业银行股份有限公司,无,B0879H233010001,农村商业银行,浙江金融监管局
726,江西上栗农村商业银行股份有限公司,"Jiangxi Shangli Rural Commercial Bank Co.,Ltd.",B0881H336030001,农村商业银行,萍乡金融监管分局
727,浙江武义农村商业银行股份有限公司,Zhejiang Wuyi Rural Commercial Bank Company Limited,B0882H333070001,农村商业银行,金华金融监管分局
728,江西新干农村商业银行股份有限公司,Jiangxi Xin'gan Rural Commercial Bank Co.，Ltd,B0883H336080001,农村商业银行,吉安金融监管分局
729,陕西镇巴农村商业银行股份有限公司,Shaanxi Zhenba Rural Commercial Bank Company Limited,B0884H361070001,农村商业银行,汉中金融监管分局
730,东营农村商业银行股份有限公司,无,B0885H337050001,农村商业银行,东营金融监管分局
731,山东济宁兖州农村商业银行股份有限公司,"Shandong Jining Yanzhou Rural Commercial Bank Co.,Ltd",B0886H337080001,农村商业银行,济宁金融监管分局
732,山东泗水农村商业银行股份有限公司,"Shandong Sishui Rural Commercial Bank Co.,Ltd",B0887H337080001,农村商业银行,济宁金融监管分局
733,山东微山农村商业银行股份有限公司,"Shandong Weishan Rural Commercial Bank Co.,Ltd",B0888H337080001,农村商业银行,济宁金融监管分局
734,山东曲阜农村商业银行股份有限公司,"Shandong Qufu Rural Commercial Bank Co.,Ltd",B0889H337080001,农村商业银行,济宁金融监管分局
735,山东汶上农村商业银行股份有限公司,"Shandong Wenshang Rural Commercial Bank Co.,Ltd",B0890H337080001,农村商业银行,济宁金融监管分局
736,山东梁山农村商业银行股份有限公司,"Shandong LiangShan Rural Commercial Bank Co.,Ltd",B0891H337080001,农村商业银行,济宁金融监管分局
737,山东鱼台农村商业银行股份有限公司,"Shandong Yutai Rural Commercial Bank Co.,Ltd",B0892H337080001,农村商业银行,济宁金融监管分局
738,山东金乡农村商业银行股份有限公司,"Shandong Jinxiang Rural Commercial Bank Co.,Ltd",B0893H337080001,农村商业银行,济宁金融监管分局
739,江西江州农村商业银行股份有限公司,"Jiang Xi Jiangzhou Rural Commercial Bank Co.,Ltd",B0894H336040001,农村商业银行,九江金融监管分局
740,河北辛集农村商业银行股份有限公司,Hebei Xinji Rural Commercial Bank Company Limited,B0895H213010001,农村商业银行,河北金融监管局
741,湖南绥宁农村商业银行股份有限公司,无,B0896H343050001,农村商业银行,邵阳金融监管分局
742,湖南新宁农村商业银行股份有限公司,无,B0897H343050001,农村商业银行,邵阳金融监管分局
743,江西湾里农村商业银行股份有限公司,JiangXi WanLi Rural Commercial Bank Co.，Ltd.,B0898H236010001,农村商业银行,江西金融监管局
744,山西襄汾农村商业银行股份有限公司,Shanxi Xiangfen Rural Commercial Bank Corporation,B0899H314100001,农村商业银行,临汾金融监管分局
745,四川隆昌农村商业银行股份有限公司,"Sichuan Longchang Rural Commercial Bank Co.,Ltd.",B0900H351100001,农村商业银行,内江金融监管分局
746,江西武宁农村商业银行股份有限公司,"Jiangxi Wuning Rural Commercial Bank Co.,Ltd.",B0902H336040001,农村商业银行,九江金融监管分局
747,吉林农安农村商业银行股份有限公司,Jilin Nong'an Rural Commercial Bank Company Limited,B0903H222010001,农村商业银行,吉林金融监管局
748,湖南辰溪农村商业银行股份有限公司,"Hunan Chenxi Rural Commercial Bank Co.,Ltd.",B0904H343120001,农村商业银行,怀化金融监管分局
749,四川华蓥农村商业银行股份有限公司,Sichuan Huaying Rural Commercial Bank Co.，Ltd.,B0905H351160001,农村商业银行,广安金融监管分局
750,新疆乌苏农村商业银行股份有限公司,XinJiang WuSu Rural Commercial Bank Company Limited,B0906H365420001,农村商业银行,塔城金融监管分局
751,山东沂源农村商业银行股份有限公司,无,B0908H337030001,农村商业银行,淄博金融监管分局
752,淄博博山农村商业银行股份有限公司,无,B0909H337030001,农村商业银行,淄博金融监管分局
753,山东宁津农村商业银行股份有限公司,无,B0911H337140001,农村商业银行,德州金融监管分局
754,山东平原农村商业银行股份有限公司,无,B0912H337140001,农村商业银行,德州金融监管分局
755,浙江长兴农村商业银行股份有限公司,"Zhejiang Changxing Rural Commercial Bank Co., Ltd.",B0913H333050001,农村商业银行,湖州金融监管分局
756,德州陵城农村商业银行股份有限公司,无,B0914H337140001,农村商业银行,德州金融监管分局
757,山东武城农村商业银行股份有限公司,无,B0915H337140001,农村商业银行,德州金融监管分局
758,山东临邑农村商业银行股份有限公司,无,B0916H337140001,农村商业银行,德州金融监管分局
759,河南永城农村商业银行股份有限公司,Henan Yongcheng Rural Commercial Bank Company Limited,B0917H341140001,农村商业银行,商丘金融监管分局
760,泰安岱岳农村商业银行股份有限公司,"Taian Daiyue Rural Commercial Bank Co.,Ltd",B0920H337090001,农村商业银行,泰安金融监管分局
761,山东新泰农村商业银行股份有限公司,"Shandong Xintai Rural Commercial Bank CO.,Ltd",B0921H337090001,农村商业银行,泰安金融监管分局
762,山东肥城农村商业银行股份有限公司,"Shandong Feicheng Rural Commercial Bank Co.,Ltd",B0922H337090001,农村商业银行,泰安金融监管分局
763,山东东平农村商业银行股份有限公司,"Shandong Dongping Rural Commercial Bank Co.,Ltd",B0923H337090001,农村商业银行,泰安金融监管分局
764,江西婺源农村商业银行股份有限公司,"Jiangxi Wuyuan Rural Commercial Bank Co.,Ltd",B0924H336110001,农村商业银行,上饶金融监管分局
765,湖南安仁农村商业银行股份有限公司,"Hunan Anren Rural Commercial Bank Co.,Ltd.",B0925H343100001,农村商业银行,郴州金融监管分局
766,江西庐陵农村商业银行股份有限公司,"Jiangxi Luling Rural Commercial Bank Co.,Ltd",B0926H336080001,农村商业银行,吉安金融监管分局
767,江西峡江农村商业银行股份有限公司,"Jiangxi Xiajiang Rural Commercial Bank Co.,Ltd.",B0927H336080001,农村商业银行,吉安金融监管分局
768,山东章丘农村商业银行股份有限公司,无,B0928H237010001,农村商业银行,山东金融监管局
769,山东商河农村商业银行股份有限公司,无,B0929H237010001,农村商业银行,山东金融监管局
770,山东平阴农村商业银行股份有限公司,无,B0930H237010001,农村商业银行,山东金融监管局
771,山东文登农村商业银行股份有限公司,Shandong Wendeng Rural Commercial Bank Co.，Ltd,B0931H337100001,农村商业银行,威海金融监管分局
772,宁夏贺兰农村商业银行股份有限公司,"NingXia Helan Rural Commercial Bank Co.,Ltd",B0932H264010001,农村商业银行,宁夏金融监管局
773,湖南汉寿农村商业银行股份有限公司,Hunan Hanshou Rural Commercial Bank Co.，Ltd,B0933H343070001,农村商业银行,常德金融监管分局
774,河南新安农村商业银行股份有限公司,Henan Xinan Rural Commercial Bank Company Limited,B0934H341030001,农村商业银行,洛阳金融监管分局
775,南充农村商业银行股份有限公司,"Nanchong Rural Commercial Bank Co.,Ltd",B0936H351130001,农村商业银行,南充金融监管分局
776,江西修水农村商业银行股份有限公司,"Jiang Xi Xiushui Rural Commercial Bank Co.,Ltd",B0937H336040001,农村商业银行,九江金融监管分局
777,江西瑞昌农村商业银行股份有限公司,"Jiangxi Ruichang Rural Commercial Bank Co.,Ltd.",B0938H336040001,农村商业银行,九江金融监管分局
778,江西永修农村商业银行股份有限公司,"Jiangxi Yongxiu Rural Commercial Bank Co.,Ltd.",B0939H336040001,农村商业银行,九江金融监管分局
779,江西彭泽农村商业银行股份有限公司,"Jiang Xi Pengze Rural Commercial Bank Co.,Ltd",B0940H336040001,农村商业银行,九江金融监管分局
780,白山江源农村商业银行股份有限公司,Baishan Jiangyuan Rural Commercial Bank Company Limited,B0941H322060001,农村商业银行,白山金融监管分局
781,湖南南县农村商业银行股份有限公司,"Hunan Nanxian Rural Commercial Bank Co.,Ltd.",B0942H343090001,农村商业银行,益阳金融监管分局
782,山西芮城农村商业银行股份有限公司,Shanxi Ruicheng Rural Commercial Bank Corporation,B0943H314080001,农村商业银行,运城金融监管分局
783,山东嘉祥农村商业银行股份有限公司,"Shandong Jiaxiang Rural Commercial Bank Co.,Ltd",B0944H337080001,农村商业银行,济宁金融监管分局
784,山东阳信农村商业银行股份有限公司,"Shandong Yangxin Rural Commercial Bank Co.,Ltd",B0945H337160001,农村商业银行,滨州金融监管分局
785,江西吉水农村商业银行股份有限公司,"JiangxiJishui Rural Commercial Bank Co.,Ltd",B0946H336080001,农村商业银行,吉安金融监管分局
786,山东无棣农村商业银行股份有限公司,"Shandong Wudi Rural Commercial Bank Co.,Ltd",B0947H337160001,农村商业银行,滨州金融监管分局
787,河北定州农村商业银行股份有限公司,Hebei Dingzhou Rural Commercial Bank Company Limited,B0948H313060001,农村商业银行,保定金融监管分局
788,湖南湘阴农村商业银行股份有限公司,"Hunan Xiangyin Rural Commercial Bank Co.,Ltd.",B0949H343060001,农村商业银行,岳阳金融监管分局
789,湖南新化农村商业银行股份有限公司,Hunan Xinhua Rural Commercial Bank Co.，Ltd.,B0950H343130001,农村商业银行,娄底金融监管分局
790,巴中农村商业银行股份有限公司,BAZHONG RURAL COMMERCIAL BANK COMPANY LIMITED,B0951H351190001,农村商业银行,巴中金融监管分局
791,福建漳平农村商业银行股份有限公司,Fujian Zhangping Rural Commercial Bank Company Limited,B0952H335080001,农村商业银行,龙岩金融监管分局
792,湖南桃江农村商业银行股份有限公司,"Hunan Taojiang Rural Commercial Bank Co.,Ltd.",B0953H343090001,农村商业银行,益阳金融监管分局
793,陕西宁陕农村商业银行股份有限公司,Shaanxi NingShan Rural Commercial Bank Company Limited,B0954H361090001,农村商业银行,安康金融监管分局
794,陕西镇坪农村商业银行股份有限公司,ShaanXi ZhenPing Rural Commercial Bank Company Limited,B0955H361090001,农村商业银行,安康金融监管分局
795,江西安福农村商业银行股份有限公司,"Jiangxi Anfu Rural Commercial Bank Co.,Ltd.",B0956H336080001,农村商业银行,吉安金融监管分局
796,江西靖安农村商业银行股份有限公司,"Jiangxi Jingan Rural Commercial Bank Co.,Ltd",B0957H336090001,农村商业银行,宜春金融监管分局
797,江西铜鼓农村商业银行股份有限公司,"Jiangxi Tonggu Rural Commercial Bank Co.,Ltd",B0958H336090001,农村商业银行,宜春金融监管分局
798,江西永新农村商业银行股份有限公司,"Jiangxi Yongxin Rural Commercial Bank Co.,Ltd.",B0959H336080001,农村商业银行,吉安金融监管分局
799,江西永丰农村商业银行股份有限公司,"Jiangxi yongfeng Rural Commercial Bank Co.,Ltd.",B0960H336080001,农村商业银行,吉安金融监管分局
800,江西泰和农村商业银行股份有限公司,"Jiangxi Taihe Rural Commercial Bank Co.,Ltd.",B0961H336080001,农村商业银行,吉安金融监管分局
801,江西瑞金农村商业银行股份有限公司,"Jiangxi Ruijin Rural Commercial Bank Co.,Ltd.",B0962H336070001,农村商业银行,赣州金融监管分局
802,江西宁都农村商业银行股份有限公司,"Jiangxi Ningdu Rural Commercial Bank Co.,Ltd.",B0963H336070001,农村商业银行,赣州金融监管分局
803,江西信丰农村商业银行股份有限公司,"JiangXi Xinfeng Rural Commercial Bank Co.,Ltd.",B0964H336070001,农村商业银行,赣州金融监管分局
804,江西龙南农村商业银行股份有限公司,"Jiangxi Longnan Rural Commercial Bank Co.,Ltd.",B0965H336070001,农村商业银行,赣州金融监管分局
805,江西全南农村商业银行股份有限公司,"Jiangxi Quannan Rural Commercial Bank Co.,Ltd.",B0966H336070001,农村商业银行,赣州金融监管分局
806,江西赣县农村商业银行股份有限公司,"Jiangxi Ganxian Rural Commercial Bank Co.,Ltd.",B0967H336070001,农村商业银行,赣州金融监管分局
807,江西寻乌农村商业银行股份有限公司,"JiangXi Xunwu Rural Commercial Bank Co.,Ltd.",B0968H336070001,农村商业银行,赣州金融监管分局
808,江西安远农村商业银行股份有限公司,"JiangXi Anyuan Rural Commercial Bank Co.,Ltd.",B0969H336070001,农村商业银行,赣州金融监管分局
809,江西定南农村商业银行股份有限公司,"Jiangxi Dingnan Rural Commercial Bank Co.,Ltd.",B0970H336070001,农村商业银行,赣州金融监管分局
810,江西上犹农村商业银行股份有限公司,"JiangXi Shangyou Rural Commercial Bank Co.,Ltd.",B0971H336070001,农村商业银行,赣州金融监管分局
811,江西兴国农村商业银行股份有限公司,"Jiangxi Xingguo Rural Commercial Bank Co.,Ltd.",B0972H336070001,农村商业银行,赣州金融监管分局
812,江西莲花农村商业银行股份有限公司,"JiangXi LianHua Rural Commercial Bank Co.,Ltd.",B0973H336030001,农村商业银行,萍乡金融监管分局
813,滨州农村商业银行股份有限公司,"Binzhou Rural Commercial Bank Co.,Ltd",B0974H337160001,农村商业银行,滨州金融监管分局
814,河北沙河农村商业银行股份有限公司,Hebei Shahe Rural Commercial Bank Company Limited,B0975H313050001,农村商业银行,邢台金融监管分局
815,河北临城农村商业银行股份有限公司,Hebei Lincheng Rural Commercial Bank Company Limited,B0976H313050001,农村商业银行,邢台金融监管分局
816,山东沂南农村商业银行股份有限公司,"Shandong Yinan Rural Commercial Bank Co.,Ltd.",B0977H337130001,农村商业银行,临沂金融监管分局
817,山东临沂兰山农村商业银行股份有限公司,Shandong Linyi Lanshan Rural Commercial Bank Co.，Ltd.,B0978H337130001,农村商业银行,临沂金融监管分局
818,江西东乡农村商业银行股份有限公司,Jiangxi Dongxiang Rural Commercial Bank Co.，Ltd,B0979H336100001,农村商业银行,抚州金融监管分局
819,四川青神农村商业银行股份有限公司,"Sichuan Qingshen Rural Commercial Bank Co.,Ltd.",B0980H351140001,农村商业银行,眉山金融监管分局
820,河北晋州农村商业银行股份有限公司,无,B0981H213010001,农村商业银行,河北金融监管局
821,浙江嵊州农村商业银行股份有限公司,无,B0982H333060001,农村商业银行,绍兴金融监管分局
822,湖南湘潭天易农村商业银行股份有限公司,"Hunan Xiangtantianyi Rural Commercial Bank Co.,Ltd.",B0983H343030001,农村商业银行,湘潭金融监管分局
823,陕西甘泉农村商业银行股份有限公司,无,B0984H361060001,农村商业银行,延安金融监管分局
824,山东临沂罗庄农村商业银行股份有限公司,"Shandong Linyi Luozhuang Rural Commercial Bank Co.,Ltd.",B0985H337130001,农村商业银行,临沂金融监管分局
825,湖南衡阳衡州农村商业银行股份有限公司,"Hunan Hengyang Hengzhou Rural Commercial Bank Co.,Ltd.",B0986H343040001,农村商业银行,衡阳金融监管分局
826,江西安义农村商业银行股份有限公司,JiangXi AnYi Rural Commercial Bank Co.，LTD.,B0987H236010001,农村商业银行,江西金融监管局
827,湖南桃源农村商业银行股份有限公司,Hunan Taoyuan Rural Commercial Bank Co.，Ltd,B0988H343070001,农村商业银行,常德金融监管分局
828,山东临沭农村商业银行股份有限公司,"Shandong Linshu Rural Commercial Bank Co.,Ltd.",B0989H337130001,农村商业银行,临沂金融监管分局
829,济宁农村商业银行股份有限公司,"Jining Rural Commercial Bank Co.,Ltd",B0990H337080001,农村商业银行,济宁金融监管分局
830,山东临沂河东农村商业银行股份有限公司,"Shandong Linyi Hedong Rural Commercial Bank Co.,Ltd.",B0991H337130001,农村商业银行,临沂金融监管分局
831,山东莒南农村商业银行股份有限公司,Shandong Junan Rural Commercial Bank Co.，Ltd.,B0992H337130001,农村商业银行,临沂金融监管分局
832,洛阳农村商业银行股份有限公司,Luoyang Rural Commercial Bank Company limited,B0993H341030001,农村商业银行,洛阳金融监管分局
833,河南武陟农村商业银行股份有限公司,Henan Wuzhi Rural Commercial Bank Company Limited,B0994H341080001,农村商业银行,焦作金融监管分局
834,河南嵩县农村商业银行股份有限公司,Henan Songxian Rural Commercial Bank Company Limited,B0995H341030001,农村商业银行,洛阳金融监管分局
835,吉林九台农村商业银行股份有限公司,Jilin Jiutai Rural Commercial Bank Corporation Limited,B1001H222010001,农村商业银行,吉林金融监管局
836,山东莱州农村商业银行股份有限公司,无,B1004H337060001,农村商业银行,烟台金融监管分局
837,山东邹平农村商业银行股份有限公司,"SHANDONG ZOUPING RURAL COMMERCIAL BANK Co.,LTD",B1005H337160001,农村商业银行,滨州金融监管分局
838,山东寿光农村商业银行股份有限公司,无,B1006H337070001,农村商业银行,潍坊金融监管分局
839,甘肃靖远农村商业银行股份有限公司,Jingyuan Rural Commercial Bank Company Limited,B1007H362040001,农村商业银行,白银金融监管分局
840,安徽马鞍山农村商业银行股份有限公司,"ANHUI MAANSHAN RURAL COMMERCIAL BANK CO.,LTD.",B1023H334050001,农村商业银行,马鞍山金融监管分局
841,长春农村商业银行股份有限公司,Changchun Rural Commercial Bank Company Limited,B1024H222010001,农村商业银行,吉林金融监管局
842,湖南澧县农村商业银行股份有限公司,"Hunan Lixian Rural Commercial Bank Co.,Ltd.",B1025H343070001,农村商业银行,常德金融监管分局
843,武汉农村商业银行股份有限公司,"Wuhan Rural Commercial Bank CO.,LTD.",B1029H242010001,农村商业银行,湖北金融监管局
844,湖南慈利农村商业银行股份有限公司,"Hunan Cili Rural Commercial Bank Co.,Ltd",B1034H343080001,农村商业银行,张家界金融监管分局
845,河南伊川农村商业银行股份有限公司,HeNan YiChuan Rural Commercial Bank Company Limited,B1037H341030001,农村商业银行,洛阳金融监管分局
846,浙江玉环农村商业银行股份有限公司,ZheJiang Yuhuan Rural Commercial Bank Company Limited,B1038H333100001,农村商业银行,台州金融监管分局
847,江西德兴农村商业银行股份有限公司,"Jiangxi Dexing Rural Commercial Bank Co.,Ltd",B1040H336110001,农村商业银行,上饶金融监管分局
848,江苏靖江农村商业银行股份有限公司,"JIANGSU JINGJIANG RURAL COMMERCIAL BANK CO.,LTD",B1042H332120001,农村商业银行,泰州金融监管分局
849,安庆农村商业银行股份有限公司,Anqing Rural Commercial Bank Company Limited.,B1044H334080001,农村商业银行,安庆金融监管分局
850,广州农村商业银行股份有限公司,"Guangzhou Rural Commercial Bank Co.,Ltd.",B1048H244010001,农村商业银行,广东金融监管局
851,宁夏西吉农村商业银行股份有限公司,"NingXia XiJi Rural Commercial Bank CO.,Ltd.",B1050H364040001,农村商业银行,固原金融监管分局
852,河南罗山农村商业银行股份有限公司,Henan LuoShan Rural Commercial Bank Company Limited,B1051H341150001,农村商业银行,信阳金融监管分局
853,河南新县农村商业银行股份有限公司,Henan Xinxian Rural Commercial Bank Company Limited,B1052H341150001,农村商业银行,信阳金融监管分局
854,东莞农村商业银行股份有限公司,"Dongguan Rural Commercial Bank Co., Ltd.",B1054H344190001,农村商业银行,东莞金融监管分局
855,广东顺德农村商业银行股份有限公司,Guangdong Shunde Rural Commercial Bank Company Limited,B1055H344060001,农村商业银行,佛山金融监管分局
856,江苏江南农村商业银行股份有限公司,"Jiangsu Jiangnan Rural Commercial Bank Co.,LTD",B1058H332040001,农村商业银行,常州金融监管分局
857,江苏赣榆农村商业银行股份有限公司,"Jiangsu Ganyu Rural Commercial Bank Co.,Ltd.",B1059H332070001,农村商业银行,连云港金融监管分局
858,江西玉山农村商业银行股份有限公司,"Jiangxi Yushan Rural Commercial Bank Co.,Ltd",B1060H336110001,农村商业银行,上饶金融监管分局
859,黑龙江宾州农村商业银行股份有限公司,Heilongjiang Binzhou Rural Commercial Bank Company Limited,B1061H223010001,农村商业银行,黑龙江金融监管局
860,成都农村商业银行股份有限公司,"Chengdu Rural Commercial Bank Co.,Ltd.",B1062H251010001,农村商业银行,四川金融监管局
861,陕西神木农村商业银行股份有限公司,无,B1063H361080001,农村商业银行,榆林金融监管分局
862,安徽肥西农村商业银行股份有限公司,"Anhui Feixi Rural Commercial Bank Co.,Ltd",B1066H334010001,农村商业银行,巢湖金融监管分局
863,江苏江都农村商业银行股份有限公司,"JIANGSU JIANGDU RURAL COMMERCIAL BANK CO.,LTD",B1069H332100002,农村商业银行,扬州金融监管分局
864,江苏邳州农村商业银行股份有限公司,"JIANGSU PIZHOU RURAL COMMERCIAL BANK CO.,LTD",B1070H332030001,农村商业银行,徐州金融监管分局
865,商丘农村商业银行股份有限公司,无,B1074H341140001,农村商业银行,商丘金融监管分局
866,湖南浏阳农村商业银行股份有限公司,无,B1076H243010001,农村商业银行,湖南金融监管局
867,湖南炎陵农村商业银行股份有限公司,无,B1077H343020001,农村商业银行,株洲金融监管分局
868,平顶山卫东农村商业银行股份有限公司,"PINGDINGSHAN WEIDONG RURAL COMMERCIAL BANK CO., LTD",B1078H341040001,农村商业银行,平顶山金融监管分局
869,江苏盐城农村商业银行股份有限公司,"JIANGSU YANCHENG RURAL COMMERCIAL BANK CO.,LTD",B1079H332090001,农村商业银行,盐城金融监管分局
870,天津农村商业银行股份有限公司,"Tianjin Rural Commercial Bank Co.,Ltd.",B1083H212000001,农村商业银行,天津金融监管局
871,福建上杭农村商业银行股份有限公司,Fujian Shanghang Rural Commercial Bank Company Limited,B1086H335080001,农村商业银行,龙岩金融监管分局
872,广东揭阳农村商业银行股份有限公司,Guangdong Jieyang Rural Commercial Bank Company Limited,B1088H344520001,农村商业银行,揭阳金融监管分局
873,四川长宁竹海农村商业银行股份有限公司,Sichuan Changning Bamboo Sea Rural Commercial Bank Co.，Ltd.,B1089H351150001,农村商业银行,宜宾金融监管分局
874,宣城皖南农村商业银行股份有限公司,无,B1091H334180001,农村商业银行,宣城金融监管分局
875,湖南江华农村商业银行股份有限公司,无,B1092H343110001,农村商业银行,永州金融监管分局
876,景德镇农村商业银行股份有限公司,"Jingdezhen Rural Commercial Bank Co.,LTD",B1094H336020001,农村商业银行,景德镇金融监管分局
877,山东广饶农村商业银行股份有限公司,无,B1095H337050001,农村商业银行,东营金融监管分局
878,福建莆田农村商业银行股份有限公司,FUJIAN PUTIAN RURAL COMMERCIAL BANK CO.，LTD,B1098H335030001,农村商业银行,莆田金融监管分局
879,湖南湘江新区农村商业银行股份有限公司,无,B1100H243010001,农村商业银行,湖南金融监管局
880,淮南淮河农村商业银行股份有限公司,无,B1101H334040001,农村商业银行,淮南金融监管分局
881,四川邻水农村商业银行股份有限公司,Sichuan Linshui Rural Commercial Bank Co.，Ltd.,B1102H351160001,农村商业银行,广安金融监管分局
882,山东聊城润昌农村商业银行股份有限公司,"SHANDONG LIAOCHENG RUNCHANG RURAL COMMERCIAL BANK CO.,LTD",B1103H337150001,农村商业银行,聊城金融监管分局
883,河南修武农村商业银行股份有限公司,Henan Xiuwu Rural Commercial Bank Company Limited,B1106H341080001,农村商业银行,焦作金融监管分局
884,江苏宜兴农村商业银行股份有限公司,"Jiangsu yixing Rura1 Commercial Bank CO.,LTD.",B1107H332020001,农村商业银行,无锡金融监管分局
885,江苏南通农村商业银行股份有限公司,"Jiangsu Nantong Rural Commercial Bank CO.,LTD",B1108H332060001,农村商业银行,南通金融监管分局
886,安徽无为农村商业银行股份有限公司,无,B1110H334020001,农村商业银行,芜湖金融监管分局
887,黑龙江抚远农村商业银行股份有限公司,HEILONGJIANG FUYUAN RURAL COMMERCIAL BANK LIMITED,B1111H323080001,农村商业银行,佳木斯金融监管分局
888,河南孟州农村商业银行股份有限公司,"HENAN MENGZHOU RURAL COMMERCIAL BANK CO.,LTD",B1112H341080001,农村商业银行,焦作金融监管分局
889,黑龙江密山农村商业银行股份有限公司,Heilongjiang Mishan Rural Commercial Bank Company Limited,B1114H323030001,农村商业银行,鸡西金融监管分局
890,湖北咸丰农村商业银行股份有限公司,无,B1117H342280001,农村商业银行,恩施金融监管分局
891,江苏如皋农村商业银行股份有限公司,"Jiangsu Rugao Rural Commercial Bank CO.,LTD",B1118H332060001,农村商业银行,南通金融监管分局
892,衡阳农村商业银行股份有限公司,HENGYANG RURAL COMMERCIAL BANK CO. ， LTD.,B1122H343040001,农村商业银行,衡阳金融监管分局
893,江苏扬州农村商业银行股份有限公司,"JIANGSU YANGZHOU RURAL COMMERCIAL BANK CO.,LTD",B1123H332100001,农村商业银行,扬州金融监管分局
894,江苏海门农村商业银行股份有限公司,"Jiangsu Haimen Rural Commercial Bank CO.,LTD",B1124H332060001,农村商业银行,南通金融监管分局
895,山西尧都农村商业银行股份有限公司,Shanxi Yaodu Rural Commercial Bank,B1125H314100001,农村商业银行,临汾金融监管分局
896,陕西凤翔农村商业银行股份有限公司,无,B1132H361030001,农村商业银行,宝鸡金融监管分局
897,山东荣成农村商业银行股份有限公司,"Shandong Rongcheng Rural Commercial Bank Co.,Ltd",B1133H337100001,农村商业银行,威海金融监管分局
898,江苏建湖农村商业银行股份有限公司,"JIANGSU JIANHU RURAL COMMERCIAL BANK CO.,LTD",B1134H332090001,农村商业银行,盐城金融监管分局
899,大兴安岭农村商业银行股份有限公司,"DAXINGANLING RURAL COMMERCIAL BANK CO.,LTD",B1135H323270001,农村商业银行,大兴安岭金融监管分局
900,山东临淄农村商业银行股份有限公司,无,B1136H337030001,农村商业银行,淄博金融监管分局
901,广东河源农村商业银行股份有限公司,Guangdong Heyuan Rural Commercial Bank Company Limited,B1137H344160001,农村商业银行,河源金融监管分局
902,浙江南浔农村商业银行股份有限公司,"Zhejiang Nanxun Rural Commercial Bank Co., Ltd.",B1139H333050001,农村商业银行,湖州金融监管分局
903,陕西凤县农村商业银行股份有限公司,无,B1140H361030001,农村商业银行,宝鸡金融监管分局
904,福建福州农村商业银行股份有限公司,Fujian Fuzhou Rural Commercial Bank Company Limited,B1142H235010001,农村商业银行,福建金融监管局
905,浙江绍兴瑞丰农村商业银行股份有限公司,无,B1143H333060001,农村商业银行,绍兴金融监管分局
906,江苏姜堰农村商业银行股份有限公司,"Jiangsu Jiangyan Rural Commercial Bank CO.,LTD",B1145H332120001,农村商业银行,泰州金融监管分局
907,黑河农村商业银行股份有限公司,Hei He Rural Commercial Bank Company Limited,B1146H323110001,农村商业银行,黑河金融监管分局
908,江苏海安农村商业银行股份有限公司,"Jiangsu Haian Rural Commercial Bank CO.,LTD.",B1148H332060001,农村商业银行,南通金融监管分局
909,杭州联合农村商业银行股份有限公司,Hangzhou United Rural Commercial Bank Co.Ltd.,B1149H233010001,农村商业银行,浙江金融监管局
910,江苏镇江农村商业银行股份有限公司,"JIANGSU ZHENJIANG RURAL COMMERCIAL BANK CO.,LTD",B1150H332110001,农村商业银行,镇江金融监管分局
911,泉州农村商业银行股份有限公司,Quanzhou Rural Commercial Bank Company Limited,B1153H335050001,农村商业银行,泉州金融监管分局
912,湖南宜章农村商业银行股份有限公司,无,B1154H343100001,农村商业银行,郴州金融监管分局
913,滁州皖东农村商业银行股份有限公司,Chuzhou Wandong Rural Commercial Bank Company Limited,B1155H334110001,农村商业银行,滁州金融监管分局
914,江苏高邮农村商业银行股份有限公司,JIANGSU GAOYOU RURAL COMMERCIAL BANK CO.，LTD,B1156H332100001,农村商业银行,扬州金融监管分局
915,乐山农村商业银行股份有限公司,"Leshan Rural Commercial Bank Co.,Ltd.",B1157H351110001,农村商业银行,乐山金融监管分局
916,福建漳州农村商业银行股份有限公司,Fujian Zhangzhou Rural Commercial Bank Company Limited,B1158H335060001,农村商业银行,漳州金融监管分局
917,江苏紫金农村商业银行股份有限公司,"Jiangsu Zijin Rural Commercial Bank CO.,LTD.",B1159H232010001,农村商业银行,江苏金融监管局
918,山东张店农村商业银行股份有限公司,无,B1160H337030001,农村商业银行,淄博金融监管分局
919,湖北竹山农村商业银行股份有限公司,无,B1164H342030001,农村商业银行,十堰金融监管分局
920,福建三明农村商业银行股份有限公司,Fujian Sanming Rural Commercial Bank Company Limited,B1165H335040001,农村商业银行,三明金融监管分局
921,江苏阜宁农村商业银行股份有限公司,JIANGSU FUNING RURAL COMMERCIAL BANK CO.，LTD,B1166H332090001,农村商业银行,盐城金融监管分局
922,福建石狮农村商业银行股份有限公司,"Fujian Shishi Rural Commercial Bank CO.,LTD.",B1167H335050001,农村商业银行,泉州金融监管分局
923,福建南平农村商业银行股份有限公司,Fujian Nanping Rural Commercial Bank Company Limited,B1168H335070001,农村商业银行,南平金融监管分局
924,黑龙江虎林农村商业银行股份有限公司,Heilongjiang Hulin Rural Commercial Bank Company Limited,B1169H323030001,农村商业银行,鸡西金融监管分局
925,河南渑池农村商业银行股份有限公司,Henan Mianchi Rural Commercial Bank Company Limited,B1170H341120001,农村商业银行,三门峡金融监管分局
926,江苏句容农村商业银行股份有限公司,"JIANGSU JURONG RURAL COMMERCIAL BANK CO.,LTD",B1173H332110001,农村商业银行,镇江金融监管分局
927,江苏泰州农村商业银行股份有限公司,"JIANGSU TAIZHOU RURAL COMMERCIAL BANK CO.,LTD",B1174H332120001,农村商业银行,泰州金融监管分局
928,江苏泗阳农村商业银行股份有限公司,"JIANGSU SIYANG RURAL COMMERCIAL BANK CO.,LTD",B1175H332130001,农村商业银行,宿迁金融监管分局
929,黑龙江东宁农村商业银行股份有限公司,HEILONGJIANG DONGNING RURAL COMMERCIAL BANK COMPANY LIMITED,B1176H323100001,农村商业银行,牡丹江金融监管分局
930,山东青州农村商业银行股份有限公司,无,B1177H337070001,农村商业银行,潍坊金融监管分局
931,山东安丘农村商业银行股份有限公司,无,B1178H337070001,农村商业银行,潍坊金融监管分局
932,山西绛县农村商业银行股份有限公司,Shanxi Jiangxian Rural Commercial Bank Company Limited,B1180H314080001,农村商业银行,运城金融监管分局
933,山东威海农村商业银行股份有限公司,"Shandong Weihai Rural Commercial Bank Co.,Ltd",B1182H337100001,农村商业银行,威海金融监管分局
934,广西资源农村商业银行股份有限公司,"GuangXi Ziyuan Rural Commercial Bank Co.,Ltd",B1184H345030001,农村商业银行,桂林金融监管分局
935,广西田东农村商业银行股份有限公司,"Guangxi Tiandong Rural Commercial Bank Co.,Ltd",B1185H345100001,农村商业银行,百色金融监管分局
936,湖北秭归农村商业银行股份有限公司,Hubei Zigui Rural Commercial Bank Company Limited,B1186H342050001,农村商业银行,宜昌金融监管分局
937,吉林舒兰农村商业银行股份有限公司,Jilin Shulan Rural Commercial Bank Company Limited,B1187H322020001,农村商业银行,吉林金融监管分局
938,黑龙江建三江农村商业银行股份有限公司,HEILONGJIANG JIANSANJIANG RURAL COMMERCIAL BANK LIMITED,B1188H323080001,农村商业银行,佳木斯金融监管分局
939,广西融安农村商业银行股份有限公司,"Guangxi Rong’an Rural Commercial Bank co.,Ltd.",B1192H345020001,农村商业银行,柳州金融监管分局
940,湖南星沙农村商业银行股份有限公司,"Hunan Xing Sha Rural Commercial Bank Co.,Ltd.",B1193H243010001,农村商业银行,湖南金融监管局
941,江苏丹阳农村商业银行股份有限公司,JIANGSU DANYANG RURAL COMMERCIAL BANK CO.，LTD,B1195H332110001,农村商业银行,镇江金融监管分局
942,河南卢氏农村商业银行股份有限公司,Henan lushi Rural Commercial Bank Company Limited,B1196H341120001,农村商业银行,三门峡金融监管分局
943,安徽歙县农村商业银行股份有限公司,Anhui Shexian Rural Commercial Bank Company Limited,B1197H334100001,农村商业银行,黄山金融监管分局
944,湖北松滋农村商业银行股份有限公司,无,B1198H342100001,农村商业银行,荆州金融监管分局
945,河北高碑店农村商业银行股份有限公司,Hebei Gaobeidian Rural Commercial Bank Company Limited,B1199H313060001,农村商业银行,保定金融监管分局
946,陕西定边农村商业银行股份有限公司,无,B1201H361080001,农村商业银行,榆林金融监管分局
947,江西黎川农村商业银行股份有限公司,Jiangxi Lichuan Rural Commercial Bank Co.ltd,B1202H336100001,农村商业银行,抚州金融监管分局
948,湖南洪江农村商业银行股份有限公司,"Hunan Hongjiang Rural Commercial Bank Co.,Ltd.",B1203H343120001,农村商业银行,怀化金融监管分局
949,河南鄢陵农村商业银行股份有限公司,Henan Yanling Rural Commercial Bank Company Limited,B1204H341100001,农村商业银行,许昌金融监管分局
950,山东滕州农村商业银行股份有限公司,"Shandong Tengzhou Rural Commercial Bank Co.,Ltd",B1206H337040001,农村商业银行,枣庄金融监管分局
951,阜阳颍东农村商业银行股份有限公司,Fuyang Yingdong Rural Commercial Bank Company Limited.,B1207H334120001,农村商业银行,阜阳金融监管分局
952,河南确山农村商业银行股份有限公司,Henan Queshan Rural Commercial Bank Company Limited,B1208H341170001,农村商业银行,驻马店金融监管分局
953,淮北农村商业银行股份有限公司,无,B1209H334060001,农村商业银行,淮北金融监管分局
954,安徽南陵农村商业银行股份有限公司,无,B1210H334020001,农村商业银行,芜湖金融监管分局
955,山西五台农村商业银行股份有限公司,"Shanxi WuTai Rural Commercial Bank Co.,Ltd.",B1211H314090001,农村商业银行,忻州金融监管分局
956,长治潞州农村商业银行股份有限公司,Changzhi Luzhou Rural Commercial Bank Company Limited,B1212H314040001,农村商业银行,长治金融监管分局
957,湖北大冶农村商业银行股份有限公司,Hubei Daye Rural Commercial Bank Company Limited,B1213H342020001,农村商业银行,黄石金融监管分局
958,广东揭西农村商业银行股份有限公司,Guangdong Jiexi Rural Commercial Bank Company Limited,B1214H344520001,农村商业银行,揭阳金融监管分局
959,广西蒙山农村商业银行股份有限公司,"Guangxi Mengshan Rural Commercial Bank co.,Ltd.",B1215H345040001,农村商业银行,梧州金融监管分局
960,山东龙口农村商业银行股份有限公司,无,B1216H337060001,农村商业银行,烟台金融监管分局
961,江苏兴化农村商业银行股份有限公司,"Jiangsu Xinghua Rural Commercial Bank CO.,LTD.",B1217H332120001,农村商业银行,泰州金融监管分局
962,延边农村商业银行股份有限公司,YanBian Rural Commercial Bank Company Limited,B1218H322240002,农村商业银行,延边金融监管分局
963,湖北宣恩农村商业银行股份有限公司,Hubei Xuanen Rural Commercial Bank Company Limited,B1220H342280001,农村商业银行,恩施金融监管分局
964,湖北保康农村商业银行股份有限公司,无,B1221H342060001,农村商业银行,襄阳金融监管分局
965,江西南丰农村商业银行股份有限公司,Jiangxi Nanfeng Rural Commercial Bank Co.，Ltd.,B1222H336100001,农村商业银行,抚州金融监管分局
966,江西乐安农村商业银行股份有限公司,Jiangxi Lean Rural Commercial Bank Co.，Ltd.,B1223H336100001,农村商业银行,抚州金融监管分局
967,湖南桑植农村商业银行股份有限公司,Hunan SangZhi Rural Commercial Bank Co.，Ltd,B1224H343080001,农村商业银行,张家界金融监管分局
968,长沙农村商业银行股份有限公司,无,B1225H243010001,农村商业银行,湖南金融监管局
969,福建宁德农村商业银行股份有限公司,Fujian Ningde Rural Commercial Bank Company Limited,B1227H335090001,农村商业银行,宁德金融监管分局
970,江苏大丰农村商业银行股份有限公司,"JIANGSU DAFENG RURAL COMMERCIAL BANK CO.,LTD.",B1230H332090001,农村商业银行,盐城金融监管分局
971,湖北利川农村商业银行股份有限公司,无,B1231H342280001,农村商业银行,恩施金融监管分局
972,攀枝花农村商业银行股份有限公司,PANZHIHUA RURAL COMMERCIAL BANK,B1232H351040001,农村商业银行,攀枝花金融监管分局
973,湖北潜江农村商业银行股份有限公司,无,B1233H242900001,农村商业银行,潜江直管组
974,湖南岳阳农村商业银行股份有限公司,"HuNan YueYang Rural Commercial Bank Co.,Ltd.",B1234H343060001,农村商业银行,岳阳金融监管分局
975,青海西宁农村商业银行股份有限公司,"QINGHAI XINING RURAL COMMERCIAL BANK CO.,LTD",B1235H263010001,农村商业银行,青海金融监管局
976,吉安农村商业银行股份有限公司,"Ji'an Rural Commercial Bank Co., Ltd",B1236H336080001,农村商业银行,吉安金融监管分局
977,山西灵石农村商业银行股份有限公司,Shanxi Lingshi Rural Commercial Bank Company Limited,B1237H314070001,农村商业银行,晋中金融监管分局
978,湖南宁乡农村商业银行股份有限公司,无,B1238H243010001,农村商业银行,湖南金融监管局
979,长白山农村商业银行股份有限公司,Changbai Mountain Rural Commercial Bank Company Limited,B1239H322240001,农村商业银行,延边金融监管分局
980,江苏仪征农村商业银行股份有限公司,Jiangsu Yizheng Rural Commercial Bank CO.LTD,B1240H332100001,农村商业银行,扬州金融监管分局
981,湖南桂东农村商业银行股份有限公司,无,B1242H343100001,农村商业银行,郴州金融监管分局
982,宁夏平罗农村商业银行股份有限公司,无,B1244H364020001,农村商业银行,石嘴山金融监管分局
983,安徽泾县农村商业银行股份有限公司,无,B1245H334180001,农村商业银行,宣城金融监管分局
984,宁夏中卫农村商业银行股份有限公司,无,B1247H364050001,农村商业银行,中卫金融监管分局
985,广西龙胜农村商业银行股份有限公司,"Guangxi Longsheng Rural Commercial Bank CO.,Ltd",B1248H345030001,农村商业银行,桂林金融监管分局
986,广西恭城农村商业银行股份有限公司,"Guangxi Gongcheng Rural Commercial Bank Co.,Ltd",B1249H345030001,农村商业银行,桂林金融监管分局
987,广西田阳农村商业银行股份有限公司,"Guangxi Tianyang Rural Commercial Bank Co.,Ltd.",B1250H345100001,农村商业银行,百色金融监管分局
988,吉林榆树农村商业银行股份有限公司,Jilin Yushu Rural Commercial Bank Company Limited,B1251H222010001,农村商业银行,吉林金融监管局
989,山东费县农村商业银行股份有限公司,"Shandong Feixian Rural Commercial Bank CO.,Ltd",B1252H337130001,农村商业银行,临沂金融监管分局
990,宁夏吴忠农村商业银行股份有限公司,"Ningxia WuZhong Rural Commercial Bank CO., Ltd",B1253H364030001,农村商业银行,吴忠金融监管分局
991,焦作解放农村商业银行股份有限公司,Jiaozuo Jiefang Rural Commercial Bank Company Limited,B1254H341080001,农村商业银行,焦作金融监管分局
992,四川仁寿农村商业银行股份有限公司,"Sichuan Renshou Rural Commercial Bank Co.,Ltd",B1255H351140001,农村商业银行,眉山金融监管分局
993,湖南溆浦农村商业银行股份有限公司,"Hunan Xupu Rural Commercial Bank Co.,Ltd.",B1256H343120001,农村商业银行,怀化金融监管分局
994,湖南武冈农村商业银行股份有限公司,"Hunan WuGang Rural Commercial Bank Co.,Ltd",B1257H343050001,农村商业银行,邵阳金融监管分局
995,永州农村商业银行股份有限公司,"Yongzhou Rural Commercial Bank Co.,Ltd.",B1259H343110001,农村商业银行,永州金融监管分局
996,江苏淮安农村商业银行股份有限公司,"Jiangsu Huaian Rural Commercial Bank CO.,LTD",B1260H332080001,农村商业银行,淮安金融监管分局
997,江苏高淳农村商业银行股份有限公司,"JIANGSU GAOCHUN RURAL COMMERCIAL BANK CO.,LTD",B1261H232010001,农村商业银行,江苏金融监管局
998,江苏民丰农村商业银行股份有限公司,"Jiangsu Minfeng Rural Commercial Bank CO.,LTD",B1262H332130001,农村商业银行,宿迁金融监管分局
999,江苏启东农村商业银行股份有限公司,"Jiangsu Qidong Rural Commercial Bank CO.,LTD",B1263H332060001,农村商业银行,南通金融监管分局
1000,安徽旌德农村商业银行股份有限公司,无,B1264H334180001,农村商业银行,宣城金融监管分局
1001,江苏涟水农村商业银行股份有限公司,JIANGSU LIANSHUI RURAL COMMERCIAL BANK CO.，LTD,B1265H332080001,农村商业银行,淮安金融监管分局
1002,江苏泗洪农村商业银行股份有限公司,Jiangsu Sihong Rural Commercial Bank CO.，LTD,B1266H332130001,农村商业银行,宿迁金融监管分局
1003,江苏响水农村商业银行股份有限公司,JIANGSU XIANGSHUI RURAL COMMERCIAL BANK CO.，LTD,B1267H332090001,农村商业银行,盐城金融监管分局
1004,江苏沭阳农村商业银行股份有限公司,JIANGSU SHUYANG RURAL COMMERCIAL BANK CO.，LTD.,B1268H332130001,农村商业银行,宿迁金融监管分局
1005,广东南海农村商业银行股份有限公司,Guangdong Nanhai Rural Commercial Bank Company Limited,B1269H344060001,农村商业银行,佛山金融监管分局
1006,安徽石台农村商业银行股份有限公司,无,B1270H334170001,农村商业银行,池州金融监管分局
1007,贵阳农村商业银行股份有限公司,"Guiyang Rural Commercial Bank Co., Ltd.",B1272H252010001,农村商业银行,贵州金融监管局
1008,山西寿阳农村商业银行股份有限公司,Shanxi Shouyang Rural Commercial Bank Company Limited,B1273H314070001,农村商业银行,晋中金融监管分局
1009,山西侯马农村商业银行股份有限公司,Shanxi Houma Rural Commercial Bank Company Limited,B1274H314100002,农村商业银行,临汾金融监管分局
1010,湖北武当山农村商业银行股份有限公司,无,B1275H342030001,农村商业银行,十堰金融监管分局
1011,湖北通山农村商业银行股份有限公司,无,B1276H342120002,农村商业银行,咸宁金融监管分局
1012,湖北南漳农村商业银行股份有限公司,无,B1277H342060001,农村商业银行,襄阳金融监管分局
1013,湖北竹溪农村商业银行股份有限公司,无,B1278H342030001,农村商业银行,十堰金融监管分局
1014,湖北房县农村商业银行股份有限公司,无,B1279H342030001,农村商业银行,十堰金融监管分局
1015,福建晋江农村商业银行股份有限公司,"Fujian Jinjiang Rural Commercial Bank CO.,LTD.",B1280H335050001,农村商业银行,泉州金融监管分局
1016,山东利津农村商业银行股份有限公司,无,B1281H337050001,农村商业银行,东营金融监管分局
1017,安徽潜山农村商业银行股份有限公司,Anhui Qianshan Rural Commercial Bank Company Limited.,B1282H334080001,农村商业银行,安庆金融监管分局
1018,安徽太湖农村商业银行股份有限公司,Anhui Taihu Rural Commercial Bank Company Limited.,B1283H334080001,农村商业银行,安庆金融监管分局
1019,安徽望江农村商业银行股份有限公司,Anhui Wangjiang Rural Commercial Bank Company Limited.,B1284H334080001,农村商业银行,安庆金融监管分局
1020,江苏新沂农村商业银行股份有限公司,"JIANGSU XINYI RURAL COMMERCIAL BANK CO.,LTD",B1286H332030001,农村商业银行,徐州金融监管分局
1021,福建福清汇通农村商业银行股份有限公司,Fujian Fuqing Huitong Rural Commercial Bank Company Limited,B1288H235010001,农村商业银行,福建金融监管局
1022,广西灌阳农村商业银行股份有限公司,"Guangxi Guanyang Rural Commercial Bank Co.,Ltd",B1289H345030001,农村商业银行,桂林金融监管分局
1023,广西昭平农村商业银行股份有限公司,"Guangxi zhaoping Rural Commercial Bank co.,Ltd.",B1290H345110001,农村商业银行,贺州金融监管分局
1024,江苏扬中农村商业银行股份有限公司,"JIANGSU YANGZHONG RURAL COMMERCIAL BANK CO.,LTD",B1292H332110001,农村商业银行,镇江金融监管分局
1025,山西乡宁农村商业银行股份有限公司,Shanxi Xiangning Rural Commercial Bank Co.，Ltd.,B1294H314100001,农村商业银行,临汾金融监管分局
1026,铜陵皖江农村商业银行股份有限公司,Tongling Wanjiang Rural Commercial Bank Company Limited,B1296H334070001,农村商业银行,铜陵金融监管分局
1027,广西凌云农村商业银行股份有限公司,"Guangxi Lingyun Rural Commercial Bank Co.,Ltd.",B1297H345100001,农村商业银行,百色金融监管分局
1028,新余农村商业银行股份有限公司,"XinYu Rural Commercial Bank Co.,Ltd",B1298H336050001,农村商业银行,新余金融监管分局
1029,常德农村商业银行股份有限公司,"ChangDe Rural Commercial Bank Co.,Ltd.",B1299H343070001,农村商业银行,常德金融监管分局
1030,山东周村农村商业银行股份有限公司,无,B1300H337030001,农村商业银行,淄博金融监管分局
1031,湖南安乡农村商业银行股份有限公司,"Hunan Anxiang Rural Commercial Bank Co.,Ltd.",B1302H343070001,农村商业银行,常德金融监管分局
1032,福建南安农村商业银行股份有限公司,Fujian Nan An Rural Commercail Bank Company Limited,B1303H335050001,农村商业银行,泉州金融监管分局
1033,福建龙岩农村商业银行股份有限公司,Fujian Longyan Rural Commercial Bank Company Limited,B1306H335080001,农村商业银行,龙岩金融监管分局
1034,湖南芷江农村商业银行股份有限公司,"Hunan Zhijiang Rural Commercial Bank Co.,Ltd.",B1307H343120001,农村商业银行,怀化金融监管分局
1035,广东大埔农村商业银行股份有限公司,Guangdong Dabu Rural Commercial Bank Company Limited,B1310H344140001,农村商业银行,梅州金融监管分局
1036,湖北荆门农村商业银行股份有限公司,无,B1312H342080001,农村商业银行,荆门金融监管分局
1037,山西盂县农村商业银行股份有限公司,Shanxi Yuxian Rural Commercial Bank Company Limited,B1313H314030001,农村商业银行,阳泉金融监管分局
1038,江苏盱眙农村商业银行股份有限公司,"Jiangsu Xuyi Rural Commercial Bank CO.,LTD.",B1314H332080001,农村商业银行,淮安金融监管分局
1039,陕西咸阳渭城农村商业银行股份有限公司,Weicheng Rural Commercial Bank,B1315H361040001,农村商业银行,咸阳金融监管分局
1040,赣州农村商业银行股份有限公司,Gan zhou Rural Commercial Bank Co.，Ltd,B1316H336070001,农村商业银行,赣州金融监管分局
1041,宜春农村商业银行股份有限公司,YiChun Rural Commercial Bank Co.，Ltd,B1317H336090001,农村商业银行,宜春金融监管分局
1042,共青农村商业银行股份有限公司,Gongqing Rural Commercial Bank Co.，Ltd,B1318H336040001,农村商业银行,九江金融监管分局
1043,江苏东台农村商业银行股份有限公司,JIANGSU DONGTAI RURAL COMMERCIAL BANK CO.，LTD,B1319H332090001,农村商业银行,盐城金融监管分局
1044,安徽桐城农村商业银行股份有限公司,Anhui Tongcheng Rural Commercial Bank Company Limited.,B1320H334080001,农村商业银行,安庆金融监管分局
1045,山东昌乐农村商业银行股份有限公司,无,B1321H337070001,农村商业银行,潍坊金融监管分局
1046,山西榆次农村商业银行股份有限公司,"Shanxi Yuci Rural Commercial Bank Co.,Ltd.",B1322H314070001,农村商业银行,晋中金融监管分局
1047,山西河津农村商业银行股份有限公司,Shanxi Hejin Rural Commercial Bank Company Limited,B1323H314080001,农村商业银行,运城金融监管分局
1048,连云港东方农村商业银行股份有限公司,"Lianyungang Orient Rural Commercial Bank Co.,Ltd",B1325H332070001,农村商业银行,连云港金融监管分局
1049,江西井冈山农村商业银行股份有限公司,JiangxiJinggangshan Rural Commercial Bank Co.，Ltd,B1327H336080001,农村商业银行,吉安金融监管分局
1050,九江农村商业银行股份有限公司,Jiujiang Rural Commercial Bank Co.，Ltd,B1328H336040001,农村商业银行,九江金融监管分局
1051,黑龙江友谊农村商业银行股份有限公司,Heilongjiang Youyi Rural Commercial Bank Company Limited,B1330H323050001,农村商业银行,双鸭山金融监管分局
1052,湖北郧西农村商业银行股份有限公司,无,B1331H342030001,农村商业银行,十堰金融监管分局
1053,湖北郧县农村商业银行股份有限公司,无,B1332H342030001,农村商业银行,十堰金融监管分局
1054,青岛农村商业银行股份有限公司,Qingdao Rural Commercial Bank Corporation,B1333H237020001,农村商业银行,青岛金融监管局
1055,大连农村商业银行股份有限公司,"Dalian Rural Commercial Bank Co.,Ltd.",B1334H221020001,农村商业银行,大连金融监管局
1056,浙江德清农村商业银行股份有限公司,"Zhejiang Deqing Rural Commercial Bank Co., Ltd.",B1335H333050001,农村商业银行,湖州金融监管分局
1057,陕西长武农村商业银行股份有限公司,Changwu Rural Commercial Bank,B1336H361040001,农村商业银行,咸阳金融监管分局
1058,山东莱芜农村商业银行股份有限公司,Shandong Laiwu Rural Commercial Bank Co.，Ltd,B1337H337120001,农村商业银行,莱芜金融监管分局
1059,河北黄骅农村商业银行股份有限公司,Hebei Huanghua Rural Commercial Bank Company Limited,B1338H313090001,农村商业银行,沧州金融监管分局
1060,开封宋都农村商业银行股份有限公司,Kaifeng Songdu Rural Commercial Bank Company Limited,B1339H341020001,农村商业银行,开封金融监管分局
1061,青海门源农村商业银行股份有限公司,"QINGHAI MENYUAN RURAL COMMERCIAL BANKCO.,LTD",B1340H363220001,农村商业银行,海北金融监管分局
1062,吉林集安农村商业银行股份有限公司,Jilin Ji'an Rural Commercial Bank Company Limited,B1341H322050001,农村商业银行,通化金融监管分局
1063,吉林辉南农村商业银行股份有限公司,Jilin Huinan Rural Commercial Bank Company Limited,B1343H322050001,农村商业银行,通化金融监管分局
1064,陕西太白农村商业银行股份有限公司,无,B1344H361030001,农村商业银行,宝鸡金融监管分局
1065,厦门农村商业银行股份有限公司,"Xiamen Rural Commercial Bank Co., Ltd.",B1345H235020001,农村商业银行,厦门金融监管局
1066,陕西府谷农村商业银行股份有限公司,ShaanXi Fugu Rural Commercial Bank Company Limited,B1346H361080001,农村商业银行,榆林金融监管分局
1067,湖北大悟农村商业银行股份有限公司,无,B1347H342090001,农村商业银行,孝感金融监管分局
1068,浙江义乌农村商业银行股份有限公司,"ZheJiang YiWu Rural Commercial Bank Co,Ltd.",B1348H333070001,农村商业银行,金华金融监管分局
1069,江苏如东农村商业银行股份有限公司,"Jiangsu Rudong Rural Commercial Bank CO.,LTD.",B1349H332060001,农村商业银行,南通金融监管分局
1070,江苏溧水农村商业银行股份有限公司,JIANGSU LISHUI RURAL COMMERCIAL BANK CO.，LTD,B1350H232010001,农村商业银行,江苏金融监管局
1071,山东诸城农村商业银行股份有限公司,无,B1351H337070001,农村商业银行,潍坊金融监管分局
1072,陕西杨凌农村商业银行股份有限公司,无,B1352H361040001,农村商业银行,咸阳金融监管分局
1073,福建武夷山农村商业银行股份有限公司,Fujian Wuyishan Rural Commercial Bank Company Limited,B1353H335070001,农村商业银行,南平金融监管分局
1074,湖北丹江口农村商业银行股份有限公司,无,B1354H342030001,农村商业银行,十堰金融监管分局
1075,湖北长阳农村商业银行股份有限公司,无,B1355H342050001,农村商业银行,宜昌金融监管分局
1076,巢湖农村商业银行股份有限公司,ChaoHu Rural Commercial Bank Company Limited,B1356H334140001,农村商业银行,巢湖金融监管分局
1077,湖北仙桃农村商业银行股份有限公司,无,B1357H242900001,农村商业银行,仙桃直管组
1078,湖北武穴农村商业银行股份有限公司,无,B1358H342110001,农村商业银行,黄冈金融监管分局
1079,安徽金寨农村商业银行股份有限公司,Anhui Jinzhai Rural Commercial Bank Company Limited,B1360H334150001,农村商业银行,六安金融监管分局
1080,安徽青阳农村商业银行股份有限公司,无,B1362H334170001,农村商业银行,池州金融监管分局
1081,安徽定远农村商业银行股份有限公司,Anhui Dingyuan Rural Commercial Bank Company Limited,B1363H334110001,农村商业银行,滁州金融监管分局
1082,湖北团风农村商业银行股份有限公司,无,B1365H342110001,农村商业银行,黄冈金融监管分局
1083,淮南通商农村商业银行股份有限公司,无,B1366H334040001,农村商业银行,淮南金融监管分局
1084,广东清远农村商业银行股份有限公司,Guangdong Qingyuan Rural Commercial Bank Company Limited,B1369H344180001,农村商业银行,清远金融监管分局
1085,湖北随州农村商业银行股份有限公司,无,B1370H342130001,农村商业银行,随州金融监管分局
1086,南昌农村商业银行股份有限公司,Nanchang Rural Commercial Bank Co.， LTD.,B1371H236010001,农村商业银行,江西金融监管局
1087,贵州兴义农村商业银行股份有限公司,"GUIZHOU XINGYI RURAL COMMERCIAL BANK CO.,LTD",B1373H352230001,农村商业银行,黔西南金融监管分局
1088,蚌埠农村商业银行股份有限公司,Bengbu Rural Commercial Bank Company Limited,B1374H334030001,农村商业银行,蚌埠金融监管分局
1089,安徽长丰农村商业银行股份有限公司,Anhui Changfeng Rural Commercial Bank Company Limited,B1375H334010001,农村商业银行,巢湖金融监管分局
1090,湖南洞口农村商业银行股份有限公司,无,B1376H343050001,农村商业银行,邵阳金融监管分局
1091,湖北三峡农村商业银行股份有限公司,无,B1378H342050001,农村商业银行,宜昌金融监管分局
1092,铜陵农村商业银行股份有限公司,TongLing Rural Commercial Bank Company Limited,B1379H334070001,农村商业银行,铜陵金融监管分局
1093,湖南永兴农村商业银行股份有限公司,"Hunan Yongxing Rural Commercial Bank Co.,Ltd.",B1380H343100001,农村商业银行,郴州金融监管分局
1094,福建平潭农村商业银行股份有限公司,Fujian Pingtan Rural Commercial Bank Company Limited,B1381H235010001,农村商业银行,福建金融监管局
1095,惠州农村商业银行股份有限公司,Huizhou Rural Commercial Bank Company Limited,B1382H344130001,农村商业银行,惠州金融监管分局
1096,广东新兴农村商业银行股份有限公司,Guangdong Xinxing Rural Commercial Bank Company Limited,B1384H344530001,农村商业银行,云浮金融监管分局
1097,湖北枝江农村商业银行股份有限公司,无,B1385H342050001,农村商业银行,宜昌金融监管分局
1098,湖北当阳农村商业银行股份有限公司,无,B1386H342050001,农村商业银行,宜昌金融监管分局
1099,鹰潭农村商业银行股份有限公司,"Yingtan Rural Commercial Bank Co.,LTD",B1387H336060001,农村商业银行,鹰潭金融监管分局
1100,亳州药都农村商业银行股份有限公司,Bozhou Yaodu Rural Commercial Bank Company Limited,B1389H334160001,农村商业银行,亳州金融监管分局
1101,湘潭农村商业银行股份有限公司,"Xiangtan Rural Commercial Bank Co.,Ltd.",B1390H343030001,农村商业银行,湘潭金融监管分局
1102,安徽庐江农村商业银行股份有限公司,Anhui Lujiang Rural Commercial Bank Company Limited,B1391H334010001,农村商业银行,巢湖金融监管分局
1103,安徽繁昌农村商业银行股份有限公司,无,B1392H334020001,农村商业银行,芜湖金融监管分局
1104,安徽绩溪农村商业银行股份有限公司,无,B1393H334180001,农村商业银行,宣城金融监管分局
1105,宁波镇海农村商业银行股份有限公司,无,B1394H233020001,农村商业银行,宁波金融监管局
1106,江苏宝应农村商业银行股份有限公司,"JIANGSU BAOYING RURAL COMMERCIAL BANK CO.,LTD",B1395H332100001,农村商业银行,扬州金融监管分局
1107,贵州余庆农村商业银行股份有限公司,"Guizhou Yuqing Rural Commercial Bank Co., Ltd.",B1396H352030001,农村商业银行,遵义金融监管分局
1108,湖南新邵农村商业银行股份有限公司,无,B1397H343050001,农村商业银行,邵阳金融监管分局
1109,江苏金湖农村商业银行股份有限公司,"Jiangsu Jinhu Rural Commercial Bank CO., LTD.",B1398H332080001,农村商业银行,淮安金融监管分局
1110,潍坊农村商业银行股份有限公司,无,B1399H337070001,农村商业银行,潍坊金融监管分局
1111,宁波鄞州农村商业银行股份有限公司,无,B1400H233020001,农村商业银行,宁波金融监管局
1112,湖南会同农村商业银行股份有限公司,HUANAN HUITONG RURAL COMMERCIAL BANK CO.，LTD,B1401H343120001,农村商业银行,怀化金融监管分局
1113,山东高密农村商业银行股份有限公司,无,B1402H337070001,农村商业银行,潍坊金融监管分局
1114,河北沽源农村商业银行股份有限公司,无,B1405H313070001,农村商业银行,张家口金融监管分局
1115,酒泉农村商业银行股份有限公司,无,B1406H362090001,农村商业银行,酒泉金融监管分局
1116,河南安阳相州农村商业银行股份有限公司,Henan Anyang Xiangzhou Rural Commercial Bank Company Limited,B1407H341050001,农村商业银行,安阳金融监管分局
1117,山西古交农村商业银行股份有限公司,Shanxi Gujiao Rural Commercial Bank Company Limited,B1408H214010001,农村商业银行,山西金融监管局
1118,江苏滨海农村商业银行股份有限公司,"JIANGSU BINHAI RURAL COMMERCIAL BANK CO.,LTD",B1409H332090001,农村商业银行,盐城金融监管分局
1119,湖南双牌农村商业银行股份有限公司,"HuNan Shuang Pai Rural Commercial Bank Co. , Ltd.",B1410H343110001,农村商业银行,永州金融监管分局
1120,山西高平农村商业银行股份有限公司,Shanxi Gaoping Rural Commercial Bank Company,B1411H314050001,农村商业银行,晋城金融监管分局
1121,山东昌邑农村商业银行股份有限公司,无,B1412H337070001,农村商业银行,潍坊金融监管分局
1122,佛山农村商业银行股份有限公司,Foshan Rural Commercial Bank Company Limited,B1414H344060001,农村商业银行,佛山金融监管分局
1123,山东济阳农村商业银行股份有限公司,无,B1416H237010001,农村商业银行,山东金融监管局
1124,江苏泰兴农村商业银行股份有限公司,"JIANGSU TAIXING RURAL COMMERCIAL BANK CO.,LTD",B1417H332120001,农村商业银行,泰州金融监管分局
1125,山东临朐农村商业银行股份有限公司,无,B1420H337070001,农村商业银行,潍坊金融监管分局
1126,河北邢台农村商业银行股份有限公司,Hebei Xingtai Rural Commercial Bank Company Limited,B1421H313050001,农村商业银行,邢台金融监管分局
1127,河北清河农村商业银行股份有限公司,Hebei Qinghe Rural Commercial Bank Company Limiteb,B1422H313050001,农村商业银行,邢台金融监管分局
1128,珠海农村商业银行股份有限公司,Zhuhai Rural Commercial Bank Company Limited.,B1423H344040001,农村商业银行,珠海金融监管分局
1129,安徽来安农村商业银行股份有限公司,"Anhui Lai'an Rural Commercial Bank Co.,Ltd",B1424H334110001,农村商业银行,滁州金融监管分局
1130,河北大厂农村商业银行股份有限公司,Hebei Dachang Rural Commercial Bank Company Limited,B1425H313100001,农村商业银行,廊坊金融监管分局
1131,浙江舟山定海海洋农村商业银行股份有限公司,"Zhejiang Zhoushan Dinghai Ocean Rural Commercial Bank Co., Ltd.",B1426H333090001,农村商业银行,舟山金融监管分局
1132,山东垦利农村商业银行股份有限公司,无,B1427H337050001,农村商业银行,东营金融监管分局
1133,湖北远安农村商业银行股份有限公司,无,B1428H342050001,农村商业银行,宜昌金融监管分局
1134,江苏睢宁农村商业银行股份有限公司,JIANGSU SUINING RURAL COMMERCIAL BANK CO.，LTD,B1429H332030001,农村商业银行,徐州金融监管分局
1135,抚州农村商业银行股份有限公司,Fuzhou Rural Commercial Bank Co.，LTD,B1430H336100001,农村商业银行,抚州金融监管分局
1136,山西潞城农村商业银行股份有限公司,"Shanxi Lucheng Rural Commercial Bank Co.,Ltd.",B1431H314040002,农村商业银行,长治金融监管分局
1137,伊春农村商业银行股份有限公司,Yichun Rural Commercial Bank Company Limited,B1432H323070001,农村商业银行,伊春金融监管分局
1138,河南固始农村商业银行股份有限公司,Henan Gushi Rural Commercial Bank Company Limited,B1433H341150001,农村商业银行,信阳金融监管分局
1139,黄山屯溪农村商业银行股份有限公司,Huangshan Tunxi Rural Commercial Bank Company Limited,B1434H334100001,农村商业银行,黄山金融监管分局
1140,湖北十堰农村商业银行股份有限公司,无,B1437H342030001,农村商业银行,十堰金融监管分局
1141,甘肃灵台农村商业银行股份有限公司,无,B1438H362080001,农村商业银行,平凉金融监管分局
1142,吉林双阳农村商业银行股份有限公司,Jilin Shuangyang Rural Commercial Bank Company Limited,B1439H222010001,农村商业银行,吉林金融监管局
1143,吉林蛟河农村商业银行股份有限公司,Jilin Jiaohe Rural Commercial Bank Company Limited,B1440H322020001,农村商业银行,吉林金融监管分局
1144,广东阳春农村商业银行股份有限公司,Guangdong Yangchun Rural Commercial Bank Company Limited,B1441H344170001,农村商业银行,阳江金融监管分局
1145,江苏灌云农村商业银行股份有限公司,"Jiangsu Guanyun Rural Commercial Bank CO., LTD．",B1442H332070001,农村商业银行,连云港金融监管分局
1146,海口联合农村商业银行股份有限公司,"Haikou United Rural Commercial Bank Co.,Ltd.",B1443H246010001,农村商业银行,海南金融监管局
1147,烟台农村商业银行股份有限公司,无,B1444H337060001,农村商业银行,烟台金融监管分局
1148,浙江临海农村商业银行股份有限公司,ZheJiang LinHai Rural Commercial Bank Company Limited,B1446H333100001,农村商业银行,台州金融监管分局
1149,浙江诸暨农村商业银行股份有限公司,无,B1447H333060001,农村商业银行,绍兴金融监管分局
1150,阜阳颍泉农村商业银行股份有限公司,Fuyang Yingquan Rural Commercial Bank Company Limited.,B1448H334120001,农村商业银行,阜阳金融监管分局
1151,安徽黟县农村商业银行股份有限公司,"AnHui Yixian Rural Commercial Bank Co., Ltd.",B1449H334100001,农村商业银行,黄山金融监管分局
1152,河北井陉农村商业银行股份有限公司,无,B1452H213010001,农村商业银行,河北金融监管局
1153,河北宽城农村商业银行股份有限公司,无,B1453H313080001,农村商业银行,承德金融监管分局
1154,河北滦平农村商业银行股份有限公司,无,B1454H313080001,农村商业银行,承德金融监管分局
1155,河北围场农村商业银行股份有限公司,无,B1455H313080001,农村商业银行,承德金融监管分局
1156,河北文安农村商业银行股份有限公司,"Hebei Wenan Rural Commercial Bank Co.,Ltd.",B1456H313100001,农村商业银行,廊坊金融监管分局
1157,贵州湄潭农村商业银行股份有限公司,无,B1458H352030001,农村商业银行,遵义金融监管分局
1158,河北南皮农村商业银行股份有限公司,无,B1459H313090001,农村商业银行,沧州金融监管分局
1159,湖北京山农村商业银行股份有限公司,无,B1460H342080001,农村商业银行,荆门金融监管分局
1160,甘肃会宁农村商业银行股份有限公司,Gansu Huining Rural Commercial Bank Company Limited,B1461H362040001,农村商业银行,白银金融监管分局
1161,青海柴达木农村商业银行股份有限公司,"QINGHAI CHAIDAMU RURAL COMMERCIAL BANK CO.,LTD",B1462H363280001,农村商业银行,海西金融监管分局
1162,河南太康农村商业银行股份有限公司,Henan Taikang Rural Commercial Bank Company Limited,B1463H341160001,农村商业银行,周口金融监管分局
1163,湖北巴东农村商业银行股份有限公司,无,B1464H342280001,农村商业银行,恩施金融监管分局
1164,湖北谷城农村商业银行股份有限公司,无,B1465H342060001,农村商业银行,襄阳金融监管分局
1165,安徽天长农村商业银行股份有限公司,Anhui Tianchang Rural Commercial Bank Co.，Ltd,B1466H334110001,农村商业银行,滁州金融监管分局
1166,黄石农村商业银行股份有限公司,无,B1467H342020001,农村商业银行,黄石金融监管分局
1167,江苏丰县农村商业银行股份有限公司,"JIANGSU FENGXIAN RURAL COMMERCIAL BANK CO.,LTD",B1468H332030001,农村商业银行,徐州金融监管分局
1168,芜湖津盛农村商业银行股份有限公司,无,B1469H334020001,农村商业银行,芜湖金融监管分局
1169,遂宁农村商业银行股份有限公司,"Suining Rural Commercial Bank Co.,Ltd.",B1470H351090001,农村商业银行,遂宁金融监管分局
1170,湖北老河口农村商业银行股份有限公司,无,B1472H342060001,农村商业银行,襄阳金融监管分局
1171,江西广昌农村商业银行股份有限公司,Jiangxi Guangchang Rural Commercial Bank Co.，Ltd,B1473H336100001,农村商业银行,抚州金融监管分局
1172,浙江禾城农村商业银行股份有限公司,无,B1474H333040001,农村商业银行,嘉兴金融监管分局
1173,浙江建德农村商业银行股份有限公司,无,B1475H233010001,农村商业银行,浙江金融监管局
1174,青海格尔木农村商业银行股份有限公司,"QINGHAI GEERMU RURAL COMMERCIAL BANK CO.,LTD",B1476H363280001,农村商业银行,海西金融监管分局
1175,浙江温州龙湾农村商业银行股份有限公司,Zhejiang Wenzhou Longwan Rural Commercial Bank Company Limited,B1477H333030001,农村商业银行,温州金融监管分局
1176,广西隆林农村商业银行股份有限公司,"Guangxi Longlin Rural Commercial Bank Co.,Ltd",B1478H345100001,农村商业银行,百色金融监管分局
1177,吉林龙井农村商业银行股份有限公司,Jilin Longjing Rural Commercial Bank Company Limited,B1479H322240001,农村商业银行,延边金融监管分局
1178,山西运城农村商业银行股份有限公司,Shanxi Yuncheng Rural Commercial Bank Company Limited,B1481H314080001,农村商业银行,运城金融监管分局
1179,云南洱源农村商业银行股份有限公司,"Yunnan Eryuan Rural Commercial Bank Co.,Ltd.",B1483H353290001,农村商业银行,大理金融监管分局
1180,安徽界首农村商业银行股份有限公司,Anhui Jieshou Rural Commercial Bank Company Limited.,B1484H334120001,农村商业银行,阜阳金融监管分局
1181,江苏沛县农村商业银行股份有限公司,JIANGSU PEIXIAN RURAL COMMERCIAL BANK CO.，LTD,B1485H332030001,农村商业银行,徐州金融监管分局
1182,云南祥云农村商业银行股份有限公司,"Yunnan Xiangyun Rural Commercial Bank CO.,LTD.",B1486H353290001,农村商业银行,大理金融监管分局
1183,湖北江陵农村商业银行股份有限公司,无,B1487H342100001,农村商业银行,荆州金融监管分局
1184,黑龙江林甸农村商业银行股份有限公司,Heilongjiang Lindian Rural Commercial Bank Company Limited,B1488H323060001,农村商业银行,大庆金融监管分局
1185,贵州遵义农村商业银行股份有限公司,无,B1489H352030001,农村商业银行,遵义金融监管分局
1186,云南嵩明农村商业银行股份有限公司,"Yunnan Songming Rural Commercial Bank CO.,LTD.",B1490H253010001,农村商业银行,云南金融监管局
1187,黑龙江北安农村商业银行股份有限公司,Heilongjiang Beian Rural Commercial Bank Company Limited,B1491H323110001,农村商业银行,黑河金融监管分局
1188,云南寻甸农村商业银行股份有限公司,"Yunnan Xundian Rural Commercial Bank CO.,LTD.",B1492H253010001,农村商业银行,云南金融监管局
1189,云南景东农村商业银行股份有限公司,"Yunnan JingDong Rural Commercial Bank Co.,LTD.",B1493H353080001,农村商业银行,普洱金融监管分局
1190,山西垣曲农村商业银行股份有限公司,Shanxi Yuanqu Rural Commercial Bank Corporation,B1494H314080001,农村商业银行,运城金融监管分局
1191,湖南涟源农村商业银行股份有限公司,HUNAN LIANYUAN RURAL COMMERCIAL BANK CO.，LTD.,B1495H343130001,农村商业银行,娄底金融监管分局
1192,云南南华农村商业银行股份有限公司,"Yunnan Nanhua Rural Commercial Bank CO.,LTD.",B1496H353230001,农村商业银行,楚雄金融监管分局
1193,云南禄丰农村商业银行股份有限公司,Yunnan Lufeng Rural Commercial Bank CO.，LTD.,B1497H353230001,农村商业银行,楚雄金融监管分局
1194,山西左权农村商业银行股份有限公司,"Shanxi Zuoquan Rural Commercial Bank Co.,Ltd.",B1498H314070001,农村商业银行,晋中金融监管分局
1195,云南昌宁农村商业银行股份有限公司,"Yunnan Changning Rural Commercial Bank CO.,LTD.",B1499H353050001,农村商业银行,保山金融监管分局
1196,云南凤庆农村商业银行股份有限公司,Yunnan Fengqing Rural Commercial Bank CO.，LTD.,B1501H353090001,农村商业银行,临沧金融监管分局
1197,四川青川农村商业银行股份有限公司,Sichuan Qingchuan Rural Commercial Bank Co.，Ltd,B1502H351080001,农村商业银行,广元金融监管分局
1198,云南永胜农村商业银行股份有限公司,"Yunnan Yongsheng Rural Commercial Bank CO.,LTD.",B1503H353070001,农村商业银行,丽江金融监管分局
1199,浙江海盐农村商业银行股份有限公司,Zhejiang Haiyan Rural Commercial Bank Company Limited,B1504H333040001,农村商业银行,嘉兴金融监管分局
1200,山西繁峙农村商业银行股份有限公司,Shanxi Fanshi Rural Commercial Bank Corporation,B1505H314090001,农村商业银行,忻州金融监管分局
1201,云南昭通昭阳农村商业银行股份有限公司,"Yunnan Zhaotong Zhaoyang Rural Commercial Bank CO.,LTD.",B1506H353060001,农村商业银行,昭通金融监管分局
1202,江西南城农村商业银行股份有限公司,Jiangxi Nancheng Rural Commercial Bank Co.Ltd,B1507H336100001,农村商业银行,抚州金融监管分局
1203,江西崇仁农村商业银行股份有限公司,Jiangxi Chongren Rural Commercial Bank Co.Ltd,B1508H336100001,农村商业银行,抚州金融监管分局
1204,江西资溪农村商业银行股份有限公司,Jiangxi Zixi Rural Commercial Bank Co.Ltd,B1509H336100001,农村商业银行,抚州金融监管分局
1205,山西孝义农村商业银行股份有限公司,Shanxi XiaoYi Rural Commercial Bank Corporation,B1510H314110001,农村商业银行,吕梁金融监管分局
1206,湖州吴兴农村商业银行股份有限公司,"Huzhou Wuxing Rural Commercial Bank Co., Ltd.",B1511H333050001,农村商业银行,湖州金融监管分局
1207,云南文山市农村商业银行股份有限公司,"Yunnan Wenshan Rural Commercial Bank CO.,LTD.",B1512H353260001,农村商业银行,文山金融监管分局
1208,云南陆良农村商业银行股份有限公司,"Yunnan Luliang Rural Commercial Bank Co.,LTD.",B1513H353030001,农村商业银行,曲靖金融监管分局
1209,云南罗平农村商业银行股份有限公司,"Yunnan Luoping Rural Commercial Bank CO.,LTD.",B1514H353030001,农村商业银行,曲靖金融监管分局
1210,云南通海农村商业银行股份有限公司,"Yunnan Tonghai Rural Commercial Bank Co.,Ltd.",B1515H353040001,农村商业银行,玉溪金融监管分局
1211,云南易门农村商业银行股份有限公司,"Yunnan Yimen Rural Commercial Bank CO.,LTD.",B1516H353040001,农村商业银行,玉溪金融监管分局
1212,云南河口农村商业银行股份有限公司,"Yunnan Hekou Rural Commercial Bank CO.,LTD.",B1517H353250002,农村商业银行,红河金融监管分局
1213,云南弥勒农村商业银行股份有限公司,"Yunnan Mile Rural Commercial Bank CO.,LTD.",B1518H353250001,农村商业银行,红河金融监管分局
1214,云南勐腊农村商业银行股份有限公司,"Yunnan Mengla Rural Commercial Bank CO.,LTD.",B1520H353280001,农村商业银行,西双版纳金融监管分局
1215,山西平陆农村商业银行股份有限公司,Shanxi Pinglu Rural Commercial Bank Company Limited,B1521H314080001,农村商业银行,运城金融监管分局
1216,河北涞水农村商业银行股份有限公司,Hebei Laishui Rural Commercial Bank Company Limited,B1524H313060001,农村商业银行,保定金融监管分局
1217,江西弋阳农村商业银行股份有限公司,"Jiangxi Yiyang Rural Commercial Bank Co.,Ltd",B1525H336110001,农村商业银行,上饶金融监管分局
1218,江西余干农村商业银行股份有限公司,"Jiangxi Yugan Rural Commercial Bank Co.,Ltd",B1526H336110001,农村商业银行,上饶金融监管分局
1219,江西横峰农村商业银行股份有限公司,"Jiangxi Hengfeng Rural Commercial Bank Co.,Ltd",B1527H336110001,农村商业银行,上饶金融监管分局
1220,江西铅山农村商业银行股份有限公司,"Jiangxi Yanshan Rural Commercial Bank Co.,Ltd",B1528H336110001,农村商业银行,上饶金融监管分局
1221,江西广信农村商业银行股份有限公司,"Jiangxi Guangxin Rural Commercial Bank Co.,Ltd",B1529H336110001,农村商业银行,上饶金融监管分局
1222,江西鄱阳农村商业银行股份有限公司,"Jiangxi Poyang Rural Commercial Bank Co.,Ltd",B1530H336110001,农村商业银行,上饶金融监管分局
1223,江西万年农村商业银行股份有限公司,"Jiangxi Wannian Rural Commercial Bank Co.,Ltd",B1531H336110001,农村商业银行,上饶金融监管分局
1224,江西湖口农村商业银行股份有限公司,Jiang Xi Hukou Rural Commercial Bank Co.，Ltd,B1532H336040001,农村商业银行,九江金融监管分局
1225,江西都昌农村商业银行股份有限公司,"Jiang Xi Duchang Rural Commercial Bank Co.,Ltd",B1533H336040001,农村商业银行,九江金融监管分局
1226,江西广丰农村商业银行股份有限公司,"Jiangxi Guangfeng Rural Commercial Bank Co.,Ltd",B1534H336110001,农村商业银行,上饶金融监管分局
1227,河南叶县农村商业银行股份有限公司,Henan Yexian Rural Commercial Bank Company Limited,B1535H341040001,农村商业银行,平顶山金融监管分局
1228,江西进贤农村商业银行股份有限公司,"JiangXi JinXian Rural Commercial Bank Co.,LTD",B1536H236010001,农村商业银行,江西金融监管局
1229,吉林镇赉农村商业银行股份有限公司,Jilin Zhenlai Rural Commercial Bank Company Limited,B1537H322080001,农村商业银行,白城金融监管分局
1230,吉林桦甸农村商业银行股份有限公司,Jilin Huadian Rural Commercial Bank Company Limited,B1538H322020001,农村商业银行,吉林金融监管分局
1231,驻马店农村商业银行股份有限公司,Zhumadian Rural Commercial Bank Company limited,B1539H341170001,农村商业银行,驻马店金融监管分局
1232,黑龙江肇州农村商业银行股份有限公司,Heilongjiang Zhaozhou Rural Commercial Bank Company Limited,B1543H323060001,农村商业银行,大庆金融监管分局
1233,河南遂平农村商业银行股份有限公司,Henan Suiping Rural Commercial Bank Company limited,B1545H341170001,农村商业银行,驻马店金融监管分局
1234,黑龙江呼玛农村商业银行股份有限公司,Heilongjiang Huma Rural Commercial Bank Company Limited,B1546H323270001,农村商业银行,大兴安岭金融监管分局
1235,黑龙江塔河农村商业银行股份有限公司,Heilongjiang Tahe Rural Commercial Bank Company Limited,B1547H323270001,农村商业银行,大兴安岭金融监管分局
1236,黑龙江漠河农村商业银行股份有限公司,Heilongjiang Mohe Rural Commercial Bank Company Limited,B1548H323270001,农村商业银行,大兴安岭金融监管分局
1237,四川平武农村商业银行股份有限公司,"Sichuan Pingwu Rural Commercial Bank Co,Ltd",B1549H351070001,农村商业银行,绵阳金融监管分局
1238,四川三台农村商业银行股份有限公司,"Sichuan Santai Rural Commercial Bank Co.,Ltd",B1550H351070001,农村商业银行,绵阳金融监管分局
1239,黑龙江杜尔伯特农村商业银行股份有限公司,Heilongjiang Duerbote Rural Commercial Bank Company Limited,B1552H323060001,农村商业银行,大庆金融监管分局
1240,黑龙江逊克农村商业银行股份有限公司,Heilongjiang XunKe Rural Commercial Bank Company Limited,B1553H323110001,农村商业银行,黑河金融监管分局
1241,黑龙江同江农村商业银行股份有限公司,HEILONGJIANG TONGJIANG RURAL COMMERCIAL BANK LIMITED,B1554H323080001,农村商业银行,佳木斯金融监管分局
1242,黑龙江泰来农村商业银行股份有限公司,"Heilongjiang Tailai Rural Commercial Bank Co.,Ltd.",B1555H323020001,农村商业银行,齐齐哈尔金融监管分局
1243,黑龙江讷河农村商业银行股份有限公司,"Heilongjiang Nehe Rural Commercial Bank Co.,Ltd.",B1556H323020001,农村商业银行,齐齐哈尔金融监管分局
1244,新疆乌鲁木齐农村商业银行股份有限公司,Xinjiang Urumqi Rural Commercial Bank CO.LTD.,B1557H265010001,农村商业银行,新疆金融监管局
1245,河南商水农村商业银行股份有限公司,Henan Shangshui Rural Commercial Bank Company Limited,B1558H341160001,农村商业银行,周口金融监管分局
1246,浙江浦江农村商业银行股份有限公司,Zhejiang Pujiang Rural Commercial Bank Company Limited,B1559H333070001,农村商业银行,金华金融监管分局
1247,江西庐山农村商业银行股份有限公司,"Jiang Xi Lushan Rural Commercial Bank Co.,Ltd",B1562H336040001,农村商业银行,九江金融监管分局
1248,甘肃庄浪农村商业银行股份有限公司,无,B1564H362080001,农村商业银行,平凉金融监管分局
1249,甘肃静宁农村商业银行股份有限公司,无,B1565H362080001,农村商业银行,平凉金融监管分局
1250,甘肃华亭农村商业银行股份有限公司,无,B1566H362080001,农村商业银行,平凉金融监管分局
1251,吉林东丰农村商业银行股份有限公司,Jilin Dongfeng Rural Commercial Bank Company Limited,B1567H322040001,农村商业银行,辽源金融监管分局
1252,吉林通化海科农村商业银行股份有限公司,Jilin Tonghua Haike Rural Commercial Bank Company Limited,B1568H322050001,农村商业银行,通化金融监管分局
1253,吉林浑江农村商业银行股份有限公司,Jilin Hunjiang Rural Commercial Bank Company Limited,B1569H322060001,农村商业银行,白山金融监管分局
1254,湖南汨罗农村商业银行股份有限公司,"HuNan MiLuo Rural Commercial Bank Co.,Ltd.",B1570H343060001,农村商业银行,岳阳金融监管分局
1255,浙江磐安农村商业银行股份有限公司,Zhejiang Pan'An Rural Commercial Bank Company Limited,B1571H333070001,农村商业银行,金华金融监管分局
1256,黑龙江五常农村商业银行股份有限公司,Heilongjiang Wuchang Rural Commercial Bank Company Limited,B1573H223010001,农村商业银行,黑龙江金融监管局
1257,新疆奇台农村商业银行股份有限公司,XinJiang Qitai Rural Commercial Bank,B1574H365230001,农村商业银行,昌吉金融监管分局
1258,甘肃陇西农村商业银行股份有限公司,无,B1575H362110001,农村商业银行,定西金融监管分局
1259,甘肃岷县农村商业银行股份有限公司,无,B1576H362110001,农村商业银行,定西金融监管分局
1260,甘肃山丹农村商业银行股份有限公司,无,B1577H362070001,农村商业银行,张掖金融监管分局
1261,甘肃天祝农村商业银行股份有限公司,Gansu Tianzhu Rural Commercial Bank Company Limited,B1578H362060001,农村商业银行,武威金融监管分局
1262,甘肃古浪农村商业银行股份有限公司,Gansu Gulang Rural Commercial Bank Company Limited,B1579H362060001,农村商业银行,武威金融监管分局
1263,甘肃永昌农村商业银行股份有限公司,Gansu Yongchang Rural Commercial Bank Company Limited,B1580H362030001,农村商业银行,金昌金融监管分局
1264,甘肃玉门农村商业银行股份有限公司,Gansu Yumen Rural Commercial Bank Company Limited,B1581H362090001,农村商业银行,酒泉金融监管分局
1265,甘肃康县农村商业银行股份有限公司,Gansu kangxian Rural Commercial Bank Company Limited,B1582H362120001,农村商业银行,陇南金融监管分局
1266,甘肃两当农村商业银行股份有限公司,Gansu liangdang Rural Commercial Bank Company Limited,B1584H362120001,农村商业银行,陇南金融监管分局
1267,浙江衢州衢江农村商业银行股份有限公司,Zhejiang Quzhou Qujiang Rural Commercial Bank Company Limited,B1585H333080001,农村商业银行,衢州金融监管分局
1268,浙江龙游农村商业银行股份有限公司,ZheJiang LongYou Rural Commercial Bank Company Limited,B1586H333080001,农村商业银行,衢州金融监管分局
1269,河北玉田农村商业银行股份有限公司,Hebei Yutian Rural Commercial Bank Company Limited,B1587H313020001,农村商业银行,唐山金融监管分局
1270,株洲农村商业银行股份有限公司,"Zhuzhou Rural Commercial Bank Co.,Ltd",B1590H343020001,农村商业银行,株洲金融监管分局
1271,河南上蔡农村商业银行股份有限公司,Henan Shangcai Rural Commercial Bank Company Limited,B1591H341170001,农村商业银行,驻马店金融监管分局
1272,贵州桐梓农村商业银行股份有限公司,"Guizhou Tongzi Rural Commercial Bank Co.,Ltd",B1592H352030001,农村商业银行,遵义金融监管分局
1273,河南民权农村商业银行股份有限公司,Henan Minquan Rural Commercial Bank Company Limited,B1593H341140001,农村商业银行,商丘金融监管分局
1274,山西洪洞农村商业银行股份有限公司,Shanxi Hongtong Rural Commercial Bank Corporation,B1594H314100001,农村商业银行,临汾金融监管分局
1275,贵州三都农村商业银行股份有限公司,"Guizhou Sandu Rural Commercial Bank Co., Ltd.",B1595H352270001,农村商业银行,黔南金融监管分局
1276,金昌农村商业银行股份有限公司,Jinchang Rural Commercial Bank Company Limited,B1597H362030001,农村商业银行,金昌金融监管分局
1277,新疆呼图壁农村商业银行股份有限公司,Xinjiang Hutubi Rural Commercial Bank CO. Ltd.,B1598H365230001,农村商业银行,昌吉金融监管分局
1278,眉山农村商业银行股份有限公司,"MeiShan Rural Commercial Bank Co.,Ltd.",B1599H351140001,农村商业银行,眉山金融监管分局
1279,浙江松阳农村商业银行股份有限公司,Zhejiang Songyang Rural Commercial Bank C0.，Ltd.,B1601H333110001,农村商业银行,丽水金融监管分局
1280,湖南临湘农村商业银行股份有限公司,"HuNan LinXiang Rural Commercial Bank Co.,Ltd.",B1602H343060001,农村商业银行,岳阳金融监管分局
1281,黑龙江明水农村商业银行股份有限公司,Heilongjiang SuiLing Rural Commercial Bank Company Limited,B1603H323120001,农村商业银行,绥化金融监管分局
1282,四川泸县农村商业银行股份有限公司,Sichuan Luxian Rural Commercial Bank Co.，Ltd.,B1604H351050001,农村商业银行,泸州金融监管分局
1283,河北景州农村商业银行股份有限公司,Hebei Jingzhou Rural Commercial Bank Company Limited,B1605H313110001,农村商业银行,衡水金融监管分局
1284,浙江龙泉农村商业银行股份有限公司,"Zhejiang Longquan Rural Commercial Bank CO.,Ltd",B1608H333110001,农村商业银行,丽水金融监管分局
1285,青海同德农村商业银行股份有限公司,"QINGHAI TONGDE RURAL COMMERCIAL BANK CO.,LTD",B1609H363250001,农村商业银行,海南金融监管分局
1286,山西太谷农村商业银行股份有限公司,Shanxi TaiGu Rural Commercial Bank Company Limited,B1610H314070001,农村商业银行,晋中金融监管分局
1287,贵州普安农村商业银行股份有限公司,Guizhou puan Rural Commercial Bank CO. Ltd,B1612H352230001,农村商业银行,黔西南金融监管分局
1288,贵州晴隆农村商业银行股份有限公司,"Guizhou QingLong Rural Commercial Bank Co., Ltd.",B1613H352230001,农村商业银行,黔西南金融监管分局
1289,青海兴海农村商业银行股份有限公司,"QINGHAI XINGHAI RURAL COMMERCIAL BANK CO.,LTD",B1614H363250001,农村商业银行,海南金融监管分局
1290,青海同仁农村商业银行股份有限公司,"QINGHAI TONGREN RURAL COMMERCIAL BANK CO.,LTD",B1615H363230001,农村商业银行,黄南金融监管分局
1291,河北张北农村商业银行股份有限公司,无,B1616H313070001,农村商业银行,张家口金融监管分局
1292,广西马山农村商业银行股份有限公司,"Guangxi Mashan Rural Commercial Bank Co.,Ltd",B1617H245010001,农村商业银行,广西金融监管局
1293,河南邓州农村商业银行股份有限公司,Henan Dengzhou Rural Commercial Bank Company Limited,B1618H341130001,农村商业银行,南阳金融监管分局
1294,自贡农村商业银行股份有限公司,"Zigong Rural Commercial Bank Co.,Ltd",B1620H351030001,农村商业银行,自贡金融监管分局
1295,湖南沅江农村商业银行股份有限公司,"HuNan YuanJiang Rural Commercial Bank Co.,Ltd.",B1622H343090001,农村商业银行,益阳金融监管分局
1296,新疆尉犁农村商业银行股份有限公司,XinJiang Yuli Rural Commercial Bank CO.LTD.,B1623H365280001,农村商业银行,巴音郭楞金融监管分局
1297,山西稷山农村商业银行股份有限公司,Shanxi Jishan Rural Commercial Bank Corporation Limited,B1624H314080001,农村商业银行,运城金融监管分局
1298,新疆塔城农村商业银行股份有限公司,Xinjiang Tacheng Rural Commercial Bank CO.LTD.,B1625H365420001,农村商业银行,塔城金融监管分局
1299,河北涿州农村商业银行股份有限公司,无,B1626H313060001,农村商业银行,保定金融监管分局
1300,广西田林农村商业银行股份有限公司,"Guangxi Tianlin Rural Commercial Bank Co.,Ltd.",B1632H345100001,农村商业银行,百色金融监管分局
1301,浙江三门农村商业银行股份有限公司,ZheJiang Sanmen Rural Commercial Bank Company Limited,B1633H333100001,农村商业银行,台州金融监管分局
1302,广安农村商业银行股份有限公司,"Guangan Rural Commercial Bank Co.,Ltd.",B1634H351160001,农村商业银行,广安金融监管分局
1303,浙江遂昌农村商业银行股份有限公司,Zhejiang Suichang Rural Commercial Bank C0.，Ltd.,B1635H333110001,农村商业银行,丽水金融监管分局
1304,青海都兰农村商业银行股份有限公司,"QINGHAI DULAN RURAL COMMERCIAL BANK CO.,LTD",B1636H363280001,农村商业银行,海西金融监管分局
1305,浙江淳安农村商业银行股份有限公司,无,B1637H233010001,农村商业银行,浙江金融监管局
1306,安康农村商业银行股份有限公司,Ankang Rural Commercial Bank Company Limited,B1638H361090001,农村商业银行,安康金融监管分局
1307,四川乐至农村商业银行股份有限公司,"Sichuan Lezhi Rural Commercial Bank Co., Ltd.",B1639H351200001,农村商业银行,资阳金融监管分局
1308,黑龙江嫩江农村商业银行股份有限公司,Heilongjiang Nenjiang Rural Commercial Bank CompanyLimited,B1640H323110001,农村商业银行,黑河金融监管分局
1309,黑龙江五大连池农村商业银行股份有限公司,Heilongjiang Wudalianchi Rural Commercial Bank Company Limited,B1641H323110001,农村商业银行,黑河金融监管分局
1310,泸州农村商业银行股份有限公司,LuZhou Rural Commercial Bank Co.，Ltd.,B1642H351050001,农村商业银行,泸州金融监管分局
1311,河南新蔡农村商业银行股份有限公司,Henan Xincai Rural Commercial Bank Company limited,B1643H341170001,农村商业银行,驻马店金融监管分局
1312,青海祁连农村商业银行股份有限公司,"QINGHAI QILIAN RURAL COMMERCIAL BANK CO.,LTD.",B1644H363220001,农村商业银行,海北金融监管分局
1313,浙江温州洞头农村商业银行股份有限公司,Zhejiang WhenZhou DongTou Rural Commercial Bank Company Limited,B1645H333030001,农村商业银行,温州金融监管分局
1314,河南滑县农村商业银行股份有限公司,HeNan HuaXian Rural Commercial Bank Company Limited,B1646H341050001,农村商业银行,安阳金融监管分局
1315,浙江嵊泗农村商业银行股份有限公司,Zhejiang Shengsi Rural Commercial Bank Company Limited,B1647H333090001,农村商业银行,舟山金融监管分局
1316,山西左云农村商业银行股份有限公司,Shanxi Zuoyun Rural Commercial Bank Corporation,B1648H314020001,农村商业银行,大同金融监管分局
1317,广东信宜农村商业银行股份有限公司,Guangdong Xinyi Rural Commercial Bank Company Limited,B1650H344090001,农村商业银行,茂名金融监管分局
1318,河南尉氏农村商业银行股份有限公司,Henan Weishi Rural Commercial Bank Company Limited,B1652H341020001,农村商业银行,开封金融监管分局
1319,宁夏同心农村商业银行股份有限公司,"NingXia TongXin Rural Commercial Bank CO.,Ltd.",B1653H364030001,农村商业银行,吴忠金融监管分局
1320,河南通许农村商业银行股份有限公司,Henan TongXu Rural Commercial Bank Company Limited,B1654H341020001,农村商业银行,开封金融监管分局
1321,河南杞县农村商业银行股份有限公司,Henan Qixian Rural Commercial Bank Company Limited,B1655H341020001,农村商业银行,开封金融监管分局
1322,宁夏盐池农村商业银行股份有限公司,"NingXia YanChi Rural Commercial Bank CO.,Ltd.",B1656H364030001,农村商业银行,吴忠金融监管分局
1323,内江农村商业银行股份有限公司,"Nei Jiang Rural Commercial Bank CO.,Ltd",B1657H351100001,农村商业银行,内江金融监管分局
1324,浙江台州路桥农村商业银行股份有限公司,Zhejiang TaizhouLuqiao Rural Commercial Bank Company Limited,B1658H333100001,农村商业银行,台州金融监管分局
1325,河北丰宁农村商业银行股份有限公司,无,B1660H313080001,农村商业银行,承德金融监管分局
1326,四川富顺农村商业银行股份有限公司,"Sichuan FuShun Rural Commercial Bank Co.,Ltd.",B1662H351030001,农村商业银行,自贡金融监管分局
1327,广西上林农村商业银行股份有限公司,"Guangxi Shanglin Rural Commercial Bank Co.,Ltd",B1663H245010001,农村商业银行,广西金融监管局
1328,宁夏中宁农村商业银行股份有限公司,NingXia ZhongNing Rural Commercial Bank CO.，Ltd,B1664H364050001,农村商业银行,中卫金融监管分局
1329,黑龙江克东农村商业银行股份有限公司,Heilongjiang Kedong Rural Commercial Bank Company limited,B1665H323020001,农村商业银行,齐齐哈尔金融监管分局
1330,黑龙江鸡东农村商业银行股份有限公司,Heilongjiang Jidong Rural Commercial Bank Company Limited,B1666H323030001,农村商业银行,鸡西金融监管分局
1331,黑龙江方正农村商业银行股份有限公司,Heilongjiang Fangzheng Rural Commercial Bank Company Limited,B1667H223010001,农村商业银行,黑龙江金融监管局
1332,黑龙江通河农村商业银行股份有限公司,Heilongjiang Tonghe Rural Commercial Bank Company Limited,B1668H223010001,农村商业银行,黑龙江金融监管局
1333,浙江缙云农村商业银行股份有限公司,Zhejiang Jinyun Rural Commercial Bank Company Limited,B1669H333110001,农村商业银行,丽水金融监管分局
1334,河南襄城农村商业银行股份有限公司,Henan Xiangcheng Rural Commercial Bank Company Limited,B1670H341100001,农村商业银行,许昌金融监管分局
1335,河南沈丘农村商业银行股份有限公司,Henan Shenqiu Rural Commercial Bank Company Limited,B1671H341160001,农村商业银行,周口金融监管分局
1336,河南淮滨农村商业银行股份有限公司,Henan Huaibin Rural Commercial Bank Company Limited,B1672H341150001,农村商业银行,信阳金融监管分局
1337,河北滦州农村商业银行股份有限公司,Hebei Luanzhou Rural Commercial Bank Company Limited,B1675H313020001,农村商业银行,唐山金融监管分局
1338,资阳农村商业银行股份有限公司,"Ziyang Rural Commercial Bank Co.,Ltd",B1676H351200001,农村商业银行,资阳金融监管分局
1339,河南内乡农村商业银行股份有限公司,"Henan Neixiang Rural Commercial Bank Co.,Ltd.",B1677H341130001,农村商业银行,南阳金融监管分局
1340,山西曲沃农村商业银行股份有限公司,Shanxi Quwo Rural Commercial Bank Corporation,B1678H314100001,农村商业银行,临汾金融监管分局
1341,许昌农村商业银行股份有限公司,"Xuchang Rural Commercial Bank Co.,Ltd.",B1679H341100001,农村商业银行,许昌金融监管分局
1342,浙江兰溪农村商业银行股份有限公司,Zhejiang Lanxi Rural Commercial Bank Company Limited,B1680H333070001,农村商业银行,金华金融监管分局
1343,陕西子长农村商业银行股份有限公司,无,B1681H361060001,农村商业银行,延安金融监管分局
1344,宁夏彭阳农村商业银行股份有限公司,"NingXia PengYang Rural Commercial Bank CO., Ltd.",B1682H364040001,农村商业银行,固原金融监管分局
1345,新疆伊宁农村商业银行股份有限公司,"Xinjiang Yining Rural Commercial Bank Co., Ltd.",B1684H365400001,农村商业银行,伊犁金融监管分局
1346,山西黎城农村商业银行股份有限公司,"Shanxi Licheng Rural Commercial Bank Co.,Ltd.",B1685H314040001,农村商业银行,长治金融监管分局
1347,河南鹿邑农村商业银行股份有限公司,"Henan Luyi Rural Commercial Bank Co.,Ltd.",B1687H341160001,农村商业银行,周口金融监管分局
1348,湖南嘉禾农村商业银行股份有限公司,"HuNan JiaHe Rural Commercial Bank Co.,Ltd.",B1688H343100001,农村商业银行,郴州金融监管分局
1349,湖南祁东农村商业银行股份有限公司,"HuNan QiDong Rural Commercial Bank Co.,Ltd.",B1689H343040001,农村商业银行,衡阳金融监管分局
1350,河南浚县农村商业银行股份有限公司,"Henan Xunxian Rural Commercial Bank Co.,Ltd.",B1690H341060001,农村商业银行,鹤壁金融监管分局
1351,新疆阜康农村商业银行股份有限公司,"Xinjiang Fukang Rural Commercial Bank Co.,Ltd.",B1691H365230001,农村商业银行,昌吉金融监管分局
1352,广西西林农村商业银行股份有限公司,"Guangxi Xilin Rural Commercial Bank Co.,Ltd.",B1692H345100001,农村商业银行,百色金融监管分局
1353,河北大名农村商业银行股份有限公司,无,B1693H313040001,农村商业银行,邯郸金融监管分局
1354,山西柳林农村商业银行股份有限公司,Shanxi Liulin Rural Commercial Bank Corporation,B1698H314110001,农村商业银行,吕梁金融监管分局
1355,云南宾川农村商业银行股份有限公司,"Yunnan Binchuan Rural Commercial Bank Co.,Ltd.",B1699H353290001,农村商业银行,大理金融监管分局
1356,湖南株洲珠江农村商业银行股份有限公司,"Hunan Zhuzhou Zhujiang Rural Commercial Bank Co.,Ltd",B1700H343020001,农村商业银行,株洲金融监管分局
1357,晋中开发区农村商业银行股份有限公司,"Jinzhong Kaifaqu Rural Commercial Bank Co.,Ltd.",B1702H314070001,农村商业银行,晋中金融监管分局
1358,云南玉龙农村商业银行股份有限公司,"Yunnan Yulong Rural Commercial Bank Co.,Ltd.",B1704H353070001,农村商业银行,丽江金融监管分局
1359,山西榆社农村商业银行股份有限公司,Shanxi Yushe Rural Commercial Bank Corporation,B1705H314070001,农村商业银行,晋中金融监管分局
1360,丽江古城农村商业银行股份有限公司,"Lijiang Gucheng Rural Commercial Bank CO.,Ltd.",B1706H353070001,农村商业银行,丽江金融监管分局
1361,云南普洱思茅农村商业银行股份有限公司,"Yunnan Pu’er Simao Rural Commercial Bank Co.,Ltd.",B1707H353080001,农村商业银行,普洱金融监管分局
1362,云南大理市农村商业银行股份有限公司,"Yunnan Dali City Rural Commercial Bank Co.,Ltd.",B1708H353290001,农村商业银行,大理金融监管分局
1363,云南云龙农村商业银行股份有限公司,"Yunnan Yunlong Rural Commercial Bank Co.,Ltd.",B1709H353290001,农村商业银行,大理金融监管分局
1364,山西兴县农村商业银行股份有限公司,Shanxi Xingxian Rural Commercial Bank Corporation,B1710H314110001,农村商业银行,吕梁金融监管分局
1365,浙江庆元农村商业银行股份有限公司,"Zhejiang Qingyuan Rural Commercial Bank CO.,Ltd",B1711H333110001,农村商业银行,丽水金融监管分局
1366,黑龙江集贤农村商业银行股份有限公司,Heilongjiang Jixian Rural Commercial Bank Company Limited,B1712H323050001,农村商业银行,双鸭山金融监管分局
1367,黑龙江饶河农村商业银行股份有限公司,Heilongjiang Raohe Rural Commercial Bank Company Limited,B1713H323050001,农村商业银行,双鸭山金融监管分局
1368,浙江云和农村商业银行股份有限公司,"Zhejiang Yunhe Rural Commercial Bank CO.,Ltd",B1714H333110001,农村商业银行,丽水金融监管分局
1369,浙江仙居农村商业银行股份有限公司,Zhejiang Xianju Rural Commercial Bank Company Limited,B1715H333100001,农村商业银行,台州金融监管分局
1370,河北临西农村商业银行股份有限公司,Hebei Linxi Rural Commercial Bank Company Limited,B1716H313050001,农村商业银行,邢台金融监管分局
1371,四川丹棱农村商业银行股份有限公司,"Sichuan Danling Rural Commercial Bank Co.,Ltd.",B1717H351140001,农村商业银行,眉山金融监管分局
1372,德阳农村商业银行股份有限公司,"DeYang Rural Commercial Bank Co.,Ltd",B1718H351060001,农村商业银行,德阳金融监管分局
1373,四川剑阁农村商业银行股份有限公司,"Sichuan JianGe Rural Commercial Bank Co.,Ltd.",B1719H351080001,农村商业银行,广元金融监管分局
1374,湖南桂阳农村商业银行股份有限公司,"Hunan Guiyang Rural Commercial Bank Co.,Ltd.",B1720H343100001,农村商业银行,郴州金融监管分局
1375,甘肃崇信农村商业银行股份有限公司,无,B1721H362080001,农村商业银行,平凉金融监管分局
1376,河北香河农村商业银行股份有限公司,Hebei Xianghe Rural Commercial Bank Company Limited,B1725H313100001,农村商业银行,廊坊金融监管分局
1377,河南光山农村商业银行股份有限公司,"Henan Guangshan Rural Commercial Bank Co.,Ltd.",B1726H341150001,农村商业银行,信阳金融监管分局
1378,贵州修文农村商业银行股份有限公司,"GUIzhou Xiuwen Rural Commercial Bank CO.,Ltd",B1727H252010001,农村商业银行,贵州金融监管局
1379,贵州息烽农村商业银行股份有限公司,"Guizhou Xifeng Rural Commercial Bank Co., Ltd.",B1728H252010001,农村商业银行,贵州金融监管局
1380,浙江开化农村商业银行股份有限公司,ZhejiangKaihuaRuralCommercialBankCompan yLimited,B1729H333080001,农村商业银行,衢州金融监管分局
1381,青海海晏农村商业银行股份有限公司,"QINGHAI HAIYAN RURAL COMMERCIAL BANK CO.,LTD.",B1730H363220001,农村商业银行,海北金融监管分局
1382,青海刚察农村商业银行股份有限公司,"QINGHAI GANGCHA RURAL COMMERCIAL BANK CO.,LTD.",B1731H363220001,农村商业银行,海北金融监管分局
1383,贵州赫章农村商业银行股份有限公司,无,B1732H352240001,农村商业银行,毕节金融监管分局
1384,浙江常山农村商业银行股份有限公司,Zhejiang ChangShan Rural Commercial Bank Company Limited,B1733H333080001,农村商业银行,衢州金融监管分局
1385,青海贵南农村商业银行股份有限公司,"QINGHAI GUINAN RURAL COMMERCIAL BANK CO.,LTD.",B1734H363250001,农村商业银行,海南金融监管分局
1386,广西上思农村商业银行股份有限公司,"Guangxi Shangsi Rural Commercial Bank Co.,Ltd.",B1737H345060001,农村商业银行,防城港金融监管分局
1387,河南息县农村商业银行股份有限公司,"Henan Xi xian Rural Commercial Bank Co.,Ltd.",B1738H341150001,农村商业银行,信阳金融监管分局
1388,广西隆安农村商业银行股份有限公司,"Guangxi Longan Rural Commercial Bank Co.,Ltd",B1739H245010001,农村商业银行,广西金融监管局
1389,河北广宗农村商业银行股份有限公司,Hebei Guangzong Rural Commercial Bank Company Limited,B1740H313050001,农村商业银行,邢台金融监管分局
1390,河北任县农村商业银行股份有限公司,Hebei Renxian Rural Commercial Bank Company Limited,B1741H313050001,农村商业银行,邢台金融监管分局
1391,张家口农村商业银行股份有限公司,"Zhangjiakou Rural Commercial Bank Co.,Ltd.",B1744H313070001,农村商业银行,张家口金融监管分局
1392,广东紫金农村商业银行股份有限公司,Guangdong Zijin Rural Commercial Bank Company Limited,B1745H344160001,农村商业银行,河源金融监管分局
1393,广东连平农村商业银行股份有限公司,Guangdong Lianping Rural Commercial Bank Company Limited,B1746H344160001,农村商业银行,河源金融监管分局
1394,云南新平农村商业银行股份有限公司,"Yunnan Xinping Rural Commercial Bank Co.,Ltd.",B1747H353040001,农村商业银行,玉溪金融监管分局
1395,广东雷州农村商业银行股份有限公司,Guangdong Leizhou Rural Commercial Bank Company Limited,B1748H344080001,农村商业银行,湛江金融监管分局
1396,云南临沧临翔农村商业银行股份有限公司,"Yunnan lincang linxiang Rural Commercial Bank Co.,Ltd.",B1749H353090001,农村商业银行,临沧金融监管分局
1397,山西神池农村商业银行股份有限公司,"Shanxi Shenchi Rural Commercial Bank Co.,Ltd.",B1750H314090001,农村商业银行,忻州金融监管分局
1398,朔州农村商业银行股份有限公司,"Shuozhou Rural Commercial Bank Co.,Ltd.",B1751H314060001,农村商业银行,朔州金融监管分局
1399,山西怀仁农村商业银行股份有限公司,"Shanxi Huairen Rural Commercial Bank Co.,Ltd",B1752H314060001,农村商业银行,朔州金融监管分局
1400,河北安平农村商业银行股份有限公司,Hebei Anping Rural Commercial Bank Company Limited,B1753H313110001,农村商业银行,衡水金融监管分局
1401,广西陆川农村商业银行股份有限公司,"Guangxi Luchuan Rural Commercial Bank Co.,Ltd.",B1754H345090001,农村商业银行,玉林金融监管分局
1402,河北枣强农村商业银行股份有限公司,Hebei Zaoqiang Rural Commercial Bank Company Limited,B1756H313110001,农村商业银行,衡水金融监管分局
1403,河北深州农村商业银行股份有限公司,"Hebei Shenzhou Rural Commercial Bank Co., Ltd.",B1757H313110001,农村商业银行,衡水金融监管分局
1404,山西岢岚农村商业银行股份有限公司,Shanxi Kelan Rural Commercial Bank Corporation,B1758H314090001,农村商业银行,忻州金融监管分局
1405,山西沁源农村商业银行股份有限公司,Shanxi Qinyuan Rural Commercial Bank Co.Ltd.,B1759H314040001,农村商业银行,长治金融监管分局
1406,青海湟源农村商业银行股份有限公司,"QINGHAI HUANGYUAN RURAL COMMERCIAL BANK CO.,LTD",B1760H263010001,农村商业银行,青海金融监管局
1407,河北巨鹿农村商业银行股份有限公司,Hebei Julu Rural Commercial Bank Company Limited,B1762H313050001,农村商业银行,邢台金融监管分局
1408,云南大姚农村商业银行股份有限公司,"Yunnan Dayao Rural Commercial Bank Co.,Ltd.",B1763H353230001,农村商业银行,楚雄金融监管分局
1409,河北涿鹿农村商业银行股份有限公司,Hebei Zhuolu Rural Commercial Bank Company Limited,B1764H313070001,农村商业银行,张家口金融监管分局
1410,河北邢州农村商业银行股份有限公司,Hebei XingZhou Rural Commercial Bank Company Limited,B1765H313050001,农村商业银行,邢台金融监管分局
1411,云南威信农村商业银行股份有限公司,Yunnan Weixin Rural Commercial Bank Co.，Ltd.,B1766H353060001,农村商业银行,昭通金融监管分局
1412,广东清新农村商业银行股份有限公司,Guangdong Qingxin Rural Commercial Bank Company Limited,B1767H344180001,农村商业银行,清远金融监管分局
1413,贵州丹寨农村商业银行股份有限公司,"Guizhou Danzhai Rural Commercial Bank Co., Ltd.",B1768H352260001,农村商业银行,黔东南金融监管分局
1414,河北柏乡农村商业银行股份有限公司,Hebei Baixiang Rural Commercial Bank Company Limited,B1769H313050001,农村商业银行,邢台金融监管分局
1415,贵州道真农村商业银行股份有限公司,"Guizhou Daozhen Rural Commercial Bank Co., Ltd.",B1770H352030001,农村商业银行,遵义金融监管分局
1416,云南巍山农村商业银行股份有限公司,"Yunnan Weishan Rural Commercial Bank Co.,Ltd.",B1772H353290001,农村商业银行,大理金融监管分局
1417,河南泌阳农村商业银行股份有限公司,Henan Biyang Rural Commercial Bank Co.，Ltd.,B1773H341170001,农村商业银行,驻马店金融监管分局
1418,河北滦南农村商业银行股份有限公司,无,B1774H313020001,农村商业银行,唐山金融监管分局
1419,河北保定农村商业银行股份有限公司,Hebei Baoding Rural Commercial Bank Company Limited,B1775H313060001,农村商业银行,保定金融监管分局
1420,江门农村商业银行股份有限公司,Jiangmen Rural Commercial Bank Company Limited,B1776H344070001,农村商业银行,江门金融监管分局
1421,云南水富农村商业银行股份有限公司,"Yunnan Shuifu Rural Commercial Bank Co.,Ltd.",B1778H353060001,农村商业银行,昭通金融监管分局
1422,云南建水农村商业银行股份有限公司,"Yunnan Jianshui Rural Commercial Bank Co.,Ltd.",B1779H353250001,农村商业银行,红河金融监管分局
1423,宁波北仑农村商业银行股份有限公司,无,B1780H233020001,农村商业银行,宁波金融监管局
1424,云南玉溪红塔农村商业银行股份有限公司,Yunnan Yuxi Hongta Rural Commercial Bank Co.，Ltd.,B1781H353040001,农村商业银行,玉溪金融监管分局
1425,贵州凤冈农村商业银行股份有限公司,无,B1782H352030001,农村商业银行,遵义金融监管分局
1426,贵州务川农村商业银行股份有限公司,"Guizhou Wuchuan Rural Commercial Bank Co., Ltd.",B1783H352030001,农村商业银行,遵义金融监管分局
1427,云南景洪农村商业银行股份有限公司,"Yunnan Jinghong Rural Commercial Bank Co.,Ltd.",B1784H353280001,农村商业银行,西双版纳金融监管分局
1428,广东怀集农村商业银行股份有限公司,Guangdong Huaiji Rural Commercial Bank Company Limited,B1785H344120001,农村商业银行,肇庆金融监管分局
1429,齐齐哈尔农村商业银行股份有限公司,"Qiqihar Rural Commercial Bank Co.,Ltd.",B1786H323020001,农村商业银行,齐齐哈尔金融监管分局
1430,周口农村商业银行股份有限公司,"Zhoukou Rural Commercial Bank Co., Ltd.",B1787H341160001,农村商业银行,周口金融监管分局
1431,贵州普定农村商业银行股份有限公司,无,B1788H352040001,农村商业银行,安顺金融监管分局
1432,山西沁水农村商业银行股份有限公司,"Shanxi Qinshui Rural Commercial Bank Co.,Ltd.",B1789H314050001,农村商业银行,晋城金融监管分局
1433,梅州农村商业银行股份有限公司,"Meizhou Rural Commercial Bank Co.,Ltd.",B1790H344140001,农村商业银行,梅州金融监管分局
1434,河北卢龙农村商业银行股份有限公司,无,B1791H313030001,农村商业银行,秦皇岛金融监管分局
1435,广东广宁农村商业银行股份有限公司,"Guangdong Guangning Rural Commercial Bank Co.,Ltd.",B1792H344120001,农村商业银行,肇庆金融监管分局
1436,河北承德热河农村商业银行股份有限公司,无,B1794H313080001,农村商业银行,承德金融监管分局
1437,广东龙川农村商业银行股份有限公司,"Guangdong LongChuan Rural Commercial Bank Co.,Ltd",B1795H344160001,农村商业银行,河源金融监管分局
1438,黑龙江宝清农村商业银行股份有限公司,Heilongjiang Baoqing Rural Commercial Bank Company Limited,B1796H323050001,农村商业银行,双鸭山金融监管分局
1439,广东丰顺农村商业银行股份有限公司,"Guangdong Fengshun Rural Commercial Bank Co.,Ltd.",B1797H344140001,农村商业银行,梅州金融监管分局
1440,云南云县农村商业银行股份有限公司,"Yunnan Yunxian Rural Commercial Bank Co.,Ltd.",B1798H353090001,农村商业银行,临沧金融监管分局
1441,河北鸡泽农村商业银行股份有限公司,Hebei Jize Rural Commercial Bank Company Limited,B1799H313040001,农村商业银行,邯郸金融监管分局
1442,河北三河农村商业银行股份有限公司,Hebei Sanhe Rural Commercial Bank Company Limited,B1801H313100001,农村商业银行,廊坊金融监管分局
1443,青海河南农村商业银行股份有限公司,"QINGHAI HENAN RURAL COMMERCIAL BANK CO.,LTD",B1802H363230001,农村商业银行,黄南金融监管分局
1444,青海贵德农村商业银行股份有限公司,"QINGHAI GUIDE RURAL COMMERCIAL BANK CO.,LTD.",B1803H363250001,农村商业银行,海南金融监管分局
1445,山西河曲农村商业银行股份有限公司,"Shanxi Hequ Rural Commercial Bank Co.,Ltd.",B1804H314090001,农村商业银行,忻州金融监管分局
1446,山西原平农村商业银行股份有限公司,"Shanxi Yuanping Rural Commercial Bank Co.,Ltd.",B1805H314090002,农村商业银行,忻州金融监管分局
1447,黑龙江富裕农村商业银行股份有限公司,"Heilongjiang Fuyu Rural Commercial Bank Co.,Ltd.",B1806H323020001,农村商业银行,齐齐哈尔金融监管分局
1448,云南华宁农村商业银行股份有限公司,"Yunnan Huaning Rural Commercial Bank Co.,Ltd.",B1807H353040001,农村商业银行,玉溪金融监管分局
1449,广东蕉岭农村商业银行股份有限公司,"Guangdong Jiaoling Rural Commercial Bank Co.,Ltd.",B1808H344140001,农村商业银行,梅州金融监管分局
1450,河南南召农村商业银行股份有限公司,"Henan Nanzhao Rural Commercial Bank Co.,Ltd.",B1809H341130001,农村商业银行,南阳金融监管分局
1451,广东和平农村商业银行股份有限公司,"Guangdong Heping Rural Commercial Bank Co.,Ltd.",B1810H344160001,农村商业银行,河源金融监管分局
1452,宜宾农村商业银行股份有限公司,"YiBin Rural Commercial Bank Co.,Ltd",B1811H351150001,农村商业银行,宜宾金融监管分局
1453,山西沁县农村商业银行股份有限公司,"Shanxi Qinxian Rural Commercial Bank Co.,Ltd.",B1812H314040001,农村商业银行,长治金融监管分局
1454,河北迁安农村商业银行股份有限公司,无,B1813H313020001,农村商业银行,唐山金融监管分局
1455,大同农村商业银行股份有限公司,Datong Rural Commercial Bank Co.，Ltd.,B1814H314020001,农村商业银行,大同金融监管分局
1456,黑龙江汤原农村商业银行股份有限公司,HEILONFJIANF TANGYUAN RURAL COMMERCIAL BANK LIMITED,B1815H323080001,农村商业银行,佳木斯金融监管分局
1457,广东罗定农村商业银行股份有限公司,"Guangdong Luoding Rural Commercial Bank Co.,Ltd.",B1819H344530001,农村商业银行,云浮金融监管分局
1458,广东佛冈农村商业银行股份有限公司,"Guangdong Fogang Rural Commercial Bank Co.,Ltd",B1820H344180001,农村商业银行,清远金融监管分局
1459,广东南澳农村商业银行股份有限公司,"Guangdong Nanao Rural Commercial Bank Co.,Ltd.",B1821H344050001,农村商业银行,汕头金融监管分局
1460,河北霸州农村商业银行股份有限公司,"Hebei Bazhou Rural Commercial Bank Co.,Ltd.",B1822H313100001,农村商业银行,廊坊金融监管分局
1461,黑龙江绥滨农村商业银行股份有限公司,HeiLongJiang Suibin Rural Commercial Bank,B1823H323040001,农村商业银行,鹤岗金融监管分局
1462,河北阳原农村商业银行股份有限公司,无,B1824H313070001,农村商业银行,张家口金融监管分局
1463,新疆木垒农村商业银行股份有限公司,"Xinjiang Mulei Rural Commercial Bank CO.,Ltd.",B1825H365230001,农村商业银行,昌吉金融监管分局
1464,新疆北屯农村商业银行股份有限公司,"Xinjiang Beitun Rural Commercial Bank Co.,Ltd.",B1826H365430001,农村商业银行,阿勒泰金融监管分局
1465,河北安国农村商业银行股份有限公司,无,B1827H313060001,农村商业银行,保定金融监管分局
1466,青海循化农村商业银行股份有限公司,"QINGHAI XUNHUA RURAL COMMERCIAL BANK CO.,LTD",B1828H363210001,农村商业银行,海东金融监管分局
1467,福建建瓯农村商业银行股份有限公司,"Fujian Jian'ou Rural Commercial Bank Co.,Ltd.",B1829H335070002,农村商业银行,南平金融监管分局
1468,河北平山农村商业银行股份有限公司,"Hebei Pingshan Rural Commercial Bank Co.,Ltd.",B1830H213010001,农村商业银行,河北金融监管局
1469,广西浦北农村商业银行股份有限公司,"Guangxi PuBei Rural Commercial Bank Co.,Ltd.",B1831H345070001,农村商业银行,钦州金融监管分局
1470,广东阳山农村商业银行股份有限公司,"Guangdong Yangshan Rural Commercial Bank Co.,Ltd.",B1832H344180001,农村商业银行,清远金融监管分局
1471,广东新丰农村商业银行股份有限公司,"Guangdong Xinfeng Rural Commercial Bank Co., Ltd.",B1833H344020001,农村商业银行,韶关金融监管分局
1472,广东鹤山农村商业银行股份有限公司,"Guangdong Heshan Rural Commercial Bank Co., Ltd.",B1834H344070001,农村商业银行,江门金融监管分局
1473,广东五华农村商业银行股份有限公司,"Guangdong Wuhua Rural Commercial Bank Co.,Ltd.",B1835H344140001,农村商业银行,梅州金融监管分局
1474,广东兴宁农村商业银行股份有限公司,"Guangdong Xingning Rural Commercial Bank Co.,Ltd.",B1836H344140001,农村商业银行,梅州金融监管分局
1475,广东乳源农村商业银行股份有限公司,"Guangdong Ruyuan Rural Commercial Bank Co., Ltd.",B1837H344020001,农村商业银行,韶关金融监管分局
1476,广东遂溪农村商业银行股份有限公司,"Guangdong Suixi Rural Commercial Bank Co., Ltd.",B1838H344080001,农村商业银行,湛江金融监管分局
1477,山西昔阳农村商业银行股份有限公司,"Shanxi Xiyang Rural Commercial Bank Co.,Ltd.",B1839H314070001,农村商业银行,晋中金融监管分局
1478,广东始兴农村商业银行股份有限公司,"Guangdong Shixing Rural Commercial Bank Co., Ltd.",B1840H344020001,农村商业银行,韶关金融监管分局
1479,黑龙江克山农村商业银行股份有限公司,"Heilongjiang Keshan Rural Commercial Bank Co.,Ltd.",B1841H323020001,农村商业银行,齐齐哈尔金融监管分局
1480,河北固安农村商业银行股份有限公司,Hebei Gu＇an Rural Commercial Bank Company Limited,B1842H313100001,农村商业银行,廊坊金融监管分局
1481,广东连州农村商业银行股份有限公司,"Guangdong Lianzhou Rural Commercial Bank Co.,Ltd.",B1843H344180001,农村商业银行,清远金融监管分局
1482,青海果洛农村商业银行股份有限公司,QINGHAI GUOLUO RURAL COMMERCIAL BANK CO.，LTD.,B1844H363260001,农村商业银行,果洛金融监管分局
1483,贵州镇远农村商业银行股份有限公司,"Guizhou Zhenyuan Rural Commercial Bank Co.,Ltd.",B1845H352260001,农村商业银行,黔东南金融监管分局
1484,河北永清农村商业银行股份有限公司,"Hebei Yongqing Rural Commercial Bank Co.,Ltd.",B1846H313100001,农村商业银行,廊坊金融监管分局
1485,河南柘城农村商业银行股份有限公司,"Henan Zhecheng Rural Commercial Bank Co.,Ltd.",B1847H341140001,农村商业银行,商丘金融监管分局
1486,河南扶沟农村商业银行股份有限公司,"Henan Fugou Rural Commercia1 Bank Co.,Ltd.,",B1848H341160001,农村商业银行,周口金融监管分局
1487,湖南岳阳巴陵农村商业银行股份有限公司,"Hunan Yueyang Baling Rural Commercial Bank Co.,Ltd.",B1850H343060001,农村商业银行,岳阳金融监管分局
1488,新疆吉木萨尔农村商业银行股份有限公司,"Xinjiang Jimusar Rural Commercial Bank Co.,Ltd.",B1851H365230001,农村商业银行,昌吉金融监管分局
1489,青海乌兰农村商业银行股份有限公司,"QINGHAI WULAN RURAL COMMERCIAL BANK C0., LTD.",B1852H363280001,农村商业银行,海西金融监管分局
1490,广东乐昌农村商业银行股份有限公司,"Guangdong Lechang Rural Commercial Bank Co., Ltd.",B1853H344020001,农村商业银行,韶关金融监管分局
1491,河北元氏农村商业银行股份有限公司,"Hebei Yuanshi Rural Commercial Bank Co.,Ltd.",B1854H213010001,农村商业银行,河北金融监管局
1492,新疆轮台农村商业银行股份有限公司,"Xinjiang Luntai Rural Commercial Bank Co.,Ltd.",B1855H365280001,农村商业银行,巴音郭楞金融监管分局
1493,河北灵寿农村商业银行股份有限公司,"Hebei Lingshou Rural Commercial Bank Co.,Ltd.",B1856H213010001,农村商业银行,河北金融监管局
1494,河南平舆农村商业银行股份有限公司,"Henan Pingyu Rural Commercial Bank Co.,Ltd.",B1857H341170001,农村商业银行,驻马店金融监管分局
1495,新疆霍城农村商业银行股份有限公司,"Xinjiang HuoCheng Rural Commercial Bank Co.,Ltd.",B1858H365400001,农村商业银行,伊犁金融监管分局
1496,山西和顺农村商业银行股份有限公司,"Shanxi Heshun Rural Commercial Bank Co.,Ltd.",B1859H314070001,农村商业银行,晋中金融监管分局
1497,青海湟中农村商业银行股份有限公司,"QINGHAI HUANGZHONG RURAL COMMERCIAL BANK CO.,LTD.",B1860H263010001,农村商业银行,青海金融监管局
1498,山西万荣农村商业银行股份有限公司,"Shanxi Wanrong Rural Commercial Bank Co.,Ltd.",B1861H314080001,农村商业银行,运城金融监管分局
1499,广东高州农村商业银行股份有限公司,"Guangdong Gaozhou Rural Commercial Bank Co.,Ltd.",B1862H344090001,农村商业银行,茂名金融监管分局
1500,贵州玉屏农村商业银行股份有限公司,无,B1863H352220001,农村商业银行,铜仁金融监管分局
1501,山西保德农村商业银行股份有限公司,"Shanxi Baode Rural Commercial Bank Co.,Ltd.",B1864H314090001,农村商业银行,忻州金融监管分局
1502,山西静乐农村商业银行股份有限公司,"Shanxi Jingle Rural Commercial Bank Co.,Ltd.",B1865H314090001,农村商业银行,忻州金融监管分局
1503,广东连南农村商业银行股份有限公司,"Guangdong Liannan Rural Commercial Bank Co., Ltd.",B1866H344180001,农村商业银行,清远金融监管分局
1504,云南广南农村商业银行股份有限公司,"Yunnan Guangnan Rural Commercial Bank Co.,Ltd.",B1867H353260001,农村商业银行,文山金融监管分局
1505,云南马关农村商业银行股份有限公司,"Yunnan Maguan Rural Commercial Bank CO.,LTD.",B1868H353260001,农村商业银行,文山金融监管分局
1506,广东连山农村商业银行股份有限公司,"Guangdong Lianshan Rural Commercial Bank Co., Ltd.",B1869H344180001,农村商业银行,清远金融监管分局
1507,潮州农村商业银行股份有限公司,Chaozhou Rural Commercial Bank Co.， Ltd.,B1870H344510001,农村商业银行,潮州金融监管分局
1508,广东仁化农村商业银行股份有限公司,Guangdong Renhua Rural Commercial Bank Co.，Ltd.,B1871H344020001,农村商业银行,韶关金融监管分局
1509,青海民和农村商业银行股份有限公司,"QingHai MinHe Rural Commercial Bank Co.,Ltd.",B1872H363210001,农村商业银行,海东金融监管分局
1510,广东开平农村商业银行股份有限公司,"Guangdong Kaiping Rural Commercial Bank Co., Ltd.",B1874H344070001,农村商业银行,江门金融监管分局
1511,广东封开农村商业银行股份有限公司,Guangdong Fengkai Rural Commercial Bank Co.，Ltd.,B1875H344120001,农村商业银行,肇庆金融监管分局
1512,广东南雄农村商业银行股份有限公司,"Guangdong Nanxiong Rural Commercial Bank Co.,Ltd.",B1876H344020001,农村商业银行,韶关金融监管分局
1513,广东徐闻农村商业银行股份有限公司,"Guangdong Xuwen Rural Commercial Bank Co., Ltd.",B1878H344080001,农村商业银行,湛江金融监管分局
1514,广东英德农村商业银行股份有限公司,"Guangdong Yingde Rural Commercial Bank Co., Ltd.",B1879H344180001,农村商业银行,清远金融监管分局
1515,山西隰县农村商业银行股份有限公司,Shanxi Xixian Rural Commercial Bank Corporation,B1880H314100001,农村商业银行,临汾金融监管分局
1516,山西永和农村商业银行股份有限公司,Shanxi Yonghe Rural Commercial Bank Corporation,B1881H314100001,农村商业银行,临汾金融监管分局
1517,黑龙江庆安农村商业银行股份有限公司,Heilongjiang QingAn Rural Commercial Bank Company Limited,B1882H323120001,农村商业银行,绥化金融监管分局
1518,四川岳池农村商业银行股份有限公司,"SiChuan YueChi Rural Commercial Bank Co.,Ltd.",B1883H351160001,农村商业银行,广安金融监管分局
1519,广东陆河农村商业银行股份有限公司,"Guangdong Luhe Rural Commercial Bank Co.,Ltd.",B1884H344150001,农村商业银行,汕尾金融监管分局
1520,山西安泽农村商业银行股份有限公司,"Shanxi Anze Rural Commercial Bank Co.,Ltd.",B1885H314100001,农村商业银行,临汾金融监管分局
1521,山西岚县农村商业银行股份有限公司,"Shanxi Lanxian Rural Commercial Bank Co.,Ltd.",B1886H314110001,农村商业银行,吕梁金融监管分局
1522,河南新野农村商业银行股份有限公司,"Henan Xinye Rural Commercial Bank Co.,Ltd.",B1887H341130001,农村商业银行,南阳金融监管分局
1523,广东德庆农村商业银行股份有限公司,Guangdong Deqing Rural Commercial Bank Co.，Ltd.,B1889H344120001,农村商业银行,肇庆金融监管分局
1524,广东台山农村商业银行股份有限公司,"Guangdong Taishan Rural Commercial Bank Co.,Ltd.",B1890H344070001,农村商业银行,江门金融监管分局
1525,河南淅川农村商业银行股份有限公司,"Henan Xichua Rural Commercial Bank Co.,Ltd.",B1891H341130001,农村商业银行,南阳金融监管分局
1526,广东海丰农村商业银行股份有限公司,"Guangdong Haifeng Rural Commercial Bank Co.,Ltd.",B1892H344150001,农村商业银行,汕尾金融监管分局
1527,浙江绍兴恒信农村商业银行股份有限公司,无,B1894H333060001,农村商业银行,绍兴金融监管分局
1528,广东陆丰农村商业银行股份有限公司,"Guangdong Lufeng Rural Commercial Bank Co.,Ltd.",B1895H344150001,农村商业银行,汕尾金融监管分局
1529,河南灵宝农村商业银行股份有限公司,"Henan Lingbao Rural Commercial Bank Co.,Ltd.",B1897H341120001,农村商业银行,三门峡金融监管分局
1530,广东阳西农村商业银行股份有限公司,"Guangdong Yangxi Rural Commercial Bank Co.,Ltd.",B1899H344170001,农村商业银行,阳江金融监管分局
1531,云南龙陵农村商业银行股份有限公司,"Yunnan Longling Rural Commercial Bank Co., Ltd.",B1900H353050001,农村商业银行,保山金融监管分局
1532,广西灵川农村商业银行股份有限公司,"GuangXi LingChuan Rural Commercial Bank Co.,Ltd",B1901H345030001,农村商业银行,桂林金融监管分局
1533,广东化州农村商业银行股份有限公司,"Guangdong Huazhou Rural Commercial Bank Co.,Ltd.",B1902H344090001,农村商业银行,茂名金融监管分局
1534,云南施甸农村商业银行股份有限公司,"Yunnan Shidian Rural Commercial Bank Co.,Ltd.",B1903H353050001,农村商业银行,保山金融监管分局
1535,青海尖扎农村商业银行股份有限公司,"QINGHAI JIANZHA RURAL COMMERCIAL BANK CO.,LTD.",B1904H363230001,农村商业银行,黄南金融监管分局
1536,青海泽库农村商业银行股份有限公司,"QINGHAI ZEKU RURAL COMMERCIAL BANK CO.,LTD",B1905H363230001,农村商业银行,黄南金融监管分局
1537,湛江农村商业银行股份有限公司,"Zhanjiang Rural Commercial Bank Co., Ltd.",B1907H344080001,农村商业银行,湛江金融监管分局
1538,山西灵丘农村商业银行股份有限公司,Shanxi Lingqiu Rural Commercial Bank Co.,B1908H314020001,农村商业银行,大同金融监管分局
1539,贵州印江农村商业银行股份有限公司,无,B1910H352220001,农村商业银行,铜仁金融监管分局
1540,宁夏泾源农村商业银行股份有限公司,"NingXia JingYuan Rural Commercial Bank CO., Ltd.",B1911H364040001,农村商业银行,固原金融监管分局
1541,贵州贵定农村商业银行股份有限公司,无,B1912H352270001,农村商业银行,黔南金融监管分局
1542,广东廉江农村商业银行股份有限公司,"Guangdong Lianjiang Rural Commercial Bank Co.,Ltd.",B1913H344080001,农村商业银行,湛江金融监管分局
1543,新疆富蕴农村商业银行股份有限公司,Xinjiang Fuyun Rural Commercial Bank Company Limited,B1914H365430001,农村商业银行,阿勒泰金融监管分局
1544,青海天峻农村商业银行股份有限公司,"QINGHAI TIANJUN RURAL COMMERCIAL BANK CO.,LTD.",B1915H363280001,农村商业银行,海西金融监管分局
1545,阳泉农村商业银行股份有限公司,"Yangquan Rural Commercial Bank Co.,Ltd.",B1916H314030001,农村商业银行,阳泉金融监管分局
1546,云南宁蒗农村商业银行股份有限公司,"Yunnan Ninglang Rural Commercial Bank Co.,Ltd.",B1917H353070001,农村商业银行,丽江金融监管分局
1547,青海化隆农村商业银行股份有限公司,"Qinghai HuaLong Rural Commercial Bank CO.,LTD",B1919H363210001,农村商业银行,海东金融监管分局
1548,宁夏海原农村商业银行股份有限公司,Ningxia Haiyuan Rural Commercial Bank CO.，Ltd,B1920H364050001,农村商业银行,中卫金融监管分局
1549,贵州剑河农村商业银行股份有限公司,"Guizhou Jianhe Rura1 Commercia1 Bank Co.,Ltd.",B1921H352260001,农村商业银行,黔东南金融监管分局
1550,云南孟连农村商业银行股份有限公司,"Yunnan Menglian Rural Commercial Bank Co., Ltd.",B1922H353080001,农村商业银行,普洱金融监管分局
1551,山西右玉农村商业银行股份有限公司,"Shanxi Youyu Rural Commercial Bank Co.,Ltd.",B1923H314060001,农村商业银行,朔州金融监管分局
1552,黑龙江安达农村商业银行股份有限公司,Heilongjiang AnDa Rural Commercial Bank Company Limited,B1925H323120001,农村商业银行,绥化金融监管分局
1553,广西巴马农村商业银行股份有限公司,"Guangxi BaMa Rural Commercial Bank Co.,Ltd.",B1926H345120001,农村商业银行,河池金融监管分局
1554,山西宁武农村商业银行股份有限公司,"Shanxi Ningwu Rural Commercial Bank Co.,Ltd.",B1927H314090001,农村商业银行,忻州金融监管分局
1555,山西五寨农村商业银行股份有限公司,"Shanxi Wuzhai Rural Commercial Bank Co.,Ltd.",B1928H314090001,农村商业银行,忻州金融监管分局
1556,吉林通榆农村商业银行股份有限公司,Jilin Tongyu Rural Commercial Bank Company Limited,B1929H322080001,农村商业银行,白城金融监管分局
1557,广东茂名农村商业银行股份有限公司,"GuangdongMaomingRuralCommercialBankCo., Ltd.",B1930H344090001,农村商业银行,茂名金融监管分局
1558,山西大宁农村商业银行股份有限公司,"Shanxi Daning Rural Commercial Bank Co.,Ltd.",B1931H314100001,农村商业银行,临汾金融监管分局
1559,广东吴川农村商业银行股份有限公司,"Guangdong Wuchuan Rural Commercial Bank Co.,Ltd.",B1933H344080001,农村商业银行,湛江金融监管分局
1560,新疆昭苏农村商业银行股份有限公司,"Xinjiang ZhaoSu Rural Commercial Bank Co.,Ltd.",B1934H365400001,农村商业银行,伊犁金融监管分局
1561,云南彝良农村商业银行股份有限公司,"Yunnan Yiliang Rural Commercial Bank Co.,Ltd.",B1935H353060001,农村商业银行,昭通金融监管分局
1562,石家庄鹿泉农村商业银行股份有限公司,Shijiazhuang Luquan Rural Commercial Bank Co.，Ltd.,B1936H213010001,农村商业银行,河北金融监管局
1563,广西荔浦农村商业银行股份有限公司,"Guangxi Lipu Rural Commercial Bank Co.,Ltd",B1937H345030001,农村商业银行,桂林金融监管分局
1564,阳江农村商业银行股份有限公司,"Yangjiang Rural Commercial Bank Co., Ltd.",B1938H344170001,农村商业银行,阳江金融监管分局
1565,山西定襄农村商业银行股份有限公司,"Shanxi Dingxiang Rural Commercial Bank Co.,Ltd.",B1939H314090001,农村商业银行,忻州金融监管分局
1566,肇庆农村商业银行股份有限公司,"Zhaoqing Rural Commercial Bank Co., Ltd.",B1940H344120001,农村商业银行,肇庆金融监管分局
1567,云南永平农村商业银行股份有限公司,"Yunnan Yongping Rural Commercial Bank CO.,LTD.",B1942H353290001,农村商业银行,大理金融监管分局
1568,广西融水农村商业银行股份有限公司,"Guangxi Rongshui Rural Commercial Bank Co.,Ltd",B1943H345020001,农村商业银行,柳州金融监管分局
1569,陕西岐山农村商业银行股份有限公司,无,B1944H361030001,农村商业银行,宝鸡金融监管分局
1570,陕西宝鸡金台农村商业银行股份有限公司,无,B1945H361030001,农村商业银行,宝鸡金融监管分局
1571,山西祁县农村商业银行股份有限公司,"Shanxi Qixian Rural Commercial Bank Co.,Ltd.",B1946H314070001,农村商业银行,晋中金融监管分局
1572,云南弥渡农村商业银行股份有限公司,"Yunnan Midu Rural Commercial Bank CO.,LTD.",B1947H353290001,农村商业银行,大理金融监管分局
1573,云南元谋农村商业银行股份有限公司,"Yunnan Yuanmou Rural Commercial Bank Co.,Ltd.",B1948H353230001,农村商业银行,楚雄金融监管分局
1574,河南林州农村商业银行股份有限公司,"Henan Linzhou Rural Commercial Bank Co.,Ltd.",B1950H341050001,农村商业银行,安阳金融监管分局
1575,绥化农村商业银行股份有限公司,SuiHua Rural Commercial Bank Company Limited,B1951H323120001,农村商业银行,绥化金融监管分局
1576,山西云州农村商业银行股份有限公司,ShanXi YunZhou Rural Commercial Bank Company Limited,B1953H314020001,农村商业银行,大同金融监管分局
1577,山西古县农村商业银行股份有限公司,"Shanxi Guxian Rural Commercial Bank Co.,Ltd.",B1955H314100001,农村商业银行,临汾金融监管分局
1578,山西吉县农村商业银行股份有限公司,"Shanxi Jixian Rural Commercial Bank Co.,Ltd.",B1956H314100001,农村商业银行,临汾金融监管分局
1579,山西浑源农村商业银行股份有限公司,Shanxi HunYuan Rural Commercial Bank Company Limited,B1957H314020001,农村商业银行,大同金融监管分局
1580,新疆布尔津喀纳斯农村商业银行股份有限公司,"Xinjiang Buerjin Kanas Rural Commercial Bank Co.,Ltd.",B1958H365430001,农村商业银行,阿勒泰金融监管分局
1581,山西平定农村商业银行股份有限公司,"Shanxi Pingding Rural Commercial Bank Co.,Ltd.",B1960H314030001,农村商业银行,阳泉金融监管分局
1582,云南会泽农村商业银行股份有限公司,"Yunnan Huize Rural Commercial Bank Co.,Ltd.",B1961H353030001,农村商业银行,曲靖金融监管分局
1583,山西新绛农村商业银行股份有限公司,"Shanxi Xinjiang Rural Commercial Bank CO.,Ltd",B1962H314080001,农村商业银行,运城金融监管分局
1584,广西罗城农村商业银行股份有限公司,"Guangxi Luocheng Rural Commercial Bank Co.,Ltd.",B1963H345120001,农村商业银行,河池金融监管分局
1585,韶关农村商业银行股份有限公司,Shaoguan Rural Commercial Bank Co.， Ltd.,B1966H344020001,农村商业银行,韶关金融监管分局
1586,广西金秀农村商业银行股份有限公司,"Guangxi Jinxiu Rural Commercial Bank Co.,Ltd.",B1967H345130001,农村商业银行,来宾金融监管分局
1587,福建安溪农村商业银行股份有限公司,"Fujian Anxi Rural Commercial Bank Co.,Ltd.",B1968H335050001,农村商业银行,泉州金融监管分局
1588,广东惠来农村商业银行股份有限公司,"Guangdong Huilai Rural Commercial Bank Co.,Ltd",B1969H344520001,农村商业银行,揭阳金融监管分局
1589,云南鹤庆农村商业银行股份有限公司,"Yunnan Heqing Rural Commercial Bank Co., Ltd.",B1970H353290001,农村商业银行,大理金融监管分局
1590,陕西佛坪农村商业银行股份有限公司,"Shaanxi Foping Rural Commercial Bank Co.,Ltd.",B1971H361070001,农村商业银行,汉中金融监管分局
1591,福建永安农村商业银行股份有限公司,Fujian yong’an Rural Commercial Bank Company Limited,B1972H335040001,农村商业银行,三明金融监管分局
1592,吕梁农村商业银行股份有限公司,"Lvliang Rural Commercial Bank Co., Ltd.",B1974H314110001,农村商业银行,吕梁金融监管分局
1593,云南隆阳农村商业银行股份有限公司,"Yunnan Longyang Rural Commercial Bank Co., Ltd.",B1975H353050001,农村商业银行,保山金融监管分局
1594,云南澄江农村商业银行股份有限公司,"Yunnan Chengjiang Rural Commercial Bank Co.,Ltd.",B1976H353040001,农村商业银行,玉溪金融监管分局
1595,广东云浮农村商业银行股份有限公司,"Guangdong Yunfu Rural Commercial Bank Co., Ltd.",B1977H344530001,农村商业银行,云浮金融监管分局
1596,福建仙游农村商业银行股份有限公司,Fujian Xianyou Rural Commercial Bank Company Limited,B1978H335030001,农村商业银行,莆田金融监管分局
1597,云南砚山农村商业银行股份有限公司,"Yunnan Yanshan Rural Commercial Bank Co.,Ltd.",B1979H353260001,农村商业银行,文山金融监管分局
1598,云南麻栗坡农村商业银行股份有限公司,"Yunnan Malipo Rural Commercial Bank Co.,Ltd.",B1980H353260001,农村商业银行,文山金融监管分局
1599,徐州农村商业银行股份有限公司,Xuzhou Rural Commercial Bank Co.， Ltd.,B1982H332030001,农村商业银行,徐州金融监管分局
1600,云南双柏农村商业银行股份有限公司,"Yunnan Shuangbai Rural Commercial Bank Co.,Ltd.",B1984H353230001,农村商业银行,楚雄金融监管分局
1601,广西苍梧农村商业银行股份有限公司,Guangxi Cangwu Rural Commercial Bank Co.，Ltd.,B1985H345040001,农村商业银行,梧州金融监管分局
1602,山西霍州农村商业银行股份有限公司,Shanxi Huozhou Rural Commercial Bank Company Limited,B1988H314100001,农村商业银行,临汾金融监管分局
1603,福建漳浦农村商业银行股份有限公司,"Fujian Zhangpu RURAL Commercial Bank Co.,Ltd.",B1989H335060001,农村商业银行,漳州金融监管分局
1604,云南镇沅农村商业银行股份有限公司,"Yunnan Zhenyuan Rural Commercial Bank Co., Ltd.",B1990H353080001,农村商业银行,普洱金融监管分局
1605,山西蒲县农村商业银行股份有限公司,"Shanxi Puxian Rural Commercial Bank Co.,Ltd.",B1991H314100001,农村商业银行,临汾金融监管分局
1606,甘孜农村商业银行股份有限公司,"Ganzi Rural Commercial Bank Co.,Ltd",B1992H351330001,农村商业银行,甘孜金融监管分局
1607,广西都安农村商业银行股份有限公司,Guangxi DuAn Rural Commercial Bank Co.，Ltd.,B1993H345120001,农村商业银行,河池金融监管分局
1608,贵州册亨农村商业银行股份有限公司,"Gui Zhou Ceheng Rural Commercial Bank Co., Ltd.",B1995H352230001,农村商业银行,黔西南金融监管分局
1609,贵州望谟农村商业银行股份有限公司,"Guizhou Wangmo Rural Commercial Bank Co., Ltd.",B1996H352230001,农村商业银行,黔西南金融监管分局
1610,汕头海湾农村商业银行股份有限公司,"Shantou Gulf Rural Commercial Bank Co.,Ltd.",B1997H344050001,农村商业银行,汕头金融监管分局
1611,广东澄海农村商业银行股份有限公司,"Guangdong Chenghai Rural Commercial Bank Co.,Ltd.",B1998H344050001,农村商业银行,汕头金融监管分局
1612,广西贵港农村商业银行股份有限公司,Guangxi Guigang Rural Commercial Bank Co.，Ltd.,B1999H345080001,农村商业银行,贵港金融监管分局
1613,山西偏关农村商业银行股份有限公司,"ShanXi PianGuan Rural Commercial Bank CO.,Ltd.",B2000H314090001,农村商业银行,忻州金融监管分局
1614,贵州德江农村商业银行股份有限公司,无,B2001H352220001,农村商业银行,铜仁金融监管分局
1615,陕西榆林农村商业银行股份有限公司,ShaanXi Yulin Yuyang Rural Commercial Bank Company Limited,B2002H361080001,农村商业银行,榆林金融监管分局
1616,新疆玛纳斯农村商业银行股份有限公司,"Xinjiang Manas Rural Commercial Bank Co.,Ltd.",B2003H365230001,农村商业银行,昌吉金融监管分局
1617,贵州镇宁农村商业银行股份有限公司,"Guizhou Zhenning Rural Commercial Bank Co.,Ltd.",B2006H352040001,农村商业银行,安顺金融监管分局
1618,贵州习水农村商业银行股份有限公司,"Guizhou Xishui Rural Commercial Bank Co.,Ltd.",B2007H352030001,农村商业银行,遵义金融监管分局
1619,新疆鄯善农村商业银行股份有限公司,"Xinjiang Shanshan Rural Commercial Bank Co.,Ltd.",B2009H365210001,农村商业银行,吐鲁番金融监管分局
1620,山西应县农村商业银行股份有限公司,"Shanxi Yingxian Rural Commercial Bank Co.,Ltd.",B2010H314060001,农村商业银行,朔州金融监管分局
1621,广东潮阳农村商业银行股份有限公司,"Guangdong Chaoyang Rural Commercial Bank Co.,Ltd.",B2011H344050001,农村商业银行,汕头金融监管分局
1622,广东郁南农村商业银行股份有限公司,"Guangdong Yunan Rural Commercial Bank Co., Ltd.",B2012H344530001,农村商业银行,云浮金融监管分局
1623,四川旺苍农村商业银行股份有限公司,"Sichuan Wangcang Rural Commercial Bank Co.,Ltd",B2014H351080001,农村商业银行,广元金融监管分局
1624,宁波甬城农村商业银行股份有限公司,无,B2015H233020001,农村商业银行,宁波金融监管局
1625,四川江油农村商业银行股份有限公司,"Sichuan Jiangyou Rural Commercial Bank Co.,Ltd",B2016H351070001,农村商业银行,绵阳金融监管分局
1626,福建邵武农村商业银行股份有限公司,Fu jian Shao wu Rural Commercial Bank Co.，Ltd.,B2017H335070001,农村商业银行,南平金融监管分局
1627,广西宾阳农村商业银行股份有限公司,Guangxi Binyang Rural Commercial Bank Co.，Ltd.,B2018H245010001,农村商业银行,广西金融监管局
1628,宁夏隆德农村商业银行股份有限公司,NingXia LongDe Rural Commercial Bank CO.Ltd.,B2019H364040001,农村商业银行,固原金融监管分局
1629,宁夏红寺堡农村商业银行股份有限公司,"NingXia HongSiBu Rural Commercial Bank CO.,Ltd.",B2020H364030001,农村商业银行,吴忠金融监管分局
1630,广西武宣农村商业银行股份有限公司,"Guangxi Wuxuan Rural Commercial Bank Co.,Ltd.",B2021H345130001,农村商业银行,来宾金融监管分局
1631,云南元阳农村商业银行股份有限公司,"Yunnan Yuanyang Rural Commercial Bank Co., Ltd.",B2022H353250001,农村商业银行,红河金融监管分局
1632,福建连江农村商业银行股份有限公司,Fujian Lianjiang Rural Commercial Bank Company Limited,B2023H235010001,农村商业银行,福建金融监管局
1633,辽源农村商业银行股份有限公司,Liaoyuan Rural Commercial Bank Corporation Limited,B2024H322040001,农村商业银行,辽源金融监管分局
1634,广西三江农村商业银行股份有限公司,Guangxi Sanjiang Rural Commercial Bank Co.，Ltd,B2025H345020001,农村商业银行,柳州金融监管分局
1635,新疆新源农村商业银行股份有限公司,XinjiangXinyuanRuralCommercialBankCo.Lt d,B2028H365400001,农村商业银行,伊犁金融监管分局
1636,青海海东农村商业银行股份有限公司,"QingHai HaiDong Rural Commercial Bank Co.,Ltd.",B2030H363210001,农村商业银行,海东金融监管分局
1637,山西娄烦农村商业银行股份有限公司,"Shanxi Loufan Rural Commercial Bank Co.,Ltd.",B2031H214010001,农村商业银行,山西金融监管局
1638,山西汾阳农村商业银行股份有限公司,"Shanxi Fenyang Rural Commercial Bank Co.,Ltd.",B2032H314110001,农村商业银行,吕梁金融监管分局
1639,黑龙江桦南农村商业银行股份有限公司,HEILONGJIANG HUANAN RURAL COMMERCIAL BANK LIMITED,B2034H323080001,农村商业银行,佳木斯金融监管分局
1640,云南剑川农村商业银行股份有限公司,"Yunnan Jianchuan Rural Commercial Bank Co.,Ltd.",B2035H353290001,农村商业银行,大理金融监管分局
1641,平顶山鹰城农村商业银行股份有限公司,"Pingdingshan Yingcheng Rural Commercial Bank Co.,Ltd.",B2037H341040001,农村商业银行,平顶山金融监管分局
1642,云南巧家农村商业银行股份有限公司,"Yunnan Qiaojia Rural Commercial Bank Co.,Ltd.",B2038H353060001,农村商业银行,昭通金融监管分局
1643,黑龙江青冈农村商业银行股份有限公司,Heilongjiang QingGang Rural Commercial Bank Company Limited,B2039H323120001,农村商业银行,绥化金融监管分局
1644,云南勐海农村商业银行股份有限公司,"Yunnan Menghai Rural Commercial Bank CO.,LTD.",B2042H353280001,农村商业银行,西双版纳金融监管分局
1645,浙江龙港农村商业银行股份有限公司,Zhejiang Longgang Rural Commercial Bank Company Limited,B2043H333030001,农村商业银行,温州金融监管分局
1646,太原农村商业银行股份有限公司,"Taiyuan Rural Commercial Bank Co.,Ltd.",B2044H214010001,农村商业银行,山西金融监管局
1647,黑龙江林口农村商业银行股份有限公司,HEILONGJIANG LINKOU RURAL COMMERCIAL BANK COMPANY LIMITED,B2046H323100001,农村商业银行,牡丹江金融监管分局
1648,广西永福农村商业银行股份有限公司,Guangxi Yongfu Rural Commercial Bank Co.，Ltd.,B2047H345030001,农村商业银行,桂林金融监管分局
1649,黑龙江木兰农村商业银行股份有限公司,"Heilongjiang MuLan Rural Commercial Bank Co.,Ltd.",B2048H223010001,农村商业银行,黑龙江金融监管局
1650,黑龙江勃利农村商业银行股份有限公司,Boli Rural Commercial Bank Company Limited,B2049H323090001,农村商业银行,七台河金融监管分局
1651,双鸭山农村商业银行股份有限公司,Shuangyashan Rural Commercial Bank Co.L td.,B2050H323050001,农村商业银行,双鸭山金融监管分局
1652,绵阳农村商业银行股份有限公司,"Mian Yang Rural Commercial Bank CO.,Ltd",B2051H351070001,农村商业银行,绵阳金融监管分局
1653,黑龙江嘉荫农村商业银行股份有限公司,Heilongjiang Jiayin Rural Commercial Bank Company Limited,B2052H323070001,农村商业银行,伊春金融监管分局
1654,黑龙江铁力农村商业银行股份有限公司,Heilongjiang Tieli Rural Commercial Bank Company Limited,B2053H323070001,农村商业银行,伊春金融监管分局
1655,哈尔滨联合农村商业银行股份有限公司,Harbin United Rural Commercial Bank Company Limited,B2055H223010001,农村商业银行,黑龙江金融监管局
1656,广西天峨农村商业银行股份有限公司,Guangxi Tiane Rural Commercial Bank Co.，Ltd.,B2057H345120001,农村商业银行,河池金融监管分局
1657,广西柳城农村商业银行股份有限公司,"Guangxi Liucheng Rural Commercial Bank Co.,Ltd",B2058H345020001,农村商业银行,柳州金融监管分局
1658,云南绿春农村商业银行股份有限公司,"Yunnan Luchun Rural Commercial Bank Co.,Ltd.",B2061H353250001,农村商业银行,红河金融监管分局
1659,云南华坪农村商业银行股份有限公司,"Yunnan Huaping Rural Commercial Bank Co.,Ltd.",B2062H353070001,农村商业银行,丽江金融监管分局
1660,广西来宾农村商业银行股份有限公司,Guangxi Laibin Rural Commercial Bank Co.，Ltd.,B2063H345130001,农村商业银行,来宾金融监管分局
1661,云南漾濞农村商业银行股份有限公司,"Yunnan Yangbi Rural Commercial Bank Co.,Ltd.",B2064H353290001,农村商业银行,大理金融监管分局
1662,云南南涧农村商业银行股份有限公司,"Yunnan Nanjian Rural Commercial Bank Co.,Ltd.",B2066H353290001,农村商业银行,大理金融监管分局
1663,山西交口农村商业银行股份有限公司,"Shanxi Jiaokou Rural Commercial Bank Co.,Ltd.",B2067H314110001,农村商业银行,吕梁金融监管分局
1664,七台河农村商业银行股份有限公司,Qitaihe Rural Commercial Bank Company Limited,B2068H323090001,农村商业银行,七台河金融监管分局
1665,黑龙江尚志农村商业银行股份有限公司,Heilongjiang ShangZhi Rural Commercial Bank Company Limited,B2069H223010001,农村商业银行,黑龙江金融监管局
1666,黑龙江巴彦农村商业银行股份有限公司,Heilongjiang BaYan Rural Commercial Bank Company Limited,B2070H223010001,农村商业银行,黑龙江金融监管局
1667,山西方山农村商业银行股份有限公司,Shanxi Fangshan Rural Commercial Bank Company Limited,B2071H314110001,农村商业银行,吕梁金融监管分局
1668,广西阳朔农村商业银行股份有限公司,Guangxi Yangshuo Rural Commercial Bank Co.，Ltd.,B2072H345030001,农村商业银行,桂林金融监管分局
1669,云南永德农村商业银行股份有限公司,"Yunnan Yongde Rural Commercial Bank Co.,Ltd.",B2073H353090001,农村商业银行,临沧金融监管分局
1670,广西德保农村商业银行股份有限公司,"Guangxi Debao Rural Commercial Bank Co.,Ltd.",B2076H345100001,农村商业银行,百色金融监管分局
1671,广西大化农村商业银行股份有限公司,"Guangxi Dahua Rural Commercial Bank Co.,Ltd.",B2077H345120001,农村商业银行,河池金融监管分局
1672,山西广灵农村商业银行股份有限公司,"Shanxi Guangling Rural Commercial Bank Co.,Ltd.",B2078H314020001,农村商业银行,大同金融监管分局
1673,广西凤山农村商业银行股份有限公司,"Guangxi FengShan Rural Commercial Bank Co.,Ltd.",B2079H345120001,农村商业银行,河池金融监管分局
1674,广西钟山农村商业银行股份有限公司,"Guangxi Zhongshan Rural Commercial Bank Co.,Ltd",B2080H345110001,农村商业银行,贺州金融监管分局
1675,宁夏惠农农村商业银行股份有限公司,"NingXia HuiNong Rural Commercial Bank CO.,Ltd.",B2081H364020001,农村商业银行,石嘴山金融监管分局
1676,宁夏永宁农村商业银行股份有限公司,"NingXia YongNing Rural Commercial Bank CO.,Ltd.",B2082H264010001,农村商业银行,宁夏金融监管局
1677,山西翼城农村商业银行股份有限公司,"Shanxi Yicheng Rural Commercial Bank Co.,Ltd.",B2085H314100001,农村商业银行,临汾金融监管分局
1678,宁夏青铜峡农村商业银行股份有限公司,"NingXia QingTongXia Rural Commercial Bank CO.,Ltd.",B2087H364030001,农村商业银行,吴忠金融监管分局
1679,福建平和农村商业银行股份有限公司,Fujian Pinghe Rural Commercial Bank Co.，Ltd,B2089H335060001,农村商业银行,漳州金融监管分局
1680,河南临颍农村商业银行股份有限公司,"Henan LinYing Rural Commercial Bank Co.,Ltd.",B2090H341110001,农村商业银行,漯河金融监管分局
1681,浙江农村商业联合银行股份有限公司,"Zhejiang Rural Commercial United Bank Co.,Ltd.",B2093H233010001,农村商业银行,浙江金融监管局
1682,云南大关农村商业银行股份有限公司,"Yunnan Daguan Rural Commercial Bank Co.,Ltd.",B2095H353060001,农村商业银行,昭通金融监管分局
1683,云南澜沧农村商业银行股份有限公司,"Yunnan Lancang Rural Commercial Bank Co.,Ltd.",B2096H353080001,农村商业银行,普洱金融监管分局
1684,三门峡农村商业银行股份有限公司,Sanmenxia Rural Commercial Bank Company Limited,B2097H341120001,农村商业银行,三门峡金融监管分局
1685,云南石屏农村商业银行股份有限公司,"Yunnan Shiping Rural Commercial Bank Co.,Ltd.",B2099H353250001,农村商业银行,红河金融监管分局
1686,云南丘北农村商业银行股份有限公司,"Yunnan Qiubei Rural Commercial Bank Co.,Ltd.",B2101H353260001,农村商业银行,文山金融监管分局
1687,迪庆农村商业银行股份有限公司,"Diqing Rural Commercial Bank Co.,Ltd.",B2102H353340001,农村商业银行,迪庆金融监管分局
1688,怒江农村商业银行股份有限公司,Nujiang Rural Commercial Bank Co.，Ltd.,B2103H353330001,农村商业银行,怒江金融监管分局
1689,四川资中农村商业银行股份有限公司,无,B2104H351100001,农村商业银行,内江金融监管分局
1690,云南双江农村商业银行股份有限公司,"Yunnan Shuangjiang Rural Commercial Bank Co.,Ltd.",B2106H353090001,农村商业银行,临沧金融监管分局
1691,山西临县农村商业银行股份有限公司,"Shanxi Linxian Rural Commercial Bank Co.,Ltd.",B2107H314110001,农村商业银行,吕梁金融监管分局
1692,云南武定农村商业银行股份有限公司,"Yunnan Wuding Rural Commercial Bank Co.,Ltd.",B2108H353230001,农村商业银行,楚雄金融监管分局
1693,云南红河县农村商业银行股份有限公司,"Yunnan Honghe County Rural Commercial Bank Co.,Ltd.",B2109H353250001,农村商业银行,红河金融监管分局
1694,云南禄劝农村商业银行股份有限公司,"Yunnan Luquan Rural Commercial Bank Co.,Ltd.",B2110H253010001,农村商业银行,云南金融监管局
1695,陕西汉中农村商业银行股份有限公司,Shaanxi Hanzhong Rural Commercial Bank Company Limited,B2111H361070001,农村商业银行,汉中金融监管分局
1696,云南墨江农村商业银行股份有限公司,"Yunnan Mojiang Rural Commercial Bank Co.,Ltd.",B2112H353080001,农村商业银行,普洱金融监管分局
1697,辽宁农村商业银行股份有限公司,"Liaoning Rural Commercial Bank Co., Ltd.",B2113H221010001,农村商业银行,辽宁金融监管局
1698,山西农村商业联合银行股份有限公司,,B2114H214010001,农村商业银行,山西金融监管局
1699,四川荣县农村商业银行股份有限公司,,B2115H351030001,农村商业银行,自贡金融监管分局
1700,四川盐亭农村商业银行股份有限公司,,B2117H351070001,农村商业银行,绵阳金融监管分局
1701,阿克苏塔里木农村商业银行股份有限公司,,B2118H365290001,农村商业银行,阿克苏金融监管分局
1702,四川洪雅农村商业银行股份有限公司,"Sichuan Hongya Rural Commercial Bank Co.,Ltd.",B2120H351140001,农村商业银行,眉山金融监管分局
1703,阿坝农村商业银行股份有限公司,,B2121H351320001,农村商业银行,阿坝金融监管分局
1704,四川北川农村商业银行股份有限公司,,B2124H351070001,农村商业银行,绵阳金融监管分局
1705,四川农村商业联合银行股份有限公司,"Sichuan Rural Commercial Union Bank Co.,Ltd.",B2125H251010001,农村商业银行,四川金融监管局
1706,广西农村商业联合银行股份有限公司,"Guangxi Rural Commercial United Bank Co.,Ltd.",B2126H245010001,农村商业银行,广西金融监管局
1707,陕西勉县农村商业银行股份有限公司,无,B2127H361070001,农村商业银行,汉中金融监管分局
1708,海南农村商业银行股份有限公司,"Hainan Rural Commercial Bank Co.,Ltd",B2128H246010001,农村商业银行,海南金融监管局
1709,山西中阳农村商业银行股份有限公司,"Shanxi Zhongyang Rural Commercial Bank Co.,Ltd.",B2129H314110001,农村商业银行,吕梁金融监管分局
1710,德宏农村商业银行股份有限公司,"Dehong Rural Commercial Bank Co., Ltd.",B2132H353310001,农村商业银行,云南金融监管局
1711,新疆克州农村商业银行股份有限公司,无,B2131H365300001,农村商业银行,克孜勒苏金融监管分局
1712,新疆和田农村商业银行股份有限公司,"Xinjiang Hotan Rural Commercial Bank Co.,Ltd.",B2134H365320001,农村商业银行,和田金融监管分局
1713,喀什农村商业银行股份有限公司,"Kashi Rural Commercial Bank Co.,Ltd.",B2133H365310001,农村商业银行,喀什金融监管分局
1714,昆明官渡农村合作银行,无,C0073H253010001,农村合作银行,云南金融监管局
1715,甘肃榆中农村合作银行,无,C0108H262010001,农村合作银行,甘肃金融监管局
1716,天水秦州农村合作银行,无,C0130H362050001,农村合作银行,天水金融监管分局
1717,石家庄汇融农村合作银行,无,C0131H213010001,农村合作银行,河北金融监管局
1718,陇南武都农村合作银行,无,C0132H362120001,农村合作银行,陇南金融监管分局
1719,广西柳江农村合作银行,"Guangxi Liujiang Rural Cooperative Bank Co.,Ltd",C0142H345020001,农村合作银行,柳州金融监管分局
1720,广西象州农村合作银行,Guangxi Xiangzhou Rural Cooperative Bank,C0143H345130001,农村合作银行,来宾金融监管分局
1721,广西兴安农村合作银行,Guangxi Xingan Rural Cooperative Bank,C0148H345030001,农村合作银行,桂林金融监管分局
1722,广西平乐农村合作银行,Guangxi Pingle Rural Cooperative Bank,C0149H345030001,农村合作银行,桂林金融监管分局
1723,广西百色右江农村合作银行,Guangxi Baise Youjiang Rural Cooperative Bank,C0155H345100001,农村合作银行,百色金融监管分局
1724,新疆石河子农村合作银行,Xinjiang Shihezi Rural Cooperative Bank,C0159H365030001,农村合作银行,石河子金融监管分局
1725,天水麦积农村合作银行,无,C0179H362050001,农村合作银行,天水金融监管分局
1726,广西贺州桂东农村合作银行,Guangxi Hezhou Guidong Rural Cooperative Bank,C0202H345110001,农村合作银行,贺州金融监管分局
1727,广西平果农村合作银行,Guangxi Pingguo Rural Cooperative Bank,C0204H345100001,农村合作银行,百色金融监管分局
1728,广西桂林漓江农村合作银行,GuangXi GuiLin LiJiang Rural Cooperative Bank,C0207H345030001,农村合作银行,桂林金融监管分局
1729,广西宜州农村合作银行,Guangxi Yizhou Rural Cooperative Bank,C0210H345120001,农村合作银行,河池金融监管分局
1730,甘肃宁县农村合作银行,无,C0238H362100001,农村合作银行,庆阳金融监管分局
1731,广西全州农村合作银行,Guangxi Quanzhou Rural Cooperative Bank,C0253H345030001,农村合作银行,桂林金融监管分局
1732,陕西吴起农村合作银行,无,C0270H361060001,农村合作银行,延安金融监管分局
1733,陕西富县农村合作银行,无,C0271H361060001,农村合作银行,延安金融监管分局
1734,河北省农村信用社联合社,Hebei Rural Credit Union,E0001H213010001,农村信用社,河北金融监管局
1735,辽宁省农村信用社联合社,无,E0001H221010001,农村信用社,辽宁金融监管局
1736,吉林省农村信用社联合社,无,E0001H222010001,农村信用社,吉林金融监管局
1737,黑龙江省农村信用社联合社,无,E0001H223010001,农村信用社,黑龙江金融监管局
1738,安徽省农村信用社联合社,无,E0001H234010001,农村信用社,安徽金融监管局
1739,福建省农村信用社联合社,无,E0001H235010001,农村信用社,福建金融监管局
1740,山东省农村信用社联合社,SHANDONG RURAL CREDIT UNION,E0001H237010001,农村信用社,山东金融监管局
1741,湖北省农村信用社联合社,无,E0001H242010001,农村信用社,湖北金融监管局
1742,湖南省农村信用社联合社,无,E0001H243010001,农村信用社,湖南金融监管局
1743,广东省农村信用社联合社,Guangdong Rural Credit Union,E0001H244010001,农村信用社,广东金融监管局
1744,贵州省农村信用社联合社,无,E0001H252010001,农村信用社,贵州金融监管局
1745,云南省农村信用社联合社,无,E0001H253010001,农村信用社,云南金融监管局
1746,陕西省农村信用社联合社,Shaanxi Rural Credit Union,E0001H261010001,农村信用社,陕西金融监管局
1747,甘肃省农村信用社联合社,无,E0001H262010001,农村信用社,甘肃金融监管局
1748,青海省农村信用社联合社,无,E0001H263010001,农村信用社,青海金融监管局
1749,新疆维吾尔自治区农村信用社联合社,无,E0001H265010001,农村信用社,新疆金融监管局
1750,沈阳市农村信用合作社联合社,无,E0002B221010001,农村信用社,辽宁金融监管局
1751,甘肃省农村合作金融结算服务中心,无,E0002S262010001,农村信用社,甘肃金融监管局
1752,涞源县农村信用联社股份有限公司,Laiyuan Rural Credit Company Limited,E0002S313060001,农村信用社,保定金融监管分局
1753,曲靖市麒麟区农村信用合作联社,无,E0002S353030001,农村信用社,曲靖金融监管分局
1754,潼关县农村信用合作联社,Tong Guan Rural Credit Union,E0002S361050001,农村信用社,渭南金融监管分局
1755,松桃苗族自治县农村信用合作联社,Songtao Rural Credit Union,E0003S352220001,农村信用社,铜仁金融监管分局
1756,师宗县农村信用合作联社,无,E0003S353030001,农村信用社,曲靖金融监管分局
1757,玉溪市江川区农村信用合作联社,无,E0003S353040001,农村信用社,玉溪金融监管分局
1758,澄城县农村信用合作联社,Chengcheng Rural Credit Union,E0003S361050001,农村信用社,渭南金融监管分局
1759,江口县农村信用合作联社,无,E0004S352220001,农村信用社,铜仁金融监管分局
1760,曲靖市沾益区农村信用合作联社,无,E0004S353030001,农村信用社,曲靖金融监管分局
1761,华阴市农村信用合作联社,Hua Yin Shi Rural Credit Union,E0004S361050001,农村信用社,渭南金融监管分局
1762,石阡县农村信用合作联社,无,E0005S352220001,农村信用社,铜仁金融监管分局
1763,渭南市华州区农村信用合作联社,Weinan HuaXian Rural Credit Union,E0005S361050001,农村信用社,渭南金融监管分局
1764,峨山彝族自治县农村信用合作联社,无,E0006S353040001,农村信用社,玉溪金融监管分局
1765,渭南市临渭区农村信用合作联社,无,E0006S361050002,农村信用社,渭南金融监管分局
1766,宣威市农村信用合作联社,无,E0007S353030001,农村信用社,曲靖金融监管分局
1767,大荔县农村信用合作联社,Dali Rural Credit Union,E0007S361050001,农村信用社,渭南金融监管分局
1768,潍坊市农村信用合作社联合社,无,E0008B337070001,农村信用社,潍坊金融监管分局
1769,元江哈尼族彝族傣族自治县农村信用合作联社,无,E0008S353040001,农村信用社,玉溪金融监管分局
1770,合阳县农村信用合作联社,Heyang Rural Credit Union,E0008S361050001,农村信用社,渭南金融监管分局
1771,沿河土家族自治县农村信用合作联社,无,E0009S352220001,农村信用社,铜仁金融监管分局
1772,曲靖市马龙区农村信用合作联社,无,E0009S353030001,农村信用社,曲靖金融监管分局
1773,白水县农村信用合作联社,Baishui Rural Credit Union,E0009S361050001,农村信用社,渭南金融监管分局
1774,富源县农村信用合作联社,无,E0010S353030001,农村信用社,曲靖金融监管分局
1775,蒲城县农村信用合作联社,无,E0010S361050001,农村信用社,渭南金融监管分局
1776,昆明市五华区农村信用合作联社,无,E0011S253010001,农村信用社,云南金融监管局
1777,富平县农村信用合作联社,FuPing Rural Credit Cooperatives Union,E0011S361050001,农村信用社,渭南金融监管分局
1778,昆明市盘龙区农村信用合作联社,无,E0012S253010001,农村信用社,云南金融监管局
1779,昆明市西山区农村信用合作联社,无,E0013S253010001,农村信用社,云南金融监管局
1780,北流市农村信用合作联社,无,E0013S345090001,农村信用社,玉林金融监管分局
1781,安宁市农村信用合作联社,无,E0014S253010001,农村信用社,云南金融监管局
1782,昆明市呈贡区农村信用合作联社,无,E0015S253010001,农村信用社,云南金融监管局
1783,昆明市晋宁区农村信用合作联社,无,E0016S253010001,农村信用社,云南金融监管局
1784,内黄县农村信用合作联社,无,E0016S341050001,农村信用社,安阳金融监管分局
1785,石林彝族自治县农村信用合作联社,无,E0017S253010001,农村信用社,云南金融监管局
1786,宜良县农村信用合作联社,无,E0018S253010001,农村信用社,云南金融监管局
1787,富民县农村信用合作联社,无,E0020S253010001,农村信用社,云南金融监管局
1788,高阳县农村信用联社股份有限公司,无,E0021S313060001,农村信用社,保定金融监管分局
1789,内丘县农村信用合作联社,无,E0022S313050001,农村信用社,邢台金融监管分局
1790,昆明市东川区农村信用合作联社,无,E0023S253010001,农村信用社,云南金融监管局
1791,曲靖市农村信用合作社联合社,无,E0024B353030001,农村信用社,曲靖金融监管分局
1792,隆尧县农村信用合作联社,无,E0025S313050001,农村信用社,邢台金融监管分局
1793,个旧市农村信用合作联社,无,E0028S353250001,农村信用社,红河金融监管分局
1794,威县农村信用合作联社,无,E0029S313050001,农村信用社,邢台金融监管分局
1795,长顺县农村信用合作联社,ChangShun Rural Credit Union,E0029S352270001,农村信用社,黔南金融监管分局
1796,开远市农村信用合作联社,无,E0029S353250001,农村信用社,红河金融监管分局
1797,新河县农村信用合作联社,无,E0030S313050001,农村信用社,邢台金融监管分局
1798,罗甸县农村信用合作联社,LuoDian Rural Credit Union,E0030S352270001,农村信用社,黔南金融监管分局
1799,赤水市农村信用合作联社,无,E0032S352030001,农村信用社,遵义金融监管分局
1800,平乡县农村信用合作联社,无,E0033S313050001,农村信用社,邢台金融监管分局
1801,绥阳县农村信用合作联社,无,E0033S352030001,农村信用社,遵义金融监管分局
1802,泸西县农村信用合作联社,无,E0034S353250001,农村信用社,红河金融监管分局
1803,正安县农村信用合作联社,无,E0035S352030001,农村信用社,遵义金融监管分局
1804,淇县农村信用合作联社,QiXian Rural Credit Union,E0037S341060001,农村信用社,鹤壁金融监管分局
1805,屏边县农村信用合作联社,无,E0037S353250001,农村信用社,红河金融监管分局
1806,平泉市农村信用合作联社,无,E0038S313080001,农村信用社,承德金融监管分局
1807,蔚县农村信用联社股份有限公司,无,E0039S313070001,农村信用社,张家口金融监管分局
1808,金平苗族瑶族傣族自治县农村信用合作联社,无,E0040S353250001,农村信用社,红河金融监管分局
1809,怀安县农村信用联社股份有限公司,无,E0042S313070001,农村信用社,张家口金融监管分局
1810,温县农村信用合作联社,无,E0042S341080001,农村信用社,焦作金融监管分局
1811,博白县农村信用合作联社,BoBai Rural Credit Union,E0043S345090001,农村信用社,玉林金融监管分局
1812,焦作市山阳区农村信用合作联社,无,E0047S341080001,农村信用社,焦作金融监管分局
1813,安顺市平坝区农村信用合作联社,无,E0049S352040001,农村信用社,安顺金融监管分局
1814,雷山县农村信用合作联社,无,E0051S352260001,农村信用社,黔东南金融监管分局
1815,台江县农村信用合作联社,无,E0052S352260001,农村信用社,黔东南金融监管分局
1816,施秉县农村信用合作联社,无,E0055S352260001,农村信用社,黔东南金融监管分局
1817,姚安县农村信用合作联社,无,E0056S353230001,农村信用社,楚雄金融监管分局
1818,岑巩县农村信用合作联社,无,E0059S352260001,农村信用社,黔东南金融监管分局
1819,牟定县农村信用合作联社,无,E0059S353230001,农村信用社,楚雄金融监管分局
1820,锦屏县农村信用合作联社,无,E0061S352260001,农村信用社,黔东南金融监管分局
1821,永仁县农村信用合作联社,无,E0061S353230001,农村信用社,楚雄金融监管分局
1822,榕江县农村信用合作联社,无,E0063S352260001,农村信用社,黔东南金融监管分局
1823,南阳市卧龙区农村信用合作联社,无,E0067S341130001,农村信用社,南阳金融监管分局
1824,金沙县农村信用合作联社,JinSha Rural Credit Union,E0069S352240001,农村信用社,毕节金融监管分局
1825,南阳市宛城区农村信用合作联社,无,E0070S341130001,农村信用社,南阳金融监管分局
1826,皋兰县农村信用合作联社,无,E0071S262010001,农村信用社,甘肃金融监管局
1827,纳雍县农村信用合作联社,无,E0071S352240001,农村信用社,毕节金融监管分局
1828,唐河县农村信用合作联社,无,E0072S341130001,农村信用社,南阳金融监管分局
1829,威宁县农村信用合作联社,无,E0072S352240001,农村信用社,毕节金融监管分局
1830,富宁县农村信用合作联社,无,E0073S353260001,农村信用社,文山金融监管分局
1831,信阳市明港农村信用合作联社,无,E0074S341150001,农村信用社,信阳金融监管分局
1832,西畴县农村信用合作联社,无,E0074S353260001,农村信用社,文山金融监管分局
1833,水城县农村信用合作联社,ShuiCheng Rural Credit Union,E0075S352020001,农村信用社,六盘水金融监管分局
1834,盘县农村信用合作联社,Panxian Rural credit cooperatives,E0076S352020001,农村信用社,六盘水金融监管分局
1835,六枝特区农村信用合作联社,无,E0077S352020001,农村信用社,六盘水金融监管分局
1836,安新县农村信用联社股份有限公司,Anxin Rural Credit Company Limited,E0078S313060001,农村信用社,保定金融监管分局
1837,鲁甸县农村信用合作联社,无,E0078S353060001,农村信用社,昭通金融监管分局
1838,无极县农村信用合作联社,无,E0079S213010001,农村信用社,河北金融监管局
1839,永登县农村信用合作联社,无,E0080S262010001,农村信用社,甘肃金融监管局
1840,商城县农村信用合作联社,无,E0080S341150001,农村信用社,信阳金融监管分局
1841,盐津县农村信用合作联社,无,E0080S353060001,农村信用社,昭通金融监管分局
1842,信阳市浉河区农村信用合作联社,无,E0081S341150001,农村信用社,信阳金融监管分局
1843,开阳县农村信用合作联社,KAIYANG RURAL CREDIT UNION,E0082S252010001,农村信用社,贵州金融监管局
1844,容县农村信用合作联社,无,E0082S345090001,农村信用社,玉林金融监管分局
1845,永善县农村信用合作联社,无,E0082S353060001,农村信用社,昭通金融监管分局
1846,吐鲁番市农村信用合作联社,无,E0082S365210001,农村信用社,吐鲁番金融监管分局
1847,信阳市平桥区农村信用合作联社,无,E0083S341150001,农村信用社,信阳金融监管分局
1848,绥江县农村信用合作联社,无,E0083S353060001,农村信用社,昭通金融监管分局
1849,镇雄县农村信用合作联社,无,E0084S353060001,农村信用社,昭通金融监管分局
1850,托克逊县农村信用合作联社,无,E0084S365210001,农村信用社,吐鲁番金融监管分局
1851,武平县农村信用合作联社,无,E0085S335080001,农村信用社,龙岩金融监管分局
1852,连城县农村信用合作联社,无,E0086S335080001,农村信用社,龙岩金融监管分局
1853,长汀县农村信用合作联社,无,E0087S335080001,农村信用社,龙岩金融监管分局
1854,永泰县农村信用合作联社,无,E0089S235010001,农村信用社,福建金融监管局
1855,闽侯县农村信用合作联社,无,E0093S235010001,农村信用社,福建金融监管局
1856,罗源县农村信用合作联社,无,E0094S235010001,农村信用社,福建金融监管局
1857,焦作市中站区农村信用合作联社,无,E0094S341080001,农村信用社,焦作金融监管分局
1858,闽清县农村信用合作联社,无,E0095S235010001,农村信用社,福建金融监管局
1859,尤溪县农村信用合作联社,无,E0100S335040001,农村信用社,三明金融监管分局
1860,大田县农村信用合作联社,无,E0101S335040001,农村信用社,三明金融监管分局
1861,明溪县农村信用合作联社,无,E0102S335040001,农村信用社,三明金融监管分局
1862,玉林市区农村信用合作联社,无,E0102S345090001,农村信用社,玉林金融监管分局
1863,清流县农村信用合作联社,无,E0103S335040001,农村信用社,三明金融监管分局
1864,宁化县农村信用合作联社,无,E0104S335040001,农村信用社,三明金融监管分局
1865,将乐县农村信用合作联社,无,E0105S335040001,农村信用社,三明金融监管分局
1866,泰宁县农村信用合作联社,无,E0106S335040001,农村信用社,三明金融监管分局
1867,建宁县农村信用合作联社,无,E0107S335040001,农村信用社,三明金融监管分局
1868,福鼎市农村信用合作联社,无,E0114S335090001,农村信用社,宁德金融监管分局
1869,霞浦县农村信用合作联社,无,E0115S335090001,农村信用社,宁德金融监管分局
1870,福安市农村信用合作联社,无,E0116S335090001,农村信用社,宁德金融监管分局
1871,古田县农村信用合作联社,无,E0117S335090001,农村信用社,宁德金融监管分局
1872,屏南县农村信用合作联社,无,E0118S335090001,农村信用社,宁德金融监管分局
1873,寿宁县农村信用合作联社,无,E0119S335090001,农村信用社,宁德金融监管分局
1874,周宁县农村信用合作联社,无,E0120S335090001,农村信用社,宁德金融监管分局
1875,柘荣县农村信用合作联社股份有限公司,无,E0121S335090001,农村信用社,宁德金融监管分局
1876,桂平市农村信用合作联社,无,E0122S345080002,农村信用社,贵港金融监管分局
1877,顺平县农村信用联社股份有限公司,Shun Ping Rural Credit Company Limited,E0123S313060001,农村信用社,保定金融监管分局
1878,博野县农村信用联社股份有限公司,BoYe Rural Credit Company Limited,E0124S313060001,农村信用社,保定金融监管分局
1879,德化县农村信用合作联社,无,E0124S335050001,农村信用社,泉州金融监管分局
1880,望都县农村信用联社股份有限公司,Wang Du Rural Credit Company Limited,E0125S313060001,农村信用社,保定金融监管分局
1881,永春县农村信用合作联社,无,E0125S335050001,农村信用社,泉州金融监管分局
1882,易县农村信用联社股份有限公司,Yixian Rural Credit Company Limited,E0126S313060001,农村信用社,保定金融监管分局
1883,惠安县农村信用合作联社,无,E0127S335050001,农村信用社,泉州金融监管分局
1884,石家庄市栾城农村信用合作联社,无,E0130S213010001,农村信用社,河北金融监管局
1885,尚义县农村信用联社股份有限公司,无,E0131S313070001,农村信用社,张家口金融监管分局
1886,南宫市农村信用联社股份有限公司,无,E0132S313050001,农村信用社,邢台金融监管分局
1887,云霄县农村信用合作联社,无,E0132S335060001,农村信用社,漳州金融监管分局
1888,诏安县农村信用合作联社,无,E0134S335060001,农村信用社,漳州金融监管分局
1889,四平市城区农村信用合作联社,无,E0135S322030001,农村信用社,四平金融监管分局
1890,漳州市长泰区农村信用合作联社,无,E0135S335060001,农村信用社,漳州金融监管分局
1891,石家庄市藁城农村信用合作联社,无,E0136S213010001,农村信用社,河北金融监管局
1892,东山县农村信用合作联社,无,E0136S335060001,农村信用社,漳州金融监管分局
1893,武邑县农村信用联社股份有限公司,Wuyi County Rural Credit Cooperative Limited,E0137S313110001,农村信用社,衡水金融监管分局
1894,南靖县农村信用合作联社,无,E0137S335060001,农村信用社,漳州金融监管分局
1895,华安县农村信用合作联社,无,E0139S335060001,农村信用社,漳州金融监管分局
1896,饶阳县农村信用联社股份有限公司,Raoyang County Rural Credit Cooperative Limited,E0140S313110001,农村信用社,衡水金融监管分局
1897,龙岩市永定区农村信用合作联社,无,E0140S335080001,农村信用社,龙岩金融监管分局
1898,定兴县农村信用联社股份有限公司,无,E0142S313060001,农村信用社,保定金融监管分局
1899,故城县农村信用联社股份有限公司,Gucheng County Rural Credit Cooperative Limited,E0143S313110001,农村信用社,衡水金融监管分局
1900,顺昌县农村信用合作联社,无,E0144S335070001,农村信用社,南平金融监管分局
1901,光泽县农村信用合作联社,无,E0145S335070001,农村信用社,南平金融监管分局
1902,南平市建阳区农村信用合作联社,无,E0146S335070001,农村信用社,南平金融监管分局
1903,金塔县农村信用合作联社,无,E0146S362090001,农村信用社,酒泉金融监管分局
1904,赤城县农村信用联社股份有限公司,无,E0149S313070001,农村信用社,张家口金融监管分局
1905,松溪县农村信用合作联社,无,E0149S335070001,农村信用社,南平金融监管分局
1906,赞皇县农村信用联社股份有限公司,无,E0150S213010001,农村信用社,河北金融监管局
1907,政和县农村信用合作联社,无,E0150S335070001,农村信用社,南平金融监管分局
1908,盐山县农村信用联社股份有限公司,无,E0151S313090001,农村信用社,沧州金融监管分局
1909,浦城县农村信用合作联社,无,E0151S335070001,农村信用社,南平金融监管分局
1910,保定市徐水区农村信用合作联社,无,E0152S313060001,农村信用社,保定金融监管分局
1911,保定市清苑区农村信用联社股份有限公司,无,E0153S313060001,农村信用社,保定金融监管分局
1912,保定市满城区农村信用联社股份有限公司,无,E0154S313060001,农村信用社,保定金融监管分局
1913,焉耆回族自治县农村信用合作联社,Rural Credit Cooperatives Union of Yanqi,E0154S365280001,农村信用社,巴音郭楞金融监管分局
1914,梨树县农村信用合作联社,无,E0155S322030001,农村信用社,四平金融监管分局
1915,和静县农村信用合作联社,无,E0155S365280001,农村信用社,巴音郭楞金融监管分局
1916,行唐县农村信用联社股份有限公司,无,E0156S213010001,农村信用社,河北金融监管局
1917,和硕县农村信用合作联社,HeShuo xian Rural Credit Cooperatives,E0156S365280001,农村信用社,巴音郭楞金融监管分局
1918,青龙满族自治县农村信用联社股份有限公司,无,E0157S313030001,农村信用社,秦皇岛金融监管分局
1919,伊通满族自治县农村信用合作联社,无,E0157S322030001,农村信用社,四平金融监管分局
1920,深泽县农村信用联社股份有限公司,无,E0158S213010001,农村信用社,河北金融监管局
1921,双辽市农村信用合作联社,无,E0158S322030001,农村信用社,四平金融监管分局
1922,邯郸市城区农村信用合作联社,无,E0159S313040001,农村信用社,邯郸金融监管分局
1923,东辽县农村信用合作联社,无,E0160S322040001,农村信用社,辽源金融监管分局
1924,镇康县农村信用合作联社,无,E0161S353090001,农村信用社,临沧金融监管分局
1925,若羌县农村信用合作联社,Ruoqiang Rural Credit Cooperative,E0161S365280001,农村信用社,巴音郭楞金融监管分局
1926,且末县农村信用合作联社,无,E0162S365280001,农村信用社,巴音郭楞金融监管分局
1927,耿马傣族佤族自治县农村信用合作联社,无,E0163S353090001,农村信用社,临沧金融监管分局
1928,沧源佤族自治县农村信用合作联社,无,E0165S353090001,农村信用社,临沧金融监管分局
1929,象山县农村信用合作联社,无,E0166S233020001,农村信用社,宁波金融监管局
1930,宁洱哈尼族彝族自治县农村信用合作联社,无,E0166S353080001,农村信用社,普洱金融监管分局
1931,景谷傣族彝族自治县农村信用合作联社,无,E0169S353080001,农村信用社,普洱金融监管分局
1932,江城哈尼族彝族自治县农村信用合作联社,无,E0171S353080001,农村信用社,普洱金融监管分局
1933,察布查尔县农村信用合作联社,无,E0173S365400001,农村信用社,伊犁金融监管分局
1934,尼勒克县农村信用合作联社,无,E0176S365400001,农村信用社,伊犁金融监管分局
1935,宁陵县农村信用合作联社,无,E0177S341140001,农村信用社,商丘金融监管分局
1936,特克斯县农村信用合作联社,无,E0177S365400001,农村信用社,伊犁金融监管分局
1937,巩留县农村信用合作联社,无,E0180S365400001,农村信用社,伊犁金融监管分局
1938,旬邑县农村信用合作联社,无,E0182S361040001,农村信用社,咸阳金融监管分局
1939,礼泉县农村信用合作联社,无,E0184S361040001,农村信用社,咸阳金融监管分局
1940,乾县农村信用合作联社,无,E0185S361040001,农村信用社,咸阳金融监管分局
1941,武功县农村信用合作联社,无,E0186S361040001,农村信用社,咸阳金融监管分局
1942,合山市农村信用合作联社,HeShan Rural Credit Union,E0188S345130001,农村信用社,来宾金融监管分局
1943,忻城县农村信用合作联社,XinCheng Rural Credit Union,E0189S345130001,农村信用社,来宾金融监管分局
1944,淳化县农村信用合作联社,无,E0190S361040001,农村信用社,咸阳金融监管分局
1945,哈尔滨市农村信用合作社联合社,无,E0195B223010001,农村信用社,黑龙江金融监管局
1946,柳州市区农村信用合作联社,Liu Zhou Urban Rural Credit Union,E0203S345020001,农村信用社,柳州金融监管分局
1947,南宁市武鸣区农村信用合作联社,Nanning City Wuming District Rural Credit Cooperative Union,E0204S245010001,农村信用社,广西金融监管局
1948,巴里坤哈萨克自治县农村信用合作联社,无,E0205S365220002,农村信用社,哈密金融监管分局
1949,南宁市邕宁区农村信用合作联社,Nanning yongning Rural Credit Union,E0206S245010001,农村信用社,广西金融监管局
1950,南宁市区农村信用合作联社,Nanning urban District Rural Credit Union,E0207S245010001,农村信用社,广西金融监管局
1951,西盟佤族自治县农村信用合作联社,无,E0214S353080001,农村信用社,普洱金融监管分局
1952,昆明市农村信用合作社联合社,无,E0218B253010001,农村信用社,云南金融监管局
1953,泊头市农村信用联社股份有限公司,无,E0223S313090001,农村信用社,沧州金融监管分局
1954,河间市农村信用合作联社,无,E0225S313090001,农村信用社,沧州金融监管分局
1955,东光县农村信用联社股份有限公司,无,E0226S313090001,农村信用社,沧州金融监管分局
1956,吴桥县农村信用联社股份有限公司,无,E0227S313090001,农村信用社,沧州金融监管分局
1957,海兴县农村信用联社股份有限公司,无,E0228S313090001,农村信用社,沧州金融监管分局
1958,孟村回族自治县农村信用合作联社,无,E0229S313090001,农村信用社,沧州金融监管分局
1959,青县农村信用联社股份有限公司,无,E0230S313090001,农村信用社,沧州金融监管分局
1960,精河县农村信用合作联社,无,E0230S365270001,农村信用社,博尔塔拉金融监管分局
1961,任丘市农村信用合作联社,无,E0231S313090001,农村信用社,沧州金融监管分局
1962,沧县农村信用联社股份有限公司,无,E0233S313090001,农村信用社,沧州金融监管分局
1963,兴平市农村信用合作联社,无,E0233S361040001,农村信用社,咸阳金融监管分局
1964,温泉县农村信用合作联社,无,E0237S365270001,农村信用社,博尔塔拉金融监管分局
1965,梧州市区农村信用合作联社,Wuzhou urban District Rural Credit Union,E0242S345040001,农村信用社,梧州金融监管分局
1966,吉木乃县农村信用合作联社,无,E0243S365430001,农村信用社,阿勒泰金融监管分局
1967,福海县农村信用合作联社,无,E0244S365430001,农村信用社,阿勒泰金融监管分局
1968,藤县农村信用合作联社,Tengxian Rural Credit Union,E0245S345040001,农村信用社,梧州金融监管分局
1969,青河县农村信用合作联社,无,E0246S365430001,农村信用社,阿勒泰金融监管分局
1970,哈巴河县农村信用合作联社,无,E0248S365430001,农村信用社,阿勒泰金融监管分局
1971,永寿县农村信用合作联社,无,E0249S361040001,农村信用社,咸阳金融监管分局
1972,秦皇岛市区农村信用合作联社,无,E0261S313030001,农村信用社,秦皇岛金融监管分局
1973,昌黎县农村信用合作联社,无,E0263S313030001,农村信用社,秦皇岛金融监管分局
1974,额敏县农村信用合作联社,Emin County Rural Credit Cooperative Association,E0265S365420001,农村信用社,塔城金融监管分局
1975,环江毛南族自治县农村信用合作联社,Huanjiang Maonan Autonomous County Rural Credit Cooperatives Union,E0266S345120001,农村信用社,河池金融监管分局
1976,裕民县农村信用合作联社,无,E0266S365420001,农村信用社,塔城金融监管分局
1977,和布克赛尔蒙古自治县农村信用合作联社,无,E0267S365420001,农村信用社,塔城金融监管分局
1978,西华县农村信用合作联社,无,E0268S341160001,农村信用社,周口金融监管分局
1979,河池市区农村信用合作联社,Hechi Urban District Rural Credit Union,E0268S345120001,农村信用社,河池金融监管分局
1980,托里县农村信用合作联社,无,E0268S365420001,农村信用社,塔城金融监管分局
1981,梅河口市农村信用合作联社,无,E0270S322050001,农村信用社,通化金融监管分局
1982,容城县农村信用合作联社,无,E0271S313060001,农村信用社,保定金融监管分局
1983,长白朝鲜族自治县农村信用合作联社,无,E0271S322060001,农村信用社,白山金融监管分局
1984,东兰县农村信用合作联社,Dong Lan Rural Credit Union,E0271S345120001,农村信用社,河池金融监管分局
1985,雄县农村信用合作联社,无,E0272S313060001,农村信用社,保定金融监管分局
1986,抚松县农村信用合作联社,无,E0273S322060001,农村信用社,白山金融监管分局
1987,南丹县农村信用合作联社,NanDan Rural Credit Union,E0273S345120001,农村信用社,河池金融监管分局
1988,唐县农村信用合作联社,无,E0274S313060001,农村信用社,保定金融监管分局
1989,北海市区农村信用合作联社,无,E0274S345050001,农村信用社,北海金融监管分局
1990,曲阳县农村信用合作联社,无,E0281S313060001,农村信用社,保定金融监管分局
1991,伊吾县农村信用合作联社,Yiwu Rural Credit Cooperative,E0281S365220001,农村信用社,哈密金融监管分局
1992,合浦县农村信用合作联社,无,E0285S345050001,农村信用社,北海金融监管分局
1993,阜平县农村信用合作联社,无,E0287S313060001,农村信用社,保定金融监管分局
1994,邯郸市峰峰矿区农村信用合作联社,无,E0288S313040001,农村信用社,邯郸金融监管分局
1995,魏县农村信用合作联社,无,E0291S313040001,农村信用社,邯郸金融监管分局
1996,曲周县农村信用合作联社,无,E0292S313040001,农村信用社,邯郸金融监管分局
1997,邱县农村信用合作联社,无,E0293S313040001,农村信用社,邯郸金融监管分局
1998,肥乡县农村信用合作联社,无,E0295S313040001,农村信用社,邯郸金融监管分局
1999,广平县农村信用合作联社,无,E0296S313040001,农村信用社,邯郸金融监管分局
2000,成安县农村信用合作联社,无,E0297S313040001,农村信用社,邯郸金融监管分局
2001,临漳县农村信用合作联社,无,E0298S313040001,农村信用社,邯郸金融监管分局
2002,磁县农村信用合作联社,无,E0299S313040001,农村信用社,邯郸金融监管分局
2003,松原市宁江区农村信用合作联社,无,E0299S322070001,农村信用社,松原金融监管分局
2004,钦州市区农村信用合作联社,Qinzhou Urban District Rural Credit Union,E0299S345070001,农村信用社,钦州金融监管分局
2005,扶余市农村信用合作联社,无,E0301S322070001,农村信用社,松原金融监管分局
2006,馆陶县农村信用合作联社,无,E0302S313040001,农村信用社,邯郸金融监管分局
2007,乾安县农村信用合作联社,无,E0302S322070001,农村信用社,松原金融监管分局
2008,长岭县农村信用合作联社,无,E0303S322070001,农村信用社,松原金融监管分局
2009,隆化县农村信用合作联社,无,E0306S313080001,农村信用社,承德金融监管分局
2010,兴隆县农村信用合作联社,无,E0308S313080001,农村信用社,承德金融监管分局
2011,承德市郊区农村信用合作联社,无,E0312S313080001,农村信用社,承德金融监管分局
2012,遵化市农村信用合作联社,无,E0315S313020001,农村信用社,唐山金融监管分局
2013,洛南县农村信用合作联社,无,E0319S361100001,农村信用社,商洛金融监管分局
2014,迁西县农村信用合作联社,无,E0321S313020001,农村信用社,唐山金融监管分局
2015,商洛市商州区农村信用合作联社,无,E0321S361100001,农村信用社,商洛金融监管分局
2016,乐亭县农村信用合作联社,无,E0323S313020001,农村信用社,唐山金融监管分局
2017,扶风县农村信用合作联社,无,E0333S361030001,农村信用社,宝鸡金融监管分局
2018,洮南市农村信用合作联社,无,E0334S322080001,农村信用社,白城金融监管分局
2019,灵山县农村信用合作联社,Ling Shan Rural Credit Union,E0355S345070001,农村信用社,钦州金融监管分局
2020,铜川市耀州区农村信用合作联社,无,E0355S361020001,农村信用社,铜川金融监管分局
2021,大城县农村信用合作联社,无,E0368S313100001,农村信用社,廊坊金融监管分局
2022,廊坊市城郊农村信用合作联社,无,E0369S313100001,农村信用社,廊坊金融监管分局
2023,志丹县农村信用合作联社,无,E0384S361060001,农村信用社,延安金融监管分局
2024,延长县农村信用合作联社,无,E0386S361060001,农村信用社,延安金融监管分局
2025,延川县农村信用合作联社,无,E0387S361060001,农村信用社,延安金融监管分局
2026,宜川县农村信用合作联社,无,E0389S361060001,农村信用社,延安金融监管分局
2027,黄龙县农村信用合作联社,无,E0392S361060001,农村信用社,延安金融监管分局
2028,黄陵县农村信用合作联社,无,E0393S361060001,农村信用社,延安金融监管分局
2029,肃宁县农村信用联社股份有限公司,无,E0401S313090001,农村信用社,沧州金融监管分局
2030,新乐市农村信用联社股份有限公司,无,E0402S213010001,农村信用社,河北金融监管局
2031,赵县农村信用联社股份有限公司,无,E0403S213010001,农村信用社,河北金融监管局
2032,永年县农村信用联社股份有限公司,Yongnian Rural Credit Company Limited,E0404S313040001,农村信用社,邯郸金融监管分局
2033,武安市农村信用联社股份有限公司,Wuan City Rural Credit Company Limited,E0405S313040001,农村信用社,邯郸金融监管分局
2034,高邑县农村信用联社股份有限公司,无,E0406S213010001,农村信用社,河北金融监管局
2035,石家庄市矿区农村信用联社股份有限公司,无,E0407S213010001,农村信用社,河北金融监管局
2036,康保县农村信用联社股份有限公司,无,E0410S313070001,农村信用社,张家口金融监管分局
2037,城固县农村信用合作联社,无,E0430S361070001,农村信用社,汉中金融监管分局
2038,洋县农村信用合作联社,无,E0433S361070001,农村信用社,汉中金融监管分局
2039,宁强县农村信用合作联社,无,E0435S361070001,农村信用社,汉中金融监管分局
2040,略阳县农村信用合作联社,无,E0436S361070001,农村信用社,汉中金融监管分局
2041,留坝县农村信用合作联社,无,E0438S361070001,农村信用社,汉中金融监管分局
2042,横州市农村信用合作联社,,E0459S245010001,农村信用社,广西金融监管局
2043,佳木斯市农村信用合作社联合社,JIAMUSI RURAL CREDIT COOPERATIVES UNION,E0474B323080001,农村信用社,佳木斯金融监管分局
2044,通渭县农村信用合作联社,无,E0493S362110001,农村信用社,定西金融监管分局
2045,漳县农村信用合作联社,无,E0497S362110001,农村信用社,定西金融监管分局
2046,夏邑县农村信用合作联社,无,E0518S341140001,农村信用社,商丘金融监管分局
2047,虞城县农村信用合作联社,无,E0519S341140001,农村信用社,商丘金融监管分局
2048,睢县农村信用合作联社,无,E0523S341140001,农村信用社,商丘金融监管分局
2049,甘谷县农村信用合作联社,无,E0526S362050001,农村信用社,天水金融监管分局
2050,武山县农村信用合作联社,无,E0546S362050001,农村信用社,天水金融监管分局
2051,牡丹江市农村信用合作社联合社,无,E0562B323100001,农村信用社,牡丹江金融监管分局
2052,牡丹江市城郊农村信用合作联社,无,E0563S323100001,农村信用社,牡丹江金融监管分局
2053,宁安市农村信用合作联社,无,E0564S323100001,农村信用社,牡丹江金融监管分局
2054,海林市农村信用合作联社,无,E0565S323100001,农村信用社,牡丹江金融监管分局
2055,穆棱市农村信用合作联社,无,E0567S323100001,农村信用社,牡丹江金融监管分局
2056,清水县农村信用合作联社,无,E0567S362050001,农村信用社,天水金融监管分局
2057,齐齐哈尔市农村信用合作社联合社,无,E0590B323020001,农村信用社,齐齐哈尔金融监管分局
2058,张家川回族自治县农村信用合作联社,无,E0590S362050001,农村信用社,天水金融监管分局
2059,宝鸡市陈仓区农村信用合作联社,无,E0591S361030001,农村信用社,宝鸡金融监管分局
2060,依安县农村信用合作联社,无,E0593S323020001,农村信用社,齐齐哈尔金融监管分局
2061,拜泉县农村信用合作联社,无,E0599S323020001,农村信用社,齐齐哈尔金融监管分局
2062,庆城县农村信用合作联社,无,E0605S362100001,农村信用社,庆阳金融监管分局
2063,镇原县农村信用合作联社,无,E0606S362100001,农村信用社,庆阳金融监管分局
2064,合水县农村信用合作联社,无,E0608S362100001,农村信用社,庆阳金融监管分局
2065,防城港市防城区农村信用合作联社,Fangchenggang Fangcheng Rural Credit Union,E0609S345060001,农村信用社,防城港金融监管分局
2066,正宁县农村信用合作联社,无,E0609S362100001,农村信用社,庆阳金融监管分局
2067,铜川市印台区农村信用合作联社,无,E0610S361020001,农村信用社,铜川金融监管分局
2068,环县农村信用合作联社,无,E0610S362100001,农村信用社,庆阳金融监管分局
2069,平南县农村信用合作联社,Pingnan Rural Credit Union,E0611S345080001,农村信用社,贵港金融监管分局
2070,铜川市王益区农村信用合作联社,无,E0611S361020001,农村信用社,铜川金融监管分局
2071,华池县农村信用合作联社,无,E0611S362100001,农村信用社,庆阳金融监管分局
2072,防城港市区农村信用合作联社,Fangchenggang Urban District Rural Credit Union,E0612S345060001,农村信用社,防城港金融监管分局
2073,宜君县农村信用合作联社,无,E0612S361020001,农村信用社,铜川金融监管分局
2074,兴业县农村信用合作联社,Xingye Rural Credit union,E0613S345090001,农村信用社,玉林金融监管分局
2075,成县农村信用合作联社,无,E0613S362120001,农村信用社,陇南金融监管分局
2076,徽县农村信用合作联社,无,E0614S362120001,农村信用社,陇南金融监管分局
2077,泾阳县农村信用合作联社,无,E0615S361040001,农村信用社,咸阳金融监管分局
2078,三原县农村信用合作联社,无,E0616S361040001,农村信用社,咸阳金融监管分局
2079,文县农村信用合作联社,无,E0616S362120001,农村信用社,陇南金融监管分局
2080,宕昌县农村信用合作联社,无,E0620S362120001,农村信用社,陇南金融监管分局
2081,阳高县农村信用合作联社,无,E0621S314020001,农村信用社,大同金融监管分局
2082,天镇县农村信用合作联社,无,E0637S314020001,农村信用社,大同金融监管分局
2083,绥化市农村信用合作社联合社,SUIHUA RURAL CREDIT COOPERATIVES UNION,E0728B323120001,农村信用社,绥化金融监管分局
2084,方城县农村信用合作联社,无,E0761S341130001,农村信用社,南阳金融监管分局
2085,临夏县农村信用合作联社,GanSu LinXiaCounty Rural Credit Union,E0788S362290001,农村信用社,临夏金融监管分局
2086,积石山县农村信用合作联社,JishiShan Rural Credit Union,E0789S362290001,农村信用社,临夏金融监管分局
2087,永靖县农村信用合作联社,Yongjing Ruarl Credit Union,E0790S362290001,农村信用社,临夏金融监管分局
2088,东乡族自治县农村信用合作联社,DONGXIANGZUZIZHIXIAN RURAL CREDIT UNION。,E0791S362290001,农村信用社,临夏金融监管分局
2089,和政县农村信用合作联社,Gansu Hezheng Credit Union,E0792S362290001,农村信用社,临夏金融监管分局
2090,广河县农村信用合作联社,GuangHe Rural Credit Cooperatives Union,E0793S362290001,农村信用社,临夏金融监管分局
2091,康乐县农村信用合作联社,Kangle Rural Credit Union,E0794S362290001,农村信用社,临夏金融监管分局
2092,合作市农村信用合作联社,无,E0895S362300001,农村信用社,甘南金融监管分局
2093,夏河县农村信用合作联社,Gansu Xiahe RuraI Credit Union,E0910S362300001,农村信用社,甘南金融监管分局
2094,平顶山市石龙区农村信用合作联社,无,E0916S341040001,农村信用社,平顶山金融监管分局
2095,郏县农村信用合作联社,无,E0918S341040001,农村信用社,平顶山金融监管分局
2096,鲁山县农村信用合作联社,无,E0919S341040001,农村信用社,平顶山金融监管分局
2097,郸城县农村信用合作联社,无,E0923S341160001,农村信用社,周口金融监管分局
2098,临潭县农村信用合作联社,Lintan Rural Credit Union,E0925S362300001,农村信用社,甘南金融监管分局
2099,焦作市马村区农村信用合作联社,无,E0926S341080001,农村信用社,焦作金融监管分局
2100,周口市淮阳区农村信用合作联社,无,E0927S341160001,农村信用社,周口金融监管分局
2101,禹州市农村信用合作联社,无,E0929S341100001,农村信用社,许昌金融监管分局
2102,富锦市农村信用合作联社,FUJIN RURAL CREDIT COOPERATIVES UNION,E0937S323080001,农村信用社,佳木斯金融监管分局
2103,卓尼县农村信用合作联社,无,E0937S362300001,农村信用社,甘南金融监管分局
2104,桦川县农村信用合作联社,HUACHUAN RURAL CREDIT COOPERATIVES UNION,E0939S323080001,农村信用社,佳木斯金融监管分局
2105,佳木斯市郊区农村信用合作联社,JIAMUSI JIAOQU RURAL CREDIT COOPERATIVES UNION,E0945S323080001,农村信用社,佳木斯金融监管分局
2106,迭部县农村信用合作联社,无,E0947S362300001,农村信用社,甘南金融监管分局
2107,舞阳县农村信用合作联社,无,E0950S341110001,农村信用社,漯河金融监管分局
2108,漯河市源汇区农村信用合作联社,无,E0952S341110001,农村信用社,漯河金融监管分局
2109,漯河市郾城区农村信用合作联社,无,E0953S341110001,农村信用社,漯河金融监管分局
2110,漯河市召陵区农村信用合作联社,无,E0954S341110001,农村信用社,漯河金融监管分局
2111,舟曲县农村信用合作联社,无,E0956S362300001,农村信用社,甘南金融监管分局
2112,龙江县农村信用合作联社,无,E0958S323020001,农村信用社,齐齐哈尔金融监管分局
2113,肇东市农村信用合作联社,ZHAODONG RURAL CREDIT COOPERATIVES UNION,E0964S323120001,农村信用社,绥化金融监管分局
2114,碌曲县农村信用合作联社,无,E0969S362300001,农村信用社,甘南金融监管分局
2115,玛曲县农村信用合作联社,无,E0974S362300001,农村信用社,甘南金融监管分局
2116,渭源县农村信用合作联社,无,E0984S362110002,农村信用社,定西金融监管分局
2117,肃北蒙古族自治县农村信用合作联社,无,E0986S362090001,农村信用社,酒泉金融监管分局
2118,阿克塞哈萨克族自治县农村信用合作联社,无,E0987S362090001,农村信用社,酒泉金融监管分局
2119,肃南裕固族自治县农村信用合作联社,无,E0988S362070001,农村信用社,张掖金融监管分局
2120,景泰县农村信用合作联社,无,E0990S362040001,农村信用社,白银金融监管分局
2121,平川区农村信用合作联社,无,E0991S362040001,农村信用社,白银金融监管分局
2122,白银区农村信用合作联社,无,E0992S362040001,农村信用社,白银金融监管分局
2123,代县农村信用合作联社,Daixian Rural Credit Cooperative Union,E1034S314090001,农村信用社,忻州金融监管分局
2124,望奎县农村信用合作联社,WANGKUI RURAL CREDIT COOPERATIVES UNION,E1052S323120001,农村信用社,绥化金融监管分局
2125,秦皇岛市抚宁农村信用联社股份有限公司,无,E1070S313030001,农村信用社,秦皇岛金融监管分局
2126,文水县农村信用合作联社,无,E1142S314110001,农村信用社,吕梁金融监管分局
2127,石楼县农村信用合作联社,无,E1147S314110001,农村信用社,吕梁金融监管分局
2128,依兰县农村信用合作联社,无,E1161S223010001,农村信用社,黑龙江金融监管局
2129,兰西县农村信用合作联社,LANXI RURAL CREDIT COOPERATIVES UNION,E1165S323120001,农村信用社,绥化金融监管分局
2130,海伦市农村信用合作联社,HAILUN RURAL CREDIT COOPERATIVES UNION,E1166S323120001,农村信用社,绥化金融监管分局
2131,鹤岗市市区农村信用合作联社,HEGANG SHIQU RURAL CREDIT COOPERATIVES UNION,E1168S323040001,农村信用社,鹤岗金融监管分局
2132,忻州市农村信用合作社联合社,无,E1374B314090001,农村信用社,忻州金融监管分局
2133,吕梁市农村信用合作社联合社,无,E1376B314110001,农村信用社,吕梁金融监管分局
2134,陵川县农村信用合作联社,LINGCHUAN COUNTY RURAL CREDIT UNION,E2013S314050001,农村信用社,晋城金融监管分局
2135,晋州市周家庄农村资金互助社,无,F0001H213010001,农村资金互助社,河北金融监管局
2136,桦南县桦南镇鸿源农村资金互助社,无,F0001H323080001,农村资金互助社,佳木斯金融监管分局
2137,昌吉市榆树沟镇民心农村资金互助社,无,F0001H365230001,农村资金互助社,昌吉金融监管分局
2138,绥棱县四海店镇海鑫农村资金互助社,无,F0002H323120002,农村资金互助社,绥化金融监管分局
2139,诸城市相州镇泰丰农村资金互助社,无,F0002H337070001,农村资金互助社,潍坊金融监管分局
2140,万荣县高村乡惠民农村资金互助社,无,F0003H314080001,农村资金互助社,运城金融监管分局
2141,宁安市宁安镇隆泰农村资金互助社,无,F0003H323100001,农村资金互助社,牡丹江金融监管分局
2142,温岭市箬横镇玉麟农村资金互助社,无,F0003H333100001,农村资金互助社,台州金融监管分局
2143,民权县城关镇聚鑫农村资金互助社,无,F0003H341140001,农村资金互助社,商丘金融监管分局
2144,庆阳市西峰区彭原镇泰信农村资金互助社,无,F0003H362100001,农村资金互助社,庆阳金融监管分局
2145,兴县蔚汾镇全民农村资金互助社,无,F0004H314110001,农村资金互助社,吕梁金融监管分局
2146,五台县东冶镇源通农村资金互助社,无,F0005H314090001,农村资金互助社,忻州金融监管分局
2147,稷山县稷峰镇益民农村资金互助社,无,F0006H314080001,农村资金互助社,运城金融监管分局
2148,讷河市新农合农村资金互助社,无,F0006H323020001,农村资金互助社,齐齐哈尔金融监管分局
2149,瑞安市马屿镇汇民农村资金互助社,无,F0006H333030001,农村资金互助社,温州金融监管分局
2150,天津宝坻浦发村镇银行股份有限公司,"Tianjin baodi SPD Rural Bank Co.,Ltd",S0001H212000001,村镇银行,天津金融监管局
2151,庄河汇通村镇银行股份有限公司,Zhuanghe Hui Tong Rural Commercial Bank Co.Ltd,S0001H221020001,村镇银行,大连金融监管局
2152,上海崇明沪农商村镇银行股份有限公司,无,S0001H231000001,村镇银行,上海金融监管局
2153,象山国民村镇银行股份有限公司,无,S0001H233020001,村镇银行,宁波金融监管局
2154,厦门同安农银村镇银行有限责任公司,ABC XIAMEN TONG’AN RURAL BANK LIMITED LIABILITY COMPANY,S0001H235020001,村镇银行,厦门金融监管局
2155,青岛即墨惠民村镇银行股份有限公司,无,S0001H237020001,村镇银行,青岛金融监管局
2156,深圳宝安融兴村镇银行有限责任公司,Shenzhen BaoAn RongXing Rural Bank Limited Company,S0001H244030001,村镇银行,深圳金融监管局
2157,文昌兴福村镇银行有限责任公司,无,S0001H246900001,村镇银行,海南金融监管局
2158,大通中银富登村镇银行有限责任公司,Datong BOC Fullerton Community Bank Ltd.,S0001H263010001,村镇银行,青海金融监管局
2159,盂县汇民村镇银行有限责任公司,"YUXIAN HUIMIN VILLAGE AND TOWN BANK CO.,LTD",S0001H314030001,村镇银行,阳泉金融监管分局
2160,东宁润生村镇银行股份有限公司,无,S0001H323100001,村镇银行,牡丹江金融监管分局
2161,江苏沭阳东吴村镇银行股份有限公司,JIANGSU SHUYANG DONGWU RURAL BANK CO.， LTD,S0001H332130001,村镇银行,宿迁金融监管分局
2162,浙江秀洲德商村镇银行股份有限公司,"ZheJiang XiuZhou DeShang County Bank Co.,Ltd",S0001H333040001,村镇银行,嘉兴金融监管分局
2163,浙江长兴联合村镇银行股份有限公司,Zhejiang Changxing United Rural Bank,S0001H333050001,村镇银行,湖州金融监管分局
2164,安徽长丰科源村镇银行股份有限公司,Anhui Changfeng KeYuan Town Bank Co. Ltd.,S0001H334010001,村镇银行,巢湖金融监管分局
2165,福建建瓯瑞狮村镇银行有限责任公司,"Fujian Jianou Ruishi Rural Bank Co.,Ltd.",S0001H335070001,村镇银行,南平金融监管分局
2166,修水九银村镇银行有限责任公司,"XIUSHUI JIUYIN COUNTY BANK CO.,LTD.",S0001H336040001,村镇银行,九江金融监管分局
2167,寿光张农商村镇银行股份有限公司,"SHOUGUANG ZRCB COUNTRY BANK CO.,LTD",S0001H337070001,村镇银行,潍坊金融监管分局
2168,河南栾川民丰村镇银行股份有限公司,"HENAN LUANCHUAN MINFENG COUNTY BANK CO.,LTD.",S0001H341030001,村镇银行,洛阳金融监管分局
2169,中山小榄村镇银行股份有限公司,"ZHONGSHAN XIAOLAN COUNTY BANK CO.,LTD.",S0001H344200001,村镇银行,中山金融监管分局
2170,平果国民村镇银行有限责任公司,"PINGGUO GUOMIN COUNTY BANK Co.,LTD",S0001H345100001,村镇银行,百色金融监管分局
2171,重庆大足汇丰村镇银行有限责任公司,Chongqing Dazu HSBC Rural Bank Company Limited,S0001H350060001,村镇银行,永川金融监管分局
2172,重庆合川中银富登村镇银行有限公司,Chong Qing He Chuan BOC Fullerton Community Bank Ltd.,S0001H350080001,村镇银行,合川金融监管分局
2173,四川仪陇惠民村镇银行有限责任公司,无,S0001H351130001,村镇银行,南充金融监管分局
2174,筠连中成村镇银行股份有限公司,"Junlian Zhongcheng Rural Bank Co.,Ltd",S0001H351150001,村镇银行,宜宾金融监管分局
2175,毕节发展村镇银行有限责任公司,无,S0001H352240001,村镇银行,毕节金融监管分局
2176,文山民丰村镇银行有限责任公司,无,S0001H353260001,村镇银行,文山金融监管分局
2177,林芝民生村镇银行股份有限公司,LINZHI MINSHENG RURAL BANKING CORPORATION LIMITED.,S0001H354260001,村镇银行,林芝金融监管分局
2178,陕西岐山长银村镇银行有限责任公司,无,S0001H361030001,村镇银行,宝鸡金融监管分局
2179,甘肃泾川中银富登村镇银行股份有限公司,无,S0001H362080001,村镇银行,平凉金融监管分局
2180,吴忠市滨河村镇银行股份有限公司,"Binhe County Bank of Wuzhong Co.,Ltd",S0001H364030001,村镇银行,吴忠金融监管分局
2181,五家渠国民村镇银行有限责任公司,"Wujiaqu National County Bank CO., LTD",S0001H365230001,村镇银行,昌吉金融监管分局
2182,北京密云汇丰村镇银行有限责任公司,Beijing Miyun HSBC Rural Bank Company Limited,S0002H211000001,村镇银行,北京金融监管局
2183,瓦房店长兴村镇银行股份有限公司,Wafangdian Changxing Rural Bank Co.Ltd.,S0002H221020001,村镇银行,大连金融监管局
2184,上海奉贤浦发村镇银行股份有限公司,"SHANGHAI FENGXIAN SPD RURAL BANK CO.,LTD",S0002H231000001,村镇银行,上海金融监管局
2185,慈溪民生村镇银行股份有限公司,无,S0002H233020001,村镇银行,宁波金融监管局
2186,厦门翔安民生村镇银行股份有限公司,XIAMEN XIANG’AN MINSHENG RURAL BANKING CORPORATION LIMITED,S0002H235020001,村镇银行,厦门金融监管局
2187,青岛西海岸海汇村镇银行股份有限公司,"QINGDAO XIHAIAN HAIHUI VILLAGE BANK CO.,LTD",S0002H237020001,村镇银行,青岛金融监管局
2188,深圳龙岗鼎业村镇银行股份有限公司,Shenzhen LongGang Everdynasty Rural Bank Corporation Limited,S0002H244030001,村镇银行,深圳金融监管局
2189,琼海兴福村镇银行有限责任公司,无,S0002H246900001,村镇银行,海南金融监管局
2190,西藏堆龙民泰村镇银行股份有限公司,"Dui Long Mintai Rural Bank of Tibet CO.,LTD.",S0002H254010001,村镇银行,西藏金融监管局
2191,陵川县太行村镇银行股份有限公司,无,S0002H314050001,村镇银行,晋城金融监管分局
2192,洪洞县洪都村镇银行有限责任公司,"HongTong County HongDu Village Bank CO.,LTD",S0002H314100001,村镇银行,临汾金融监管分局
2193,克什克腾农银村镇银行有限责任公司,无,S0002H315040001,村镇银行,赤峰金融监管分局
2194,铁岭新星村镇银行股份有限公司,无,S0002H321120001,村镇银行,铁岭金融监管分局
2195,敦化江南村镇银行股份有限公司,无,S0002H322240001,村镇银行,延边金融监管分局
2196,杜尔伯特润生村镇银行有限责任公司,"DURBOTE RUN SHENG RURAL BANK Co.,Ltd.",S0002H323060001,村镇银行,大庆金融监管分局
2197,常州金坛兴福村镇银行有限责任公司,CHANGZHOU JINTAN XINGFU COUNTY BANK CO.LTD,S0002H332040001,村镇银行,常州金融监管分局
2198,浙江玉环永兴村镇银行股份有限公司,Zhejiang Yuhuan Yongxing Rural Bank Company Limited,S0002H333100001,村镇银行,台州金融监管分局
2199,安徽凤阳利民村镇银行有限责任公司,Anhui Fengyang Limin Country Bank Company Limited,S0002H334110001,村镇银行,滁州金融监管分局
2200,福建永安汇丰村镇银行有限责任公司,Fujian Yongan HSBC Rural Bank Company Limited,S0002H335040001,村镇银行,三明金融监管分局
2201,南康赣商村镇银行股份有限公司,NANKANG GANSHANG VILLAGE BANK,S0002H336070001,村镇银行,赣州金融监管分局
2202,邹平浦发村镇银行股份有限公司,"Zouping SPD Rural Bank Co., Ltd",S0002H337160001,村镇银行,滨州金融监管分局
2203,固始天骄村镇银行股份有限公司,无,S0002H341150001,村镇银行,信阳金融监管分局
2204,湖南桃江中银富登村镇银行股份有限公司,Hunan Taojiang BOC Fullerton Community Bank Corp.,S0002H343090001,村镇银行,益阳金融监管分局
2205,广东恩平汇丰村镇银行有限责任公司,Guangdong Enping HSBC Rural Bank Company Limited,S0002H344070001,村镇银行,江门金融监管分局
2206,广西兴安民兴村镇银行股份有限公司,无,S0002H345030001,村镇银行,桂林金融监管分局
2207,四川北川羌族自治县富民村镇银行有限责任公司,无,S0002H351070001,村镇银行,绵阳金融监管分局
2208,龙里国丰村镇银行有限责任公司,无,S0002H352270001,村镇银行,黔南金融监管分局
2209,玉溪红塔村镇银行股份有限公司,"YUXI HONGTA RURAL BANK CO.,LTD.",S0002H353040001,村镇银行,玉溪金融监管分局
2210,陕西洛南阳光村镇银行有限责任公司,无,S0002H361100001,村镇银行,商洛金融监管分局
2211,庆阳市西峰瑞信村镇银行股份有限公司,无,S0002H362100001,村镇银行,庆阳金融监管分局
2212,哈密天山村镇银行有限公司,"Hami Tianshan Rural Bank Co.,Ltd",S0002H365220001,村镇银行,哈密金融监管分局
2213,北京怀柔融兴村镇银行有限责任公司,Beijing Huairou Rongxing Rural Bank Company Limited,S0003H211000001,村镇银行,北京金融监管局
2214,大连普兰店汇丰村镇银行有限责任公司,Dalian Pulandian HSBC Rural Bank Company Limited,S0003H221020001,村镇银行,大连金融监管局
2215,上海松江民生村镇银行股份有限公司,"SHANGHAI SONGJIANG MINSHENG RURAL BANKING CORP.,LTD",S0003H231000001,村镇银行,上海金融监管局
2216,余姚通济村镇银行股份有限公司,Yuyao Tongji County Bank Co.，Ltd.,S0003H233020001,村镇银行,宁波金融监管局
2217,青岛莱西元泰村镇银行股份有限公司,"QINGDAO LAIXIYUANTAI TOWN BANK CO.,LTD",S0003H237020001,村镇银行,青岛金融监管局
2218,深圳福田银座村镇银行股份有限公司,"Shenzhen Futian Yinzuo Rural Bank Co.,LTD",S0003H244030001,村镇银行,深圳金融监管局
2219,海口苏南村镇银行股份有限公司,"HAIKOU SUNAN MINTAI COUNTY BANK CO.,LTD",S0003H246010001,村镇银行,海南金融监管局
2220,邛崃国民村镇银行有限责任公司,QIONGLAI GUOMIN COUNTY BANK CO.LTD.,S0003H251010001,村镇银行,四川金融监管局
2221,贵阳花溪建设村镇银行有限责任公司,无,S0003H252010001,村镇银行,贵州金融监管局
2222,宁夏贺兰回商村镇银行有限责任公司,无,S0003H264010001,村镇银行,宁夏金融监管局
2223,辽宁彰武金通村镇银行股份有限公司,无,S0003H321090001,村镇银行,阜新金融监管分局
2224,磐石吉银村镇银行股份有限公司,无,S0003H322020001,村镇银行,吉林金融监管分局
2225,宜兴阳羡村镇银行股份有限公司,"YIXING YANGXIAN COUNTY BANK CO.,LTD.,",S0003H332020001,村镇银行,无锡金融监管分局
2226,浙江嵊州瑞丰村镇银行股份有限公司,无,S0003H333060001,村镇银行,绍兴金融监管分局
2227,安徽桐城江淮村镇银行股份有限公司,"Anhui Tongcheng Jianghuai Village Bank Co.,Ltd.",S0003H334080001,村镇银行,安庆金融监管分局
2228,福建福鼎恒兴村镇银行股份有限公司,"Fujian Fuding Henxing Rural Bank CO.,LTD.",S0003H335090001,村镇银行,宁德金融监管分局
2229,吉安稠州村镇银行股份有限公司,JI AN CHOUZHOU RURAL BANK CO.LTD,S0003H336080001,村镇银行,吉安金融监管分局
2230,乳山天骄村镇银行股份有限公司,无,S0003H337100001,村镇银行,威海金融监管分局
2231,河南方城凤裕村镇银行有限责任公司,"HENAN FANGCHENG FENGYU COUNTY BANK CO.,LTD",S0003H341130001,村镇银行,南阳金融监管分局
2232,湖北嘉鱼吴江村镇银行股份有限公司,无,S0003H342120001,村镇银行,咸宁金融监管分局
2233,田东北部湾村镇银行有限责任公司,TIANDONG BEIBU GULF COUNTY BANK Co.， LTD,S0003H345100001,村镇银行,百色金融监管分局
2234,重庆开州泰业村镇银行股份有限公司,"CHONGQING KAIZHOU TAIYE VILLAGE BANK CO., LTD.",S0003H350010001,村镇银行,万州金融监管分局
2235,南部县中成村镇银行股份有限公司,无,S0003H351130001,村镇银行,南充金融监管分局
2236,安塞农银村镇银行有限责任公司,无,S0003H361060001,村镇银行,延安金融监管分局
2237,青海乐都三江村镇银行股份有限公司,"QINGHAI LEDU SANJIANG RURAL BANK CO.,LTD",S0003H363210001,村镇银行,海东金融监管分局
2238,新疆库尔勒富民村镇银行股份有限公司,无,S0003H365280001,村镇银行,巴音郭楞金融监管分局
2239,北京大兴九银村镇银行股份有限公司,BEIJING DAXING JIUYIN COUNTY BANK,S0004H211000001,村镇银行,北京金融监管局
2240,沈阳沈北富民村镇银行股份有限公司,无,S0004H221010001,村镇银行,辽宁金融监管局
2241,大连金州联丰村镇银行股份有限公司,"Dalian Jinzhou Lianfeng Rural Bank Co.,Ltd.",S0004H221020001,村镇银行,大连金融监管局
2242,上海浦东江南村镇银行股份有限公司,"SHANGHAI PUDONG JIANGNAN COUNTY BANK CO.,LTD",S0004H231000001,村镇银行,上海金融监管局
2243,宁波奉化罗蒙村镇银行有限责任公司,"NINGBO FENGHUA ROMON COUNTRY BANK CO.,LTD",S0004H233020001,村镇银行,宁波金融监管局
2244,青岛平度惠民村镇银行股份有限公司,Qingdao Pingdu Huimin Village Bank Company Limited,S0004H237020001,村镇银行,青岛金融监管局
2245,巩义浦发村镇银行股份有限公司,"GONGyi SPD Rural Bank Co.,Ltd.",S0004H241010001,村镇银行,河南金融监管局
2246,深圳南山宝生村镇银行股份有限公司,无,S0004H244030001,村镇银行,深圳金融监管局
2247,大邑交银兴民村镇银行有限责任公司,"Dayi Bocom Xingmin Rural Bank Co.,Ltd.",S0004H251010001,村镇银行,四川金融监管局
2248,西安高陵阳光村镇银行有限责任公司,无,S0004H261010001,村镇银行,陕西金融监管局
2249,河北丰宁中银富登村镇银行有限责任公司,无,S0004H313080001,村镇银行,承德金融监管分局
2250,汾西县太行村镇银行有限责任公司,"Fenxi Taihang Rural Bank Co.,LTD.",S0004H314100001,村镇银行,临汾金融监管分局
2251,镇赉中银富登村镇银行股份有限公司,Zhenlai BOC Fullerton Community Bank Corp.,S0004H322080001,村镇银行,白城金融监管分局
2252,依安润生村镇银行有限责任公司,无,S0004H323020001,村镇银行,齐齐哈尔金融监管分局
2253,江苏东海张农商村镇银行有限责任公司,"Jiangsu Donghai Zhangnongshang County Bank Co., Ltd",S0004H332070001,村镇银行,连云港金融监管分局
2254,浙江永嘉恒升村镇银行股份有限公司,无,S0004H333030001,村镇银行,温州金融监管分局
2255,安徽当涂新华村镇银行股份有限公司,无,S0004H334050001,村镇银行,马鞍山金融监管分局
2256,福建漳平民泰村镇银行股份有限公司,"FUJIAN ZHANGPING MINTAI COUNTY BANK CO.,LTD.",S0004H335080001,村镇银行,龙岩金融监管分局
2257,广丰广信村镇银行股份有限公司,GUANGFENG GUANGXIN VILLAGE BANK,S0004H336110001,村镇银行,上饶金融监管分局
2258,东营莱商村镇银行股份有限公司,"DONGYING LAISHANG COUNTY BANK CO.,LTD",S0004H337050001,村镇银行,东营金融监管分局
2259,湖北随州曾都汇丰村镇银行有限责任公司,无,S0004H342130001,村镇银行,随州金融监管分局
2260,韶山光大村镇银行股份有限公司,"Shaoshan Everbright Village Bank CO.,LTD.",S0004H343030001,村镇银行,湘潭金融监管分局
2261,广西柳江柳银村镇银行股份有限公司,GUANGXI LIUJIANG LIUYIN COUNTRY BANK,S0004H345020001,村镇银行,柳州金融监管分局
2262,三亚惠民村镇银行股份有限公司,"SANYA HUIMIN VILLAGE BANK CO.,LTD,",S0004H346020001,村镇银行,三亚金融监管分局
2263,重庆丰都汇丰村镇银行有限责任公司,无,S0004H350000001,村镇银行,涪陵金融监管分局
2264,平坝鼎立村镇银行有限责任公司,无,S0004H352040001,村镇银行,安顺金融监管分局
2265,曲靖惠民村镇银行股份有限公司,"QuJing HuiMin Village Bank Co.,Ltd.",S0004H353030001,村镇银行,曲靖金融监管分局
2266,敦煌市金盛村镇银行股份有限公司,无,S0004H362090001,村镇银行,酒泉金融监管分局
2267,石河子国民村镇银行有限责任公司,"SHIHEZI GUOMIN COUNTY BANK CO.,LTD",S0004H365030001,村镇银行,石河子金融监管分局
2268,天津津南村镇银行股份有限公司,"Tianjin Jinnan Village Bank Co.,Ltd",S0005H212000001,村镇银行,天津金融监管局
2269,大连经济技术开发区鑫汇村镇银行股份有限公司,Dalian Economic and Technological Development Zone Xinhui Rural Bank,S0005H221020001,村镇银行,大连金融监管局
2270,双城惠民村镇银行有限责任公司,"Co.,Ltd 无",S0005H223010001,村镇银行,黑龙江金融监管局
2271,上海浦东中银富登村镇银行有限责任公司,无,S0005H231000001,村镇银行,上海金融监管局
2272,宁波市海曙国民村镇银行有限责任公司,"NINGBO HAISHU GUOMIN COUNTY BANK CO.,LTD",S0005H233020001,村镇银行,宁波金融监管局
2273,青岛胶州中成村镇银行股份有限公司,无,S0005H237020001,村镇银行,青岛金融监管局
2274,广州番禺新华村镇银行股份有限公司,"GUANGZHOU PANYU XINHUA VILLAGE AND TOWNSHIP BANK CO.,LTD.",S0005H244010001,村镇银行,广东金融监管局
2275,深圳宝安桂银村镇银行股份有限公司,无,S0005H244030001,村镇银行,深圳金融监管局
2276,陵水惠民村镇银行股份有限公司,"LINGSHUI HUIMIN VILLAGE BANK CO.,LTD",S0005H246020001,村镇银行,海南金融监管局
2277,彭州民生村镇银行股份有限公司,无,S0005H251010001,村镇银行,四川金融监管局
2278,汾西县亿通村镇银行股份有限公司,Fenxi Yitong Country Bank Co.Ltd.,S0005H314100001,村镇银行,临汾金融监管分局
2279,阿拉善左旗方大村镇银行股份有限公司,Alashanzuoqi Fangda rural bank Limited by share Ltd,S0005H315290001,村镇银行,阿拉善金融监管分局
2280,阜新农商村镇银行股份有限公司,无,S0005H321090001,村镇银行,阜新金融监管分局
2281,前郭县阳光村镇银行股份有限公司,"QianGuo County Sunshine Village and Town Bank Co.,Ltd",S0005H322070001,村镇银行,松原金融监管分局
2282,溧阳浦发村镇银行股份有限公司,"Liyang SPD Rural Bank Co.,Ltd",S0005H332040001,村镇银行,常州金融监管分局
2283,浙江苍南中银富登村镇银行股份有限公司,Zhejiang Cangnan BOC Fullerton Community Bank Corp.,S0005H333030001,村镇银行,温州金融监管分局
2284,安徽舒城正兴村镇银行股份有限公司,"Anhui Shucheng ZhengXing Village Bank Co., Ltd.",S0005H334150001,村镇银行,六安金融监管分局
2285,安溪民生村镇银行股份有限公司,"ANXI MINSHENG RURAL BANKING CORP.,LTD.",S0005H335050001,村镇银行,泉州金融监管分局
2286,井冈山九银村镇银行有限责任公司,"JINGGANGSHAN JIU YIN VILLAGES AND SMALL BANK CO.,LTD",S0005H336080001,村镇银行,吉安金融监管分局
2287,龙口中银富登南山村镇银行股份有限公司,Longkou BOC Fullerton Nanshan Community Bank Corp,S0005H337060001,村镇银行,烟台金融监管分局
2288,郏县广天村镇银行股份有限公司,无,S0005H341040001,村镇银行,平顶山金融监管分局
2289,大冶中银富登村镇银行股份有限公司,Daye BOCFullerton Community Bank Corp.,S0005H342020001,村镇银行,黄石金融监管分局
2290,资兴浦发村镇银行股份有限公司,"Zixing SPD Rural Bank Co.,Ltd.",S0005H343100001,村镇银行,郴州金融监管分局
2291,重庆巴南浦发村镇银行股份有限公司,无,S0005H350050001,村镇银行,巴南金融监管分局
2292,织金惠民村镇银行有限责任公司,无,S0005H352240001,村镇银行,毕节金融监管分局
2293,天水市秦安众信村镇银行股份有限公司,无,S0005H362050001,村镇银行,天水金融监管分局
2294,宁夏中宁青银村镇银行股份有限公司,无,S0005H364050001,村镇银行,中卫金融监管分局
2295,新疆石河子交银村镇银行股份有限公司,Xinjiang Shihezi Bocom Rural Bank Company Limited,S0005H365030001,村镇银行,石河子金融监管分局
2296,天津西青中银富登村镇银行股份有限公司,Tianjin Xiqing BOC Fullerton Community Bank Corp.,S0006H212000001,村镇银行,天津金融监管局
2297,大连甘井子浦发村镇银行股份有限公司,"Dalian Ganjingzi SPD Rural Bank Co.,Ltd",S0006H221020001,村镇银行,大连金融监管局
2298,上海闵行上银村镇银行股份有限公司,无,S0006H231000001,村镇银行,上海金融监管局
2299,浙江建德湖商村镇银行股份有限公司,无,S0006H233010001,村镇银行,浙江金融监管局
2300,宁波北仑中银富登村镇银行股份有限公司,Ningbo Beilun BOC Fullerton Community Bank Corp.,S0006H233020001,村镇银行,宁波金融监管局
2301,青岛城阳珠江村镇银行股份有限公司,"Qingdao Chengyang Zhujiang Rural Bank Co.,Ltd",S0006H237020001,村镇银行,青岛金融监管局
2302,深圳龙岗中银富登村镇银行有限责任公司,Shenzhen Longgang BOC Fullerton Community Bank Ltd.,S0006H244030001,村镇银行,深圳金融监管局
2303,海南儋州绿色村镇银行有限责任公司,"DANZHOU BANK OF GREEN VILLAGE CO.,LTD",S0006H246900001,村镇银行,海南金融监管局
2304,泽州浦发村镇银行股份有限公司,无,S0006H314050001,村镇银行,晋城金融监管分局
2305,本溪同盛村镇银行股份有限公司,无,S0006H321050001,村镇银行,本溪金融监管分局
2306,通化融达村镇银行股份有限公司,Tonghua Rongda Rural Bank,S0006H322050001,村镇银行,通化金融监管分局
2307,江苏铜山锡州村镇银行股份有限公司,无,S0006H332030001,村镇银行,徐州金融监管分局
2308,安徽裕安盛平村镇银行股份有限公司,Anhui YuAn ShengPing Village Bank Co.Ltd.,S0006H334150001,村镇银行,六安金融监管分局
2309,漳浦民生村镇银行股份有限公司,Zhangpu Minsheng Rural Banking Co.Ltd,S0006H335060001,村镇银行,漳州金融监管分局
2310,九江共青村镇银行股份有限公司,"JIUJIANG GONGQUNG COUNTY BANK Co.,Ltd.",S0006H336040001,村镇银行,九江金融监管分局
2311,莒县金谷村镇银行股份有限公司,Juxian Jingu County Bank,S0006H337110001,村镇银行,日照金融监管分局
2312,西平中原村镇银行股份有限公司,无,S0006H341170001,村镇银行,驻马店金融监管分局
2313,宜城中银富登村镇银行有限责任公司,Yicheng BOC Fullerton Community Bank Ltd.,S0006H342060001,村镇银行,襄阳金融监管分局
2314,湘西长行村镇银行股份有限公司,"Xiangxi changhang Village Bank Co.,Ltd.",S0006H343310001,村镇银行,湘西金融监管分局
2315,梅州客家村镇银行股份公司,"Meizhou Hakka County Bank Co.,Ltd",S0006H344140001,村镇银行,梅州金融监管分局
2316,东兴国民村镇银行有限责任公司,DONGXING GUOMIN COUNTY BANK CO.，LTD,S0006H345060001,村镇银行,防城港金融监管分局
2317,重庆璧山工银村镇银行有限责任公司,无,S0006H350070001,村镇银行,江津金融监管分局
2318,宣汉诚民村镇银行有限责任公司,XUANHAN CHENGMIN VILLAGE BANK CO.LTD,S0006H351170001,村镇银行,达州金融监管分局
2319,铜仁丰源村镇银行有限责任公司,无,S0006H352220001,村镇银行,铜仁金融监管分局
2320,楚雄红塔村镇银行股份有限公司,"CHUXIONG HONGTA RURAL BANK CO.,LTD.",S0006H353230001,村镇银行,楚雄金融监管分局
2321,陕西富平汇发村镇银行有限责任公司,Shaanxi Fuping Huifa Rural Bank Corporation,S0006H361050001,村镇银行,渭南金融监管分局
2322,平凉市静宁成纪村镇银行股份有限公司,无,S0006H362080001,村镇银行,平凉金融监管分局
2323,北京顺义银座村镇银行股份有限公司,"Beijing Shunyi Yinzuo Rural Bank CO.,LTD.",S0007H211000001,村镇银行,北京金融监管局
2324,天津静海新华村镇银行股份有限公司,"TIANJIN JINGHAI XINHUA VILLAGE BANK CO.,LTD",S0007H212000001,村镇银行,天津金融监管局
2325,大连保税区珠江村镇银行股份有限公司,"Dalian Baoshuiqu Zhujiang Rural Bank Co.,Ltd",S0007H221020001,村镇银行,大连金融监管局
2326,榆树融兴村镇银行有限责任公司,YuShu RongXing Village & Township Bank Limited Company,S0007H222010001,村镇银行,吉林金融监管局
2327,五常惠民村镇银行有限责任公司,无,S0007H223010001,村镇银行,黑龙江金融监管局
2328,上海嘉定民生村镇银行股份有限公司,SHANGHAI JIADING MINSHENG RURAL BANKING CORPORATION LIMITED,S0007H231000001,村镇银行,上海金融监管局
2329,宁波慈溪中银富登村镇银行有限责任公司,Ningbo Cixi BOC Fullerton Community Bank Ltd,S0007H233020001,村镇银行,宁波金融监管局
2330,南昌大丰村镇银行有限责任公司,NanChang DaFeng Country Bank Co.Ltd,S0007H236010001,村镇银行,江西金融监管局
2331,青岛崂山交银村镇银行股份有限公司,无,S0007H237020001,村镇银行,青岛金融监管局
2332,中牟郑银村镇银行股份有限公司,无,S0007H241010001,村镇银行,河南金融监管局
2333,深圳光明沪农商村镇银行股份有限公司,无,S0007H244030001,村镇银行,深圳金融监管局
2334,海南保亭融兴村镇银行有限责任公司,HaiNan BaoTing RongXing Village & Township Bank Limited Company,S0007H246020001,村镇银行,海南金融监管局
2335,滦平盛阳村镇银行股份有限公司,LUANPING SHENGYANG VILLAGE BANK CO.， LTD,S0007H313080001,村镇银行,承德金融监管分局
2336,吕梁孝义汇通村镇银行股份有限公司,"LVLIANG XIAOYI HUITONG COUNTRY BANK CO., LTD",S0007H314110001,村镇银行,吕梁金融监管分局
2337,浙江嘉善联合村镇银行股份有限公司,无,S0007H333040001,村镇银行,嘉兴金融监管分局
2338,安徽肥西石银村镇银行股份有限公司,"Anhui FeiXi ShiYin Town Bank Co.,Ltd.",S0007H334010001,村镇银行,巢湖金融监管分局
2339,武夷山本富村镇银行有限责任公司,"Wuyishan Benfu Township Bank Co.,Ltd.",S0007H335070001,村镇银行,南平金融监管分局
2340,临沂河东齐商村镇银行股份有限公司,"LINYI HEDONG QISHANG VILLAGE BANK CO.,LTD",S0007H337130001,村镇银行,临沂金融监管分局
2341,汨罗中银富登村镇银行股份有限公司,Miluo BOC Fullerton Community Bank Corp.,S0007H343060001,村镇银行,岳阳金融监管分局
2342,三水珠江村镇银行股份有限公司,无,S0007H344060001,村镇银行,佛山金融监管分局
2343,灵山泰业村镇银行股份有限公司,"LINGSHAN TAIYE VILLAGE BANK CO., LTD.",S0007H345070001,村镇银行,钦州金融监管分局
2344,綦江民生村镇银行股份有限公司,无,S0007H350050001,村镇银行,巴南金融监管分局
2345,兴义万丰村镇银行有限责任公司,无,S0007H352230001,村镇银行,黔西南金融监管分局
2346,韩城浦发村镇银行股份有限公司,Hancheng SPD Rural Bank Co. Ltd,S0007H361050001,村镇银行,渭南金融监管分局
2347,民勤融信村镇银行股份有限公司,MinQin RongXin County Bank,S0007H362060001,村镇银行,武威金融监管分局
2348,石嘴山市大武口石银村镇银行股份有限公司,"Shiyin Town Bank of Dawukou Shizuishan City Co., Ltd.",S0007H364020001,村镇银行,石嘴山金融监管分局
2349,昌吉国民村镇银行有限责任公司,无,S0007H365230001,村镇银行,昌吉金融监管分局
2350,天津华明村镇银行股份有限公司,"TIANJIN HUAMING VILLAGE BANK CO.,LTD",S0008H212000001,村镇银行,天津金融监管局
2351,大连旅顺口蒙银村镇银行股份有限公司,"Dalian Lvshunkou Meng Yin Rural Bank Co.,Ltd",S0008H221020001,村镇银行,大连金融监管局
2352,上海宝山富民村镇银行股份有限公司,"SHANGHAI BAOSHAN FUMIN RURAL BANK CO.,LTD",S0008H231000001,村镇银行,上海金融监管局
2353,青岛黄岛舜丰村镇银行股份有限公司,"Qingdao Huangdao Shunfeng Rural Bank Co.,Ltd",S0008H237020001,村镇银行,青岛金融监管局
2354,深圳坪山珠江村镇银行股份有限公司,无,S0008H244030001,村镇银行,深圳金融监管局
2355,定安合丰村镇银行股份有限公司,"DINGAN HEFENG COUNTY BANK CO.,LTD",S0008H246900001,村镇银行,海南金融监管局
2356,兴县汇泽村镇银行有限责任公司,XING XIAN HUIZE VILLAGE AND TOWN BANK CO．，LTD,S0008H314110001,村镇银行,吕梁金融监管分局
2357,乌海市海勃湾黄河村镇银行股份有限公司,haibowan wuhai yellow river village and Town Bank Co.Ltd,S0008H315030001,村镇银行,乌海金融监管分局
2358,江苏邗江民泰村镇银行股份有限公司,"JIANGSU HANJIANG MINTAI COUNTY BANK CO.,LTD",S0008H332100001,村镇银行,扬州金融监管分局
2359,浙江平湖工银村镇银行股份有限公司,无,S0008H333040001,村镇银行,嘉兴金融监管分局
2360,安徽繁昌中银富登村镇银行有限责任公司,无,S0008H334020001,村镇银行,芜湖金融监管分局
2361,丰城顺银村镇银行股份有限公司,Fengcheng Shunyin County Bank Company Limited,S0008H336090001,村镇银行,宜春金融监管分局
2362,潍坊市寒亭区蒙银村镇银行股份有限公司,"Hanting Meng Yin Rural Bank of Weifang City CO.,Ltd",S0008H337070001,村镇银行,潍坊金融监管分局
2363,武陟射阳村镇银行股份有限公司,无,S0008H341080001,村镇银行,焦作金融监管分局
2364,湖北汉川农银村镇银行有限责任公司,HuBei HanChuan NongYin Rural Bank Co.Ltd,S0008H342090001,村镇银行,孝感金融监管分局
2365,湖南平江汇丰村镇银行有限责任公司,"Hunan Pingjiang HSBC Rural Bank Co.,Ltd.",S0008H343060001,村镇银行,岳阳金融监管分局
2366,田阳兴阳村镇银行有限责任公司,"TIANYANG XINGYANG COUNTY BANK CO.,LTD",S0008H345100001,村镇银行,百色金融监管分局
2367,潼南民生村镇银行股份有限公司,"TONGNAN MINSHENG RURAL BANKING CORP.,LTD.",S0008H350080001,村镇银行,合川金融监管分局
2368,什邡思源村镇银行有限责任公司,无,S0008H351060001,村镇银行,德阳金融监管分局
2369,仁怀蒙银村镇银行股份有限公司,无,S0008H352030001,村镇银行,遵义金融监管分局
2370,云南大理渝农商村镇银行有限责任公司,无,S0008H353290001,村镇银行,大理金融监管分局
2371,榆林榆阳民生村镇银行股份有限公司,无,S0008H361080001,村镇银行,榆林金融监管分局
2372,会宁会师村镇银行有限责任公司,HuiNing HuiShi Village & Township Bank Limited Company.,S0008H362040001,村镇银行,白银金融监管分局
2373,中卫香山村镇银行有限责任公司,无,S0008H364050001,村镇银行,中卫金融监管分局
2374,哈密红星国民村镇银行有限责任公司,"HAMI HONGXING CUOMIN COUNTY BANK CO.,LTD",S0008H365220001,村镇银行,哈密金融监管分局
2375,北京门头沟珠江村镇银行股份有限公司,"Beijing Mentougou Zhujiang Rural Bank Co.,Ltd.",S0009H211000001,村镇银行,北京金融监管局
2376,天津武清村镇银行股份有限公司,"Tianjin Wuqing Country Bank Co.,Ltd",S0009H212000001,村镇银行,天津金融监管局
2377,九台龙嘉村镇银行股份有限公司,无,S0009H222010001,村镇银行,吉林金融监管局
2378,上海金山惠民村镇银行有限责任公司,Shanghai Jinshan Huimin Village Bank Co.Ltd,S0009H231000001,村镇银行,上海金融监管局
2379,福建连江恒欣村镇银行股份有限公司,"Fujian Lianjiang Hengxin Township Bank Co.,Ltd",S0009H235010001,村镇银行,福建金融监管局
2380,湖北天门汇丰村镇银行有限责任公司,Hubei Tianmen HSBC Rural Bank Company Limited,S0009H242900001,村镇银行,天门直管组
2381,深圳龙华新华村镇银行股份有限公司,"SHENZHEN LONGHUA XINHUA VILLAGE AND TOWNSHIP BANK CO.,LTD.",S0009H244030001,村镇银行,深圳金融监管局
2382,万宁金谷村镇银行有限责任公司,"WANNING GUOMIN COUNTY BANK CO.,LTD",S0009H246900001,村镇银行,海南金融监管局
2383,息烽发展村镇银行有限责任公司,无,S0009H252010001,村镇银行,贵州金融监管局
2384,昆明呈贡华夏村镇银行股份有限公司,无,S0009H253010001,村镇银行,云南金融监管局
2385,兰州永登新华村镇银行股份有限公司,无,S0009H262010001,村镇银行,甘肃金融监管局
2386,宁夏宁东本富村镇银行股份有限公司,无,S0009H264010001,村镇银行,宁夏金融监管局
2387,迁安襄隆村镇银行股份有限公司,Town bank of xianglong qianan limited,S0009H313020001,村镇银行,唐山金融监管分局
2388,晋中市左权华丰村镇银行股份有限公司,JINZHONG CITY ZUOQUAN HUAFENG COUNTRY BANK CO.LTD,S0009H314070001,村镇银行,晋中金融监管分局
2389,昆山鹿城村镇银行股份有限公司,"KUNSHAN LUCHENG COUNTY BANK CO., LTD.",S0009H332050001,村镇银行,苏州金融监管分局
2390,安徽黄山金桥村镇银行股份有限公司,"Anhui Huangshan Jinqiao Village Bank Co.,Ltd",S0009H334100001,村镇银行,黄山金融监管分局
2391,樟树顺银村镇银行股份有限公司,Zhangshu Shunyin County Bank Company Limited,S0009H336090001,村镇银行,宜春金融监管分局
2392,莱芜珠江村镇银行股份有限公司,LAIWU ZHUJIANG RURAL BANK Co.，LTD.,S0009H337120001,村镇银行,莱芜金融监管分局
2393,新乡中原村镇银行股份有限公司,"Xinxiang Zhongyuan County Bank Co.,Ltd",S0009H341070001,村镇银行,新乡金融监管分局
2394,宜章长行村镇银行股份有限公司,"Yizhang changhang Village Bank Co.,Ltd.",S0009H343100001,村镇银行,郴州金融监管分局
2395,鹤山珠江村镇银行股份有限公司,无,S0009H344070001,村镇银行,江门金融监管分局
2396,宜州深通村镇银行有限责任公司,Yizhou Shentong country Bank Co.Ltd,S0009H345120001,村镇银行,河池金融监管分局
2397,重庆荣昌汇丰村镇银行有限责任公司,无,S0009H350060001,村镇银行,永川金融监管分局
2398,仁寿民富村镇银行有限责任公司,无,S0009H351140001,村镇银行,眉山金融监管分局
2399,志丹民生村镇银行股份有限公司,无,S0009H361060001,村镇银行,延安金融监管分局
2400,奎屯国民村镇银行有限责任公司,"Kuitun Guomin County Bank Co.,Ltd.",S0009H365400001,村镇银行,伊犁金融监管分局
2401,北京房山沪农商村镇银行股份有限公司,"BEIJING FANGSHAN SRCB RURAL BANK CO.,LTD",S0010H211000001,村镇银行,北京金融监管局
2402,天津滨海惠民村镇银行股份有限公司,"Tianjin Binhai Huimin Village Bank Co.,Ltd",S0010H212000001,村镇银行,天津金融监管局
2403,上海青浦惠金村镇银行股份有限公司,"Shanghai Qingpu HJ Rural Bank Co.,Ltd",S0010H231000001,村镇银行,上海金融监管局
2404,宁波镇海中银富登村镇银行有限公司,无,S0010H233020001,村镇银行,宁波金融监管局
2405,武汉江夏民生村镇银行股份有限公司,"WUHAN JIANGXIA MINSHENG RURAL BANKING CORP., LTD",S0010H242900001,村镇银行,江夏直管组
2406,深圳罗湖蓝海村镇银行股份有限公司,"SHENZHEN LUOHU BLUE OCEAN COMMUNITY BANK CO.,LTD",S0010H244030001,村镇银行,深圳金融监管局
2407,临高惠丰村镇银行股份有限公司,"LINGAO HUIFENG VILLAGE BANK CO.,LTD",S0010H246900001,村镇银行,海南金融监管局
2408,都江堰金都村镇银行有限责任公司,DUJIANGYAN JINDU COUNTY BANK CO.LTD,S0010H251010001,村镇银行,四川金融监管局
2409,银川掌政石银村镇银行股份有限公司,"Shiyin County Bank of Yinchuan Zhangzheng Co.,Ltd",S0010H264010001,村镇银行,宁夏金融监管局
2410,新疆绿洲国民村镇银行有限责任公司,"Xinjiang Oasis Guomin County Bank Co,.Ltd",S0010H265010001,村镇银行,新疆金融监管局
2411,唐县汇泽村镇银行有限责任公司,TangXian HuiZe County Bank Company Limited,S0010H313060001,村镇银行,保定金融监管分局
2412,抚顺东洲抚银村镇银行股份有限公司,无,S0010H321040001,村镇银行,抚顺金融监管分局
2413,柳河蒙银村镇银行股份有限公司,"Liuhe MengYin Village Bank CO.,Ltd.",S0010H322050001,村镇银行,通化金融监管分局
2414,兰西农商村镇银行有限责任公司,无,S0010H323120001,村镇银行,绥化金融监管分局
2415,浙江安吉交银村镇银行股份有限公司,Anji Bocom Rural Bank,S0010H333050001,村镇银行,湖州金融监管分局
2416,绩溪农银村镇银行有限责任公司,无,S0010H334180001,村镇银行,宣城金融监管分局
2417,福建沙县渝农商村镇银行有限责任公司,"Fujian Shaxian CQRC County Bank Co.,Ltd.",S0010H335040001,村镇银行,三明金融监管分局
2418,万年稻源村镇银行股份有限公司,"Wannian Daoyuan County Bank Co.,Ltd.",S0010H336110001,村镇银行,上饶金融监管分局
2419,曹县中银富登村镇银行有限公司,无,S0010H337170001,村镇银行,菏泽金融监管分局
2420,中山东凤珠江村镇银行股份有限公司,"Zhongshan Dongfeng Zhujiang RURAL BANK CO.,LTD.",S0010H344200001,村镇银行,中山金融监管分局
2421,广西藤县桂银村镇银行股份有限公司,"Guangxi Tengxina Guiyin County Bank Co.,Ltd",S0010H345040001,村镇银行,梧州金融监管分局
2422,重庆云阳恒丰村镇银行股份有限公司,"Yunyang Chongqing Evergrowing Villagebank Co., Ltd.",S0010H350010001,村镇银行,万州金融监管分局
2423,水城蒙银村镇银行股份有限公司,无,S0010H352020001,村镇银行,六盘水金融监管分局
2424,乾县中银富登村镇银行有限公司,无,S0010H361040001,村镇银行,咸阳金融监管分局
2425,临洮县金城村镇银行股份有限公司,无,S0010H362110001,村镇银行,定西金融监管分局
2426,北京平谷新华村镇银行股份有限公司,"BEIJING PINGGUXINHUA VILLAGE AND TOWNSHIP BANK CO.,LTD",S0011H211000001,村镇银行,北京金融监管局
2427,天津宁河村镇银行股份有限公司,Tianjin Ninghe Village Bank Co.，Ltd,S0011H212000001,村镇银行,天津金融监管局
2428,上海嘉定洪都村镇银行股份有限公司,"Shanghai Jiading Hongdu Rural Bank CO.,Ltd",S0011H231000001,村镇银行,上海金融监管局
2429,宁海中银富登村镇银行有限公司,NINGHAI BOC Fullerton Community Bank Ltd.,S0011H233020001,村镇银行,宁波金融监管局
2430,新郑郑银村镇银行股份有限公司,无,S0011H241010001,村镇银行,河南金融监管局
2431,海南澄迈长江村镇银行股份有限公司,HAINAN CHENGMAI CHANGJIANG RURAL BANK CORPORATION LIMITED,S0011H246900001,村镇银行,海南金融监管局
2432,重庆市大渡口融兴村镇银行有限责任公司,无,S0011H250000001,村镇银行,重庆金融监管局
2433,三河蒙银村镇银行股份有限公司,无,S0011H313100001,村镇银行,廊坊金融监管分局
2434,长子县融汇村镇银行有限责任公司,"ZHANGZIXIAN RONGHUI VILLAGE BANK CO.,LTD",S0011H314040001,村镇银行,长治金融监管分局
2435,土默特右旗蒙银村镇银行股份有限公司,TU YOU COUNTY MENG YIN RURAL BANK,S0011H315020001,村镇银行,包头金融监管分局
2436,抚顺望花抚银村镇银行股份有限公司,无,S0011H321040001,村镇银行,抚顺金融监管分局
2437,乾安惠民村镇银行有限责任公司,"Qianan Huimin Village Bank of Co.,Ltd",S0011H322070001,村镇银行,松原金融监管分局
2438,海伦惠丰村镇银行股份有限公司,无,S0011H323120001,村镇银行,绥化金融监管分局
2439,江苏张家港渝农商村镇银行股份有限公司,ZHANGJIAGANG CQRC COUNTY BANK,S0011H332050001,村镇银行,苏州金融监管分局
2440,浙江三门银座村镇银行股份有限公司,"Zhejiang Sanmen Yinzuo Rural Bank Corporation,Limited",S0011H333100001,村镇银行,台州金融监管分局
2441,无为徽银村镇银行有限责任公司,无,S0011H334020001,村镇银行,芜湖金融监管分局
2442,福建福安渝农商村镇银行有限责任公司,"Fujian Fuan CQRC County Bank Co.,Ltd.",S0011H335090001,村镇银行,宁德金融监管分局
2443,浮梁农商村镇银行有限责任公司,"Rural Commercial Community Bank of Fuliang Co.,LTD",S0011H336020001,村镇银行,景德镇金融监管分局
2444,恩施兴福村镇银行股份有限公司,无,S0011H342280001,村镇银行,恩施金融监管分局
2445,株洲县融兴村镇银行有限责任公司,无,S0011H343020001,村镇银行,株洲金融监管分局
2446,绵竹浦发村镇银行有限责任公司,无,S0011H351060001,村镇银行,德阳金融监管分局
2447,黔西花都村镇银行有限责任公司,无,S0011H352240001,村镇银行,毕节金融监管分局
2448,景洪民生村镇银行股份有限公司,无,S0011H353280001,村镇银行,西双版纳金融监管分局
2449,蒲城中银富登村镇银行有限公司,Pucheng Boc Fullerton Community Bank Ltd.,S0011H361050001,村镇银行,渭南金融监管分局
2450,宁夏盐池汇发村镇银行股份有限公司,NINGXIA YANCHI HUIFA RURAL BANKING CORPORATION LIMITED,S0011H364030001,村镇银行,吴忠金融监管分局
2451,库车国民村镇银行有限责任公司,"KUCHE GUOMIN COUNTY BANK CO.,LTD",S0011H365290001,村镇银行,阿克苏金融监管分局
2452,天津滨海江淮村镇银行股份有限公司,"Tianjin Binhai Jianghuai County Bank Co.,Ltd",S0012H212000001,村镇银行,天津金融监管局
2453,元氏信融村镇银行股份有限公司,无,S0012H213010001,村镇银行,河北金融监管局
2454,长春南关惠民村镇银行有限责任公司,CHANGCHUN NANGUAN HUI MIN VILLAGE BANK OF CO.LTD,S0012H222010001,村镇银行,吉林金融监管局
2455,上海浦东恒通村镇银行股份有限公司,"ShangHai PuDong HengTong Rural Bank CO.,LTD.",S0012H231000001,村镇银行,上海金融监管局
2456,宁波海曙浦发村镇银行股份有限公司,Ningbo Haishu SPD Rural Bank Co.Ltd,S0012H233020001,村镇银行,宁波金融监管局
2457,福建平潭渝农商村镇银行有限责任公司,FUJIAN PINGTAN CQRC COUNTY BANK CO.， LTD.,S0012H235010001,村镇银行,福建金融监管局
2458,乐东惠丰村镇银行股份有限公司,LEDONG HUIFENG VILLAGE BANK CO.LTD,S0012H246900001,村镇银行,海南金融监管局
2459,成都双流诚民村镇银行有限责任公司,"Chengdu Shuangliu Chengmin County Bank Co.,Ltd.",S0012H251010001,村镇银行,四川金融监管局
2460,柳林汇泽村镇银行股份有限公司,"LIULIN HUIZE COUNTRY BANK CO.,LTD",S0012H314110001,村镇银行,吕梁金融监管分局
2461,抚顺顺城抚银村镇银行股份有限公司,无,S0012H321040001,村镇银行,抚顺金融监管分局
2462,桦川融兴村镇银行有限责任公司,无,S0012H323080001,村镇银行,佳木斯金融监管分局
2463,句容苏南村镇银行股份有限公司,"JURONG SUNAN COUNTY BANK CO．,LTD",S0012H332110001,村镇银行,镇江金融监管分局
2464,浙江乐清联合村镇银行股份有限公司,无,S0012H333030001,村镇银行,温州金融监管分局
2465,江西赣州银座村镇银行股份有限公司,"JiangXi GanZhou YinZou Rural Bank CO.,LTD",S0012H336070001,村镇银行,赣州金融监管分局
2466,沂水中银富登村镇银行有限公司,Yishui BOC Fullerton Community Bank Ltd.,S0012H337130001,村镇银行,临沂金融监管分局
2467,宜都民生村镇银行股份有限公司,YIDU MINSHENG RURAL BANKING CORPORATION LIMITED,S0012H342050001,村镇银行,宜昌金融监管分局
2468,耒阳融兴村镇银行有限责任公司,LeiYang RongXing Village & Township Bank Limited Company,S0012H343040001,村镇银行,衡阳金融监管分局
2469,始兴大众村镇银行股份有限公司,DAZHONG RURAL BANK OF SHIXING,S0012H344020001,村镇银行,韶关金融监管分局
2470,桂林国民村镇银行有限责任公司,无,S0012H345030001,村镇银行,桂林金融监管分局
2471,重庆南川石银村镇银行股份有限公司,"Chongqing Nanchuan Shiyin County Bank Co.,Ltd",S0012H350000001,村镇银行,涪陵金融监管分局
2472,都匀融通村镇银行有限责任公司,无,S0012H352270001,村镇银行,黔南金融监管分局
2473,普洱民生村镇银行股份有限公司,Puer Minsheng Rural Banking Corp.Ltd.,S0012H353080001,村镇银行,普洱金融监管分局
2474,合阳惠民村镇银行股份有限公司,"HeYang Huimin Village Bank CO., Ltd.",S0012H361050001,村镇银行,渭南金融监管分局
2475,宁夏青铜峡贺兰山村镇银行股份有限公司,NINGXIA QINGTONGXIA HELANSHAN VILLAGE BANK CORPORATION LIMITED,S0012H364030001,村镇银行,吴忠金融监管分局
2476,北屯国民村镇银行有限责任公司,无,S0012H365430001,村镇银行,阿勒泰金融监管分局
2477,天津滨海德商村镇银行股份有限公司,"TianJin BinHai DeShang County Bank Co.,Ltd",S0013H212000001,村镇银行,天津金融监管局
2478,上海松江富明村镇银行股份有限公司,Shanghai Songjiang Fuming Rural Bank Co.Ltd,S0013H231000001,村镇银行,上海金融监管局
2479,象山中银富登村镇银行有限公司,XIANG SHAN BOC Fullerton Community Bank Ltd.,S0013H233020001,村镇银行,宁波金融监管局
2480,南宁江南国民村镇银行股份有限公司,无,S0013H245010001,村镇银行,广西金融监管局
2481,东方惠丰村镇银行股份有限公司,"DONGFANG HUIFENG VILLAGE BANK CO.,LTD,",S0013H246900001,村镇银行,海南金融监管局
2482,高平市太行村镇银行股份有限公司,无,S0013H314050001,村镇银行,晋城金融监管分局
2483,松原宁江惠民村镇银行股份有限公司,Songyuan Ningjiang Huimin Village Bank Company Limited,S0013H322070001,村镇银行,松原金融监管分局
2484,五大连池惠丰村镇银行股份有限公司,无,S0013H323110001,村镇银行,黑河金融监管分局
2485,浙江青田中银富登华侨村镇银行有限责任公司,Zhejiang Qingtian BOC Fullerton Overseas Chinese Community Bank Ltd,S0013H333110001,村镇银行,丽水金融监管分局
2486,安徽泾县铜源村镇银行股份有限公司,无,S0013H334180001,村镇银行,宣城金融监管分局
2487,福建宁化成功村镇银行股份有限公司,"Fujian Ninghua Success County Bank Co.,Ltd.",S0013H335040001,村镇银行,三明金融监管分局
2488,乐平融兴村镇银行有限责任公司,LePing RongXing Village&Township Bank Limited Company,S0013H336020001,村镇银行,景德镇金融监管分局
2489,蓬莱民生村镇银行股份有限公司,PENGLAI MINSHENG RURAL BANKING CORPORATION LIMITED,S0013H337060001,村镇银行,烟台金融监管分局
2490,信阳平桥中原村镇银行股份有限公司,无,S0013H341150001,村镇银行,信阳金融监管分局
2491,蕲春中银富登村镇银行有限公司,Qichun BOC Fullerton Community Bank Ltd.,S0013H342110001,村镇银行,黄冈金融监管分局
2492,常宁珠江村镇银行股份有限公司,无,S0013H343040001,村镇银行,衡阳金融监管分局
2493,德庆华润村镇银行股份有限公司,"China Resources Rural Bank of Deqing Co.,Ltd",S0013H344120001,村镇银行,肇庆金融监管分局
2494,重庆北碚稠州村镇银行有限责任公司,"CHONGQING BEIBEI CHOUZHOU RURAL BANK CO.,LTD",S0013H350040001,村镇银行,两江金融监管分局
2495,犍为中成村镇银行股份有限公司,无,S0013H351110001,村镇银行,乐山金融监管分局
2496,盘州万和村镇银行有限责任公司,无,S0013H352020001,村镇银行,六盘水金融监管分局
2497,临沧临翔沪农商村镇银行股份有限公司,LINCANG LINXIANG SRCB RURAL BANK CO.，LTD,S0013H353090001,村镇银行,临沧金融监管分局
2498,凤翔中银富登村镇银行有限公司,无,S0013H361030001,村镇银行,宝鸡金融监管分局
2499,庆城县金城村镇银行股份有限公司,无,S0013H362100001,村镇银行,庆阳金融监管分局
2500,宁夏惠农贺兰山村镇银行股份有限公司,NINGXIA HUINONG HELANSHAN VILLAGE BANK CORPORATION LIMITED,S0013H364020001,村镇银行,石嘴山金融监管分局
2501,博乐国民村镇银行有限责任公司,无,S0013H365270001,村镇银行,博尔塔拉金融监管分局
2502,天津滨海扬子村镇银行股份有限公司,"Tianjin Binhai Yangzi Village Bank Co.,ltd",S0014H212000001,村镇银行,天津金融监管局
2503,哈尔滨阿城农商村镇银行有限责任公司,无,S0014H223010001,村镇银行,黑龙江金融监管局
2504,上海宝山扬子村镇银行股份有限公司,Shanghai Baoshan Yangzi Village Bank Company Limited,S0014H231000001,村镇银行,上海金融监管局
2505,安义融兴村镇银行有限责任公司,AnYi RongXing Village & Township Bank Limited Company,S0014H236010001,村镇银行,江西金融监管局
2506,宁乡沪农商村镇银行股份有限公司,无,S0014H243010001,村镇银行,湖南金融监管局
2507,广州增城长江村镇银行有限责任公司,"GuangZhou ZengCheng ChangJiang Rural Bank CO.,LTD.",S0014H244010001,村镇银行,广东金融监管局
2508,广西横州桂银村镇银行股份有限公司,无,S0014H245010001,村镇银行,广西金融监管局
2509,海南五指山长江村镇银行股份有限公司,HAINAN WUZHISHAN CHANGJIANG RURAL BANK CORPORATION LIMITED,S0014H246900001,村镇银行,海南金融监管局
2510,榆中浦发村镇银行股份有限公司,无,S0014H262010001,村镇银行,甘肃金融监管局
2511,交城县太行村镇银行有限责任公司,Jiaocheng TaiHang Rural Bank Co.，LTD.,S0014H314110001,村镇银行,吕梁金融监管分局
2512,朝阳柳城村镇银行股份有限公司,chaoyang liucheng village bank co.ltd,S0014H321130001,村镇银行,朝阳金融监管分局
2513,大安惠民村镇银行有限责任公司,Daan Huimin Village Bank Limited Company,S0014H322080001,村镇银行,白城金融监管分局
2514,江阴浦发村镇银行股份有限公司,"Jiangyin SPD Rural Bank Co.,Ltd",S0014H332020001,村镇银行,无锡金融监管分局
2515,浙江武义中银富登村镇银行有限责任公司,Zhejiang Wuyi BOC Fullerton Community Bank Ltd.,S0014H333070001,村镇银行,金华金融监管分局
2516,安徽郎溪新华村镇银行股份有限公司,无,S0014H334180001,村镇银行,宣城金融监管分局
2517,建宁刺桐红村镇银行有限公司,"Jianning Red Erythrina Rural Bank CO.,LTD.",S0014H335040001,村镇银行,三明金融监管分局
2518,高密惠民村镇银行有限责任公司,GAO MI HUI MIN VILLAGE BANK OF CO.LTD,S0014H337070001,村镇银行,潍坊金融监管分局
2519,南阳村镇银行股份有限公司,"Nanyang Country Bank Co., LTd",S0014H341130001,村镇银行,南阳金融监管分局
2520,京山中银富登村镇银行有限公司,无,S0014H342080001,村镇银行,荆门金融监管分局
2521,重庆江津石银村镇银行股份有限公司,无,S0014H350070001,村镇银行,江津金融监管分局
2522,泸县元通村镇银行有限责任公司,LUXIAN YUANTONG COUNTY BANK CO.LTD,S0014H351050001,村镇银行,泸州金融监管分局
2523,黄平振兴村镇银行有限责任公司,无,S0014H352260001,村镇银行,黔东南金融监管分局
2524,弥勒沪农商村镇银行股份有限公司,"MILE SRCB RURAL BANK CO.,LTD",S0014H353250001,村镇银行,红河金融监管分局
2525,兴平中银富登村镇银行有限公司,无,S0014H361040001,村镇银行,咸阳金融监管分局
2526,宁夏红寺堡汇发村镇银行股份有限公司,NINGXIA HONGSIBU HUIFA RURAL BANKING CORPORATION LIMITED,S0014H364030001,村镇银行,吴忠金融监管分局
2527,克拉玛依金龙国民村镇银行有限责任公司,无,S0014H365020001,村镇银行,克拉玛依金融监管分局
2528,海南白沙长江村镇银行股份有限公司,HAINAN BAISHA CHANGJIANG RURAL BANK CORPORATION LIMITED,S0015H246900001,村镇银行,海南金融监管局
2529,兰州七里河新华村镇银行股份有限公司,无,S0015H262010001,村镇银行,甘肃金融监管局
2530,宁晋民生村镇银行股份有限公司,NINGJIN MINSHENG RURAL BANKING CORPORATION LIMITED,S0015H313050001,村镇银行,邢台金融监管分局
2531,朔州市朔城区蒙银村镇银行股份有限公司,无,S0015H314060001,村镇银行,朔州金融监管分局
2532,杭锦大众村镇银行有限责任公司,无,S0015H315060001,村镇银行,鄂尔多斯金融监管分局
2533,四平铁东德丰村镇银行股份有限公司,"Siping Tiedong Defeng Country Bank Co.,Ltd",S0015H322030001,村镇银行,四平金融监管分局
2534,江苏射阳太商村镇银行股份有限公司,"Jiangsu Sheyang Taishang County Bank CO.,LTD",S0015H332090001,村镇银行,盐城金融监管分局
2535,浙江龙游义商村镇银行股份有限公司,无,S0015H333080001,村镇银行,衢州金融监管分局
2536,福建大田晋农商村镇银行股份有限公司,"Fujian Datian JJRC County Bank CO.,LTD.",S0015H335040001,村镇银行,三明金融监管分局
2537,吉州珠江村镇银行股份有限公司,"Jizhou Zhujiang Rural Bank Co.,Ltd.",S0015H336080002,村镇银行,吉安金融监管分局
2538,青州中银富登村镇银行有限公司,Qingzhou BOC Fullerton Community Bank Ltd.,S0015H337070001,村镇银行,潍坊金融监管分局
2539,嵩县兴福村镇银行股份有限公司,"SONGXIANXINGFU COUNTY BANK Co.,Ltd.",S0015H341030001,村镇银行,洛阳金融监管分局
2540,钟祥民生村镇银行股份有限公司,无,S0015H342080001,村镇银行,荆门金融监管分局
2541,双峰沪农商村镇银行股份有限公司,"SHUANGFENG SRCB RURAL BANK CO.,LTD.",S0015H343130001,村镇银行,娄底金融监管分局
2542,珠海横琴村镇银行股份有限公司,无,S0015H344040001,村镇银行,珠海金融监管分局
2543,灵川深通村镇银行有限责任公司,"Lingchuan Shentong Country Bank Co.,Ltd",S0015H345030001,村镇银行,桂林金融监管分局
2544,西昌金信村镇银行有限责任公司,"Xichang Jinxin Rural Bank Co.,Ltd.",S0015H351340001,村镇银行,凉山金融监管分局
2545,六盘水钟山凉都村镇银行股份有限公司,无,S0015H352020001,村镇银行,六盘水金融监管分局
2546,开远沪农商村镇银行股份有限公司,"KAIYUAN SRCB RURAL BANK CO.,LTD",S0015H353250001,村镇银行,红河金融监管分局
2547,铜川耀州新华村镇银行股份有限公司,TONGCHUAN YAOZHOU XINHUA VILLAGE AND TOWNSHIP BANK CO.LTD.,S0015H361020001,村镇银行,铜川金融监管分局
2548,宁夏原州津汇村镇银行有限责任公司,NINGXIA YUANZHOU JINHUI RURAL BANK,S0015H364040001,村镇银行,固原金融监管分局
2549,伊犁国民村镇银行有限责任公司,"YiLi Guomin County Bank Co.,Ltd.",S0015H365400001,村镇银行,伊犁金融监管分局
2550,清徐惠民村镇银行有限责任公司,无,S0016H214010001,村镇银行,山西金融监管局
2551,海南琼中长江村镇银行股份有限公司,HAINAN QIONGZHONG CHANGJIANG RURAL BANK CORPORATION LIMITED,S0016H246900001,村镇银行,海南金融监管局
2552,嵩明沪农商村镇银行股份有限公司,无,S0016H253010001,村镇银行,云南金融监管局
2553,西安长安新华村镇银行股份有限公司,无,S0016H261010001,村镇银行,陕西金融监管局
2554,兰州皋兰新华村镇银行股份有限公司,无,S0016H262010001,村镇银行,甘肃金融监管局
2555,廊坊市安次区惠民村镇银行股份有限公司,无,S0016H313100001,村镇银行,廊坊金融监管分局
2556,双辽吉银村镇银行股份有限公司,"SHUANGLIAO JIYIN RURAL BANK CO.,LTD",S0016H322030001,村镇银行,四平金融监管分局
2557,宝清广益村镇银行股份有限公司,无,S0016H323050001,村镇银行,双鸭山金融监管分局
2558,江苏江都吉银村镇银行股份有限公司,"JIANGSU JIANGDU JIYIN COUNTY BANK CO.,LTD",S0016H332100001,村镇银行,扬州金融监管分局
2559,浙江临海湖商村镇银行股份有限公司,"Zhejiang Linhai Hushang Rural Bank CO.,LTD.",S0016H333100001,村镇银行,台州金融监管分局
2560,庐江惠民村镇银行有限责任公司,Lu Jiang Hui Min Village Bank Co.Ltd.,S0016H334140001,村镇银行,巢湖金融监管分局
2561,福建武平杭兴村镇银行股份有限公司,"FUJIAN WUPING HANGXING COUNTY BANK CO.,LTD.",S0016H335080001,村镇银行,龙岩金融监管分局
2562,江西兴国新华村镇银行股份有限公司,JIANGXI XINGGUO XINHUA VILLAGE AND TOWNSHIP BANK CO.LTD,S0016H336070001,村镇银行,赣州金融监管分局
2563,临邑中银富登村镇银行有限公司,Linyi BOC Fullerton Community Bank Ltd.,S0016H337140001,村镇银行,德州金融监管分局
2564,睢县德商村镇银行股份有限公司,"SuiXian DeShang County Bank Co.,Ltd",S0016H341140001,村镇银行,商丘金融监管分局
2565,洪湖融兴村镇银行有限责任公司,Honghu RongXing Village & Township Bank Limited Company,S0016H342100001,村镇银行,荆州金融监管分局
2566,涟源沪农商村镇银行股份有限公司,"LIANYUAN SRCB RURAL BANK CO.,LTD.",S0016H343130001,村镇银行,娄底金融监管分局
2567,广东澄海潮商村镇银行股份有限公司,Guangdong Chenghai Chaoshang County Bank Company Limited,S0016H344050001,村镇银行,汕头金融监管分局
2568,合浦国民村镇银行有限责任公司,无,S0016H345050001,村镇银行,北海金融监管分局
2569,重庆市武隆融兴村镇银行有限责任公司,Chongqing City Wulong Rongxing Village & Township Bank Company Limited,S0016H350000001,村镇银行,涪陵金融监管分局
2570,资阳民生村镇银行股份有限公司,"Ziyang Minsheng Rural Bank Corp., Ltd",S0016H351200001,村镇银行,资阳金融监管分局
2571,施秉金鼎村镇银行有限责任公司,无,S0016H352260001,村镇银行,黔东南金融监管分局
2572,宁夏同心津汇村镇银行有限责任公司,NINGXIA TONGXIN JINHUI COUNTY BANK CORPORATION LIMITED,S0016H364030001,村镇银行,吴忠金融监管分局
2573,乌鲁木齐米东浦发村镇银行股份有限公司,Urumqi Midong SPD Rural Bank Corp,S0016H365230001,村镇银行,昌吉金融监管分局
2574,依兰惠鑫村镇银行有限责任公司,无,S0017H223010001,村镇银行,黑龙江金融监管局
2575,海南昌江长江村镇银行股份有限公司,HAINAN CHANGJIANG CHANGJIANG RURAL BANK CORPORATION LIMITED,S0017H246900001,村镇银行,海南金融监管局
2576,原平市汇民村镇银行有限责任公司,无,S0017H314090001,村镇银行,忻州金融监管分局
2577,舒兰吉银村镇银行股份有限公司,"SHULAN JIYIN COUNTRY BANK CO.,LTD",S0017H322020001,村镇银行,吉林金融监管分局
2578,江苏泗阳东吴村镇银行股份有限公司,JIANGSU SIYANG DONGWU RURAL BANK CO.， LTD,S0017H332130002,村镇银行,宿迁金融监管分局
2579,浙江庆元泰隆村镇银行股份有限公司,"ZHEJIANG QINGYUAN TAILONG RURAL BANK CO.,LTD.",S0017H333110001,村镇银行,丽水金融监管分局
2580,含山惠民村镇银行有限责任公司,Han Shan Hui Min Town Bank Co.，Ltd.,S0017H334050001,村镇银行,马鞍山金融监管分局
2581,玉山三清山村镇银行股份有限公司,YUSHAN SANQINGSHAN VILLAGE BANK,S0017H336110001,村镇银行,上饶金融监管分局
2582,谷城中银富登村镇银行有限公司,Gucheng BOC Fullerton Community Bank Ltd.,S0017H342060001,村镇银行,襄阳金融监管分局
2583,醴陵沪农商村镇银行股份有限公司,无,S0017H343020001,村镇银行,株洲金融监管分局
2584,广东普宁汇成村镇银行股份有限公司,Guangdong Puning Huicheng County Bank Company Limited,S0017H344520001,村镇银行,揭阳金融监管分局
2585,广西容县桂银村镇银行股份有限公司,无,S0017H345090001,村镇银行,玉林金融监管分局
2586,重庆忠县稠州村镇银行股份有限公司,"CHONGQING ZHONGXIAN CHOUZHOURURAL BANK CO.,LTD",S0017H350010001,村镇银行,万州金融监管分局
2587,四川大竹渝农商村镇银行股份有限公司,SICHUAN DAZHU CQRC COUNTY BANK CO;LTD,S0017H351170001,村镇银行,达州金融监管分局
2588,绥阳黔北村镇银行有限责任公司,无,S0017H352030001,村镇银行,遵义金融监管分局
2589,瑞丽沪农商村镇银行股份有限公司,无,S0017H353310001,村镇银行,德宏金融监管分局
2590,安康汉滨中银富登村镇银行有限公司,AnKang HanBin BOC Fullerton Community Bank Ltd.,S0017H361090001,村镇银行,安康金融监管分局
2591,宁夏西吉汇发村镇银行股份有限公司,NingXia XiJi HuiFa Village Bank Co.LTD,S0017H364040001,村镇银行,固原金融监管分局
2592,鄯善中成村镇银行股份有限公司,"Shanshan Zhongcheng Rural Bank Co. ,Ltd.",S0017H365210001,村镇银行,吐鲁番金融监管分局
2593,哈尔滨宾洲村镇银行有限责任公司,无,S0018H223010001,村镇银行,黑龙江金融监管局
2594,广州花都稠州村镇银行股份有限公司,"Hua Du Chou Zhou Rural Bank of Guang Zhou Co.,Ltd",S0018H244010001,村镇银行,广东金融监管局
2595,海南屯昌长江村镇银行股份有限公司,HAINAN TUNCHANG CHANGJIANG RURAL BANK CORPORATION LIMITED,S0018H246900001,村镇银行,海南金融监管局
2596,宁夏永宁汇发村镇银行股份有限公司,"NingXia YongNing huifa village bank Co.,Ltd",S0018H264010001,村镇银行,宁夏金融监管局
2597,文安县惠民村镇银行股份有限公司,Huimin Village Bank of WenAn,S0018H313100001,村镇银行,廊坊金融监管分局
2598,介休市华都村镇银行有限责任公司,"Jiexiu Huadu Rural Bank Co.,Ltd",S0018H314070001,村镇银行,晋中金融监管分局
2599,珲春吉银村镇银行股份有限公司,无,S0018H322240001,村镇银行,延边金融监管分局
2600,江苏宿豫东吴村镇银行有限责任公司,"JIANGSU SUYU DONGWU RURAL BANK CO.,LTD",S0018H332130001,村镇银行,宿迁金融监管分局
2601,浙江缙云联合村镇银行股份有限公司,"Jinyun Lianhe Rural Bank of Zhejiang Co.,Ltd.",S0018H333110001,村镇银行,丽水金融监管分局
2602,惠安中成村镇银行股份有限公司,"Huian Zhongcheng Rural Bank Co.,Ltd.",S0018H335050001,村镇银行,泉州金融监管分局
2603,贵溪九银村镇银行股份有限公司,"GUIXI JIUYIN COUNTY BANK C0.,Ltd",S0018H336060001,村镇银行,鹰潭金融监管分局
2604,广饶梁邹村镇银行股份有限公司,"GUANGRAO LIANGZOU COUNTY BANK CO.,LTD",S0018H337050001,村镇银行,东营金融监管分局
2605,淇县中原村镇银行股份有限公司,无,S0018H341060001,村镇银行,鹤壁金融监管分局
2606,枣阳中银富登村镇银行有限公司,Zaoyang BOC Fullerton CommunityY Bank Ltd.,S0018H342060001,村镇银行,襄阳金融监管分局
2607,衡阳县沪农商村镇银行股份有限公司,无,S0018H343040001,村镇银行,衡阳金融监管分局
2608,重庆黔江银座村镇银行股份有限公司,"Chongqing Qianjiang Yinzuo Rural Bank CO.,LTD",S0018H350000001,村镇银行,黔江金融监管分局
2609,乐山昆仑村镇银行有限责任公司,Leshan Kunlun Rural Bank Ltd,S0018H351110001,村镇银行,乐山金融监管分局
2610,从江月明村镇银行有限责任公司,无,S0018H352260001,村镇银行,黔东南金融监管分局
2611,个旧沪农商村镇银行股份有限公司,"GEJIU SRCB RURAL BANK CO.,LTD",S0018H353250001,村镇银行,红河金融监管分局
2612,城固中银富登村镇银行有限公司,CHENGGU BOC FULLERTON COMMUNITY BANK LTD.,S0018H361070001,村镇银行,汉中金融监管分局
2613,白银平川中银富登村镇银行有限公司,Baiyin Pingchuan Boc Fullerton Community Bank Ltd.,S0018H362040001,村镇银行,白银金融监管分局
2614,富蕴中成村镇银行股份有限公司,"FuYun Zhongcheng Rural Bank Co.,Ltd.",S0018H365430001,村镇银行,阿勒泰金融监管分局
2615,尚志惠鑫村镇银行有限责任公司,无,S0019H223010001,村镇银行,黑龙江金融监管局
2616,长沙星沙沪农商村镇银行股份有限公司,无,S0019H243010001,村镇银行,湖南金融监管局
2617,兴福村镇银行股份有限公司,XINGFU COUNTY BANK Co.，Ltd.,S0019H246010001,村镇银行,海南金融监管局
2618,蓝田中银富登村镇银行有限公司,无,S0019H261010001,村镇银行,陕西金融监管局
2619,宁夏西夏贺兰山村镇银行股份有限公司,"NingXia xixia helanshan Village Bank Co.,Ltd",S0019H264010001,村镇银行,宁夏金融监管局
2620,任丘村镇银行股份有限公司,无,S0019H313090001,村镇银行,沧州金融监管分局
2621,巴彦淖尔市临河黄河村镇银行股份有限公司,"Linhe Bayannaoer Yellow River Village and Town Bank Co.,Ltd",S0019H315080001,村镇银行,巴彦淖尔金融监管分局
2622,江苏泗洪东吴村镇银行有限责任公司,"JIANGSU SIHONG DONGWU RURAL BANK CO.,LTD",S0019H332130001,村镇银行,宿迁金融监管分局
2623,浙江兰溪越商村镇银行股份有限公司,Lanxi Yueshang Rural Bank of Zhejiang Co.Ltd.,S0019H333070001,村镇银行,金华金融监管分局
2624,枞阳泰业村镇银行股份有限公司,"ZONGYANG TAIYE VILLAGE BANK CO., LTD.",S0019H334070001,村镇银行,铜陵金融监管分局
2625,福建将乐成功村镇银行股份有限公司,"Fujian Jiangle Success County Bank Co.,Ltd.",S0019H335040001,村镇银行,三明金融监管分局
2626,南丰桔都村镇银行有限责任公司,NanFeng JuDu Country Bank Co.Ltd.,S0019H336100001,村镇银行,抚州金融监管分局
2627,山东荣成汇丰村镇银行有限责任公司,Shandong Rongcheng HSBC Rural Bank Company Limited,S0019H337100001,村镇银行,威海金融监管分局
2628,长垣民生村镇银行股份有限公司,"Changyuan Minsheng Rural Banking Corp.,Ltd.",S0019H341070001,村镇银行,新乡金融监管分局
2629,老河口中银富登村镇银行有限公司,Laohekou BOC Fullerton Community Bank Ltd.,S0019H342060001,村镇银行,襄阳金融监管分局
2630,云浮新兴东盈村镇银行股份有限公司,Yunfu Xinxing Dongying County Bank Company Limited,S0019H344530001,村镇银行,云浮金融监管分局
2631,广西北流柳银村镇银行股份有限公司,无,S0019H345090001,村镇银行,玉林金融监管分局
2632,重庆渝北银座村镇银行有限责任公司,"Chongqing Yubei Yinzuo Rural Bank CO.,LTD",S0019H350040001,村镇银行,两江金融监管分局
2633,广安恒丰村镇银行股份有限公司,"Guang'an Evergrowing Rural Bank Co., Ltd.",S0019H351160001,村镇银行,广安金融监管分局
2634,大方富民村镇银行股份有限公司,无,S0019H352240001,村镇银行,毕节金融监管分局
2635,蒙自沪农商村镇银行股份有限公司,MENGZI SRCB RURAL BANK CO.， LTD,S0019H353250001,村镇银行,红河金融监管分局
2636,和政神舟村镇银行股份有限公司,HE ZHENG SHEN ZHOU COUNTRY BANK,S0019H362290001,村镇银行,临夏金融监管分局
2637,奇台利丰村镇银行有限责任公司,无,S0019H365230001,村镇银行,昌吉金融监管分局
2638,长春双阳吉银村镇银行股份有限公司,"CHANGCHUN SHUANGYANG JIYIN RURAL BANK CO., LTD",S0020H222010001,村镇银行,吉林金融监管局
2639,哈尔滨农信村镇银行股份有限公司,无,S0020H223010001,村镇银行,黑龙江金融监管局
2640,重庆九龙坡民泰村镇银行股份有限公司,无,S0020H250000001,村镇银行,重庆金融监管局
2641,金堂汇金村镇银行有限责任公司,"Jin Tang Huijin Rural Bank Corp., Ltd.",S0020H251010001,村镇银行,四川金融监管局
2642,陕西户县海丝村镇银行股份有限公司,无,S0020H261010001,村镇银行,陕西金融监管局
2643,乌鲁木齐县利丰村镇银行有限责任公司,WuLuMuQiXian LlFeng Country Bank Company Limited,S0020H265010001,村镇银行,新疆金融监管局
2644,沧县吉银村镇银行股份有限公司,无,S0020H313090001,村镇银行,沧州金融监管分局
2645,苏州常熟中银富登村镇银行有限责任公司,Suzhou Changshu BOC Fullerton Community Bank Ltd,S0020H332050001,村镇银行,苏州金融监管分局
2646,浙江新昌浦发村镇银行股份有限公司,无,S0020H333060001,村镇银行,绍兴金融监管分局
2647,安徽休宁大地村镇银行股份有限公司,"Anhui xiuning dadi Village Bank Co., Ltd.",S0020H334100001,村镇银行,黄山金融监管分局
2648,福建尤溪成功村镇银行股份有限公司,"Fujian Youxi Success County Bank Co.,Ltd.",S0020H335040001,村镇银行,三明金融监管分局
2649,萍乡安源富民村镇银行股份有限公司,Pingxiang Anyuan Fumin Rural Bank Co.Ltd.,S0020H336030001,村镇银行,萍乡金融监管分局
2650,沂源博商村镇银行股份有限公司,"YIYUAN BOSHANG COUNTRY BANK CO.,LTD",S0020H337030001,村镇银行,淄博金融监管分局
2651,禹州新民生村镇银行股份有限公司,无,S0020H341100001,村镇银行,许昌金融监管分局
2652,应城融兴村镇银行有限责任公司,无,S0020H342090001,村镇银行,孝感金融监管分局
2653,石门沪农商村镇银行股份有限公司,"SHIMEN SRCB RURAL BANK CO.,LTD",S0020H343070001,村镇银行,常德金融监管分局
2654,广西兴业柳银村镇银行股份有限公司,无,S0020H345090001,村镇银行,玉林金融监管分局
2655,金沙富民村镇银行股份有限公司,无,S0020H352240001,村镇银行,毕节金融监管分局
2656,建水沪农商村镇银行股份有限公司,JIANSHUI SRCB RURAL BANK CO.，LTD,S0020H353250001,村镇银行,红河金融监管分局
2657,陇西神舟村镇银行股份有限公司,无,S0020H362110001,村镇银行,定西金融监管分局
2658,宁夏彭阳贺兰山村镇银行股份有限公司,"NingXia Pengyang Helanshan Village Bank Co.,LTD.",S0020H364040001,村镇银行,固原金融监管分局
2659,农安北银村镇银行股份有限公司,无,S0021H222010001,村镇银行,吉林金融监管局
2660,潜江中银富登村镇银行有限公司,Qianjiang BOC Fullerton Community Bank Ltd.,S0021H242900001,村镇银行,潜江直管组
2661,广州从化柳银村镇银行股份有限公司,"GUANGZHOU CONGHUA LIUYIN COUNTRY BANK CO.,LTD",S0021H244010001,村镇银行,广东金融监管局
2662,陕西临潼海丝村镇银行股份有限公司,无,S0021H261010001,村镇银行,陕西金融监管局
2663,永清吉银村镇银行股份有限公司,"YONGQING JIYIN RURAL BANK CO.,LTD",S0021H313100002,村镇银行,廊坊金融监管分局
2664,汾阳市九都村镇银行有限责任公司,无,S0021H314110001,村镇银行,吕梁金融监管分局
2665,北票盛都村镇银行有限责任公司,Beipiao Shengdu Rural Bank CO.LTD.,S0021H321130001,村镇银行,朝阳金融监管分局
2666,黑龙江肇东中银富登村镇银行有限责任公司,无,S0021H323120001,村镇银行,绥化金融监管分局
2667,兴化苏南村镇银行股份有限公司,"XINGHUA SUNAN COUNTY BANK CO., LTD.",S0021H332120001,村镇银行,泰州金融监管分局
2668,浙江常山联合村镇银行股份有限公司,"Changshan Rural Bank of Zhejiang CO.,Ltd.",S0021H333080001,村镇银行,衢州金融监管分局
2669,安徽青阳九华村镇银行股份有限公司,无,S0021H334170001,村镇银行,池州金融监管分局
2670,浦城中成村镇银行股份有限公司,"Pucheng Zhongcheng Rural Bank Co.,Ltd.",S0021H335070001,村镇银行,南平金融监管分局
2671,萍乡湘东黄海村镇银行股份有限公司,PINGXIANG XIANGDONG HUANGHAI RURAL BANK CO.LTD,S0021H336030001,村镇银行,萍乡金融监管分局
2672,山东肥城民丰村镇银行有限责任公司,"SHANDONG FEICHENG MINFENG VILLAGE BANK CO.,LTD",S0021H337090001,村镇银行,泰安金融监管分局
2673,辉县珠江村镇银行股份有限公司,"Huixian Zhujiang Rural Bank CO.,LTD",S0021H341070001,村镇银行,新乡金融监管分局
2674,临澧沪农商村镇银行股份有限公司,"LINLI SRCB RURAL BANK CO.,LTD",S0021H343070001,村镇银行,常德金融监管分局
2675,广西陆川柳银村镇银行股份有限公司,无,S0021H345090001,村镇银行,玉林金融监管分局
2676,遂宁安居融兴村镇银行有限责任公司,SuiNing AnJu RongXing Village&Township Bank Limited Company,S0021H351090001,村镇银行,遂宁金融监管分局
2677,纳雍富民村镇银行股份有限公司,无,S0021H352240001,村镇银行,毕节金融监管分局
2678,保山隆阳沪农商村镇银行股份有限公司,"BAOSHAN LONGYANG SRCB RURAL BANK CO.,LTD",S0021H353050001,村镇银行,保山金融监管分局
2679,平凉崆峒融兴村镇银行有限责任公司,"Pingliang Kongtong Rongxing Village And Township Bank Company Limited,",S0021H362080001,村镇银行,平凉金融监管分局
2680,乌苏利丰村镇银行有限责任公司,WuSu LiFeng Rural Bank,S0021H365420001,村镇银行,塔城金融监管分局
2681,公主岭浦发村镇银行股份有限公司,Gongzhuling SPD Rural Bank,S0022H222010001,村镇银行,吉林金融监管局
2682,哈尔滨呼兰浦发村镇银行股份有限公司,无,S0022H223010001,村镇银行,黑龙江金融监管局
2683,进贤瑞丰村镇银行有限责任公司,JinXian RuiFeng Country Bank Co.Ltd,S0022H236010001,村镇银行,江西金融监管局
2684,新密郑银村镇银行股份有限公司,无,S0022H241010001,村镇银行,河南金融监管局
2685,贵阳白云德信村镇银行股份有限公司,无,S0022H252010001,村镇银行,贵州金融监管局
2686,云南安宁稠州村镇银行股份有限公司,无,S0022H253010001,村镇银行,云南金融监管局
2687,新疆建新成功村镇银行股份有限公司,"Xinjiang Jianxin Success Country Bank Co.,Ltd",S0022H265010001,村镇银行,新疆金融监管局
2688,河间融惠村镇银行有限责任公司,无,S0022H313090001,村镇银行,沧州金融监管分局
2689,襄垣县融汇村镇银行有限责任公司,RONGHUI COUNTRY BANK OF XIANGYUAN,S0022H314040001,村镇银行,长治金融监管分局
2690,南通如皋润泽村镇银行股份有限公司,无,S0022H332060001,村镇银行,南通金融监管分局
2691,浙江文成北银村镇银行股份有限公司,无,S0022H333030001,村镇银行,温州金融监管分局
2692,安徽和县新华村镇银行股份有限公司,"ANHUI HEXIAN XINHUA VILLAGE AND TOWNSHIP BANK CO.,LTD.",S0022H334050001,村镇银行,马鞍山金融监管分局
2693,上杭中成村镇银行股份有限公司,"Shanghang Zhongcheng Rural Bank Co.,Ltd.",S0022H335080001,村镇银行,龙岩金融监管分局
2694,临沭民丰村镇银行有限责任公司,"LINSHU MINFENG COUNTRY BANK CO.,LTD",S0022H337130001,村镇银行,临沂金融监管分局
2695,湖北荆门掇刀楚农商村镇银行股份有限公司,无,S0022H342080001,村镇银行,荆门金融监管分局
2696,澧县沪农商村镇银行股份有限公司,"LIXIAN SRCB RURAL BANK CO.,LTD",S0022H343070001,村镇银行,常德金融监管分局
2697,广西博白柳银村镇银行股份有限公司,无,S0022H345090001,村镇银行,玉林金融监管分局
2698,自贡中成村镇银行股份有限公司,"Zigong Nongshang Country Bank Co.,Ltd",S0022H351030001,村镇银行,自贡金融监管分局
2699,陕西三原海丝村镇银行股份有限公司,SHAANXI SANYUAN HAISI RURAL BANK CO.， LTD.,S0022H361040001,村镇银行,咸阳金融监管分局
2700,天水麦积融兴村镇银行有限责任公司,无,S0022H362050001,村镇银行,天水金融监管分局
2701,公主岭华兴村镇银行股份有限公司,"HUAXING COUNTRY BANK CO.,LTD",S0023H222010001,村镇银行,吉林金融监管局
2702,浙江余杭德商村镇银行股份有限公司,无,S0023H233010001,村镇银行,浙江金融监管局
2703,济源齐鲁村镇银行有限责任公司,"Jiyuan Qilu County Bank Co., Ltd.",S0023H241010001,村镇银行,河南金融监管局
2704,广州白云民泰村镇银行股份有限公司,"BAIYUN MINTAI RURAL BANK OF GUANGZHOU CO.,LTD",S0023H244010001,村镇银行,广东金融监管局
2705,重庆市沙坪坝融兴村镇银行有限责任公司,无,S0023H250000001,村镇银行,重庆金融监管局
2706,昆明官渡沪农商村镇银行股份有限公司,无,S0023H253010001,村镇银行,云南金融监管局
2707,陕西周至农科村镇银行股份有限公司,无,S0023H261010001,村镇银行,陕西金融监管局
2708,兰州安宁神舟村镇银行股份有限公司,无,S0023H262010001,村镇银行,甘肃金融监管局
2709,晋中市太谷兴泰村镇银行股份有限公司,无,S0023H314070001,村镇银行,晋中金融监管分局
2710,四子王蒙银村镇银行股份有限公司,无,S0023H315090001,村镇银行,乌兰察布金融监管分局
2711,绥中长丰村镇银行股份有限公司,无,S0023H321140001,村镇银行,葫芦岛金融监管分局
2712,海林远东村镇银行股份有限公司,无,S0023H323100001,村镇银行,牡丹江金融监管分局
2713,江苏海门中银富登村镇银行有限责任公司,Jiangsu Haimen BOC Fullerton Community Bank Ltd.,S0023H332060001,村镇银行,南通金融监管分局
2714,安徽定远民丰村镇银行股份有限公司,Anhui Dingyuan Minfeng County Bank,S0023H334110001,村镇银行,滁州金融监管分局
2715,福建泰宁晋农商大金湖村镇银行股份有限公司,"Fujian Taining JJRC Dajinhu County Bank CO.,LTD.",S0023H335040001,村镇银行,三明金融监管分局
2716,新余孔目江成功村镇银行股份有限公司,"Xinyu Kongmujiang success of villiage bank co., Ltd",S0023H336050001,村镇银行,新余金融监管分局
2717,松滋中银富登村镇银行有限公司,SongZi BOC Fullerton Community Bank Ltd,S0023H342100001,村镇银行,荆州金融监管分局
2718,永兴沪农商村镇银行股份有限公司,"YONGXING SRCB RURAL BANK CO.,LTD.",S0023H343100001,村镇银行,郴州金融监管分局
2719,岑溪市北部湾村镇银行有限责任公司,CENXI BEIBU GULF COUNTY BANK Co.，LTD,S0023H345040001,村镇银行,梧州金融监管分局
2720,宜宾兴宜村镇银行有限责任公司,"YIBIN XINGYI RURAL BANK Co.,Ltd.",S0023H351150001,村镇银行,宜宾金融监管分局
2721,遵义播州汇隆村镇银行有限责任公司,无,S0023H352030001,村镇银行,遵义金融监管分局
2722,阿拉尔津汇村镇银行有限责任公司,ALaEr JinHui County Bank Company Limited,S0023H365290001,村镇银行,阿克苏金融监管分局
2723,长春绿园融泰村镇银行股份有限公司,"CHANGCHUN LVYUAN RONGTAI COUNTRY BANK CO.,LTD",S0024H222010001,村镇银行,吉林金融监管局
2724,南昌昌东九银村镇银行股份有限公司,"NAN CHANG CHANG DONG JIUYIN COUNTY BANK CO.,LTD.",S0024H236010001,村镇银行,江西金融监管局
2725,西安雁塔恒通村镇银行股份有限公司,无,S0024H261010001,村镇银行,陕西金融监管局
2726,中阳县太行村镇银行股份有限公司,"Zhongyang TaiHang Rural Bank Co. ,LTD.",S0024H314110001,村镇银行,吕梁金融监管分局
2727,穆棱远东村镇银行股份有限公司,无,S0024H323100001,村镇银行,牡丹江金融监管分局
2728,江苏海安盐海村镇银行股份有限公司,"Jiangsu Haian Yanhai Rural Bank.co.,Lta",S0024H332060001,村镇银行,南通金融监管分局
2729,浙江平阳浦发村镇银行股份有限公司,无,S0024H333030001,村镇银行,温州金融监管分局
2730,安徽潜山江淮村镇银行股份有限公司,"Anhui Qianshan JiangHuai Village Bank Co.,Ltd.",S0024H334080001,村镇银行,安庆金融监管分局
2731,福建永定瑞狮村镇银行股份有限公司,"FUJIAN YONGDING RUISHI RURAL BANK CO.,LTD.",S0024H335080001,村镇银行,龙岩金融监管分局
2732,山东兰陵村镇银行股份有限公司,SHANDONG LANLING VILLAGE BANK CO.，LTD,S0024H337130001,村镇银行,临沂金融监管分局
2733,长葛轩辕村镇银行有限责任公司,无,S0024H341100001,村镇银行,许昌金融监管分局
2734,监利中银富登村镇银行有限公司,JianLi BOC Fullerton Community Bank Ltd,S0024H342100001,村镇银行,荆州金融监管分局
2735,桂阳沪农商村镇银行股份有限公司,"GUIYANG SRCB RURAL BANK CO.,LTD.",S0024H343100001,村镇银行,郴州金融监管分局
2736,广西鱼峰信合村镇银行有限责任公司,"GUANGXI YUFENG CREDIT ASSOCIATION RURAL BANK CO.,LTD",S0024H345020001,村镇银行,柳州金融监管分局
2737,重庆彭水民泰村镇银行股份有限公司,CHONGQING PENGSHUI MINTAI RURAL BANK CO.，LTD,S0024H350000001,村镇银行,黔江金融监管分局
2738,内江兴隆村镇银行股份有限公司,"Neijiang Xinglong Rural Bank Corp.,Ltd",S0024H351100001,村镇银行,内江金融监管分局
2739,遵义汇川黔兴村镇银行有限责任公司,无,S0024H352030001,村镇银行,遵义金融监管分局
2740,腾冲民生村镇银行股份有限公司,"TENGCHONG MINSHENG RURAL BANKING CORP.,LTD.",S0024H353050001,村镇银行,保山金融监管分局
2741,天水秦州长银村镇银行股份有限公司,无,S0024H362050001,村镇银行,天水金融监管分局
2742,呼图壁津汇村镇银行有限责任公司,HuTuBi Jin Hui County Bank,S0024H365230001,村镇银行,昌吉金融监管分局
2743,章丘齐鲁村镇银行股份有限公司,"ZHANGQIU QILU VILLAGE BANK CO.,LTD.",S0025H237010001,村镇银行,山东金融监管局
2744,黄骅青隆村镇银行股份有限公司,无,S0025H313090001,村镇银行,沧州金融监管分局
2745,侯马市太行村镇银行股份有限公司,"Houma TaiHang Rural Bank Co.,LTD.",S0025H314100001,村镇银行,临汾金融监管分局
2746,永吉吉庆村镇银行股份有限公司,"YONGJI JIQING COUNTRY BANK CO.,LTD",S0025H322020001,村镇银行,吉林金融监管分局
2747,江苏如东融兴村镇银行有限责任公司,JiangSu RuDong RongXing Village & Township Bank Limited Company,S0025H332060001,村镇银行,南通金融监管分局
2748,浙江浦江嘉银村镇银行股份有限公司,"Pujiang Jiayin Rural Bank of Zhejiang Co.,Ltd.",S0025H333070001,村镇银行,金华金融监管分局
2749,安徽歙县嘉银村镇银行股份有限公司,"Shexian Jiayin Rural Bank of Anhui CO.,Ltd.",S0025H334100001,村镇银行,黄山金融监管分局
2750,福建新罗晋农商村镇银行股份有限公司,"Fujian Xinluo JJRC County Bank CO.,LTD.",S0025H335080001,村镇银行,龙岩金融监管分局
2751,临川浦发村镇银行股份有限公司,"Linchuan SPD Rural Bank Co., Ltd.",S0025H336100001,村镇银行,抚州金融监管分局
2752,偃师融兴村镇银行有限责任公司,Yanshi RongXing Village& Township Bank Limited Company,S0025H341030001,村镇银行,洛阳金融监管分局
2753,慈利沪农商村镇银行股份有限公司,无,S0025H343080001,村镇银行,张家界金融监管分局
2754,江门新会新华村镇银行股份有限公司,"JIANGMEN XINHUI XINHUA COUNTY BANK CO.,LTD.",S0025H344070001,村镇银行,江门金融监管分局
2755,广西平南桂银村镇银行股份有限公司,GUANGXI PINGNAN GUIYIN COUNTY BANK Co.， Ltd.,S0025H345080001,村镇银行,贵港金融监管分局
2756,重庆石柱中银富登村镇银行有限公司,Chongqing Shizhu BOC Fullerton Community Bank Ltd.,S0025H350030001,村镇银行,黔江金融监管分局
2757,乐山嘉州民富村镇银行有限责任公司,"LESHAN JIAZHOU·Minfu Villages and towns Bank Co,ltd",S0025H351110001,村镇银行,乐山金融监管分局
2758,安顺西航南马村镇银行有限责任公司,无,S0025H352040001,村镇银行,安顺金融监管分局
2759,云南祥云渝农商村镇银行有限责任公司,"Yunnan Xiangyun CQRC County Bank Co.,Ltd.",S0025H353290001,村镇银行,大理金融监管分局
2760,铜川印台恒通村镇银行股份有限公司,"TongChuan YinTai Hengtong Rural Bank CO.,LTD.",S0025H361020001,村镇银行,铜川金融监管分局
2761,铁门关津汇村镇银行有限责任公司,Tiemenguan JinHui Country Bank Company Limited,S0025H365280001,村镇银行,巴音郭楞金融监管分局
2762,沈阳新民富民村镇银行股份有限公司,无,S0026H221010001,村镇银行,辽宁金融监管局
2763,清镇兴邦村镇银行有限责任公司,无,S0026H252010001,村镇银行,贵州金融监管局
2764,富民浦发村镇银行股份有限公司,无,S0026H253010001,村镇银行,云南金融监管局
2765,白山浑江恒泰村镇银行股份有限公司,"BAISHAN HUNJIANG HENGTAI COUNTRY BANK CO., LTD",S0026H322060001,村镇银行,白山金融监管分局
2766,讷河融兴村镇银行有限责任公司,NEHE RONGXING VILLAGE AND TOWNSHIP BANK LIMITED LIABILITY COMPANY,S0026H323020001,村镇银行,齐齐哈尔金融监管分局
2767,江苏启东珠江村镇银行股份有限公司,无,S0026H332060001,村镇银行,南通金融监管分局
2768,浙江衢州衢江上银村镇银行股份有限公司,"Qujiang Shangyin Rural Bank of Zhejiang Quzhou Co.,Ltd",S0026H333080001,村镇银行,衢州金融监管分局
2769,望江新华村镇银行股份有限公司,"WANGJIANG XINHUA VILLAGE AND TOWNSHIP BANK CO.,LTD",S0026H334080001,村镇银行,安庆金融监管分局
2770,福建建阳瑞狮村镇银行股份有限公司,"Fujian Jianyang Ruishi Rural Bank Co.,Ltd.",S0026H335070001,村镇银行,南平金融监管分局
2771,安福中银富登村镇银行有限公司,AnFu BOC Fullerton Community Bank Ltd.,S0026H336080001,村镇银行,吉安金融监管分局
2772,日照九银村镇银行股份有限公司,RIZHAO JIUYIN COUNTY BANK,S0026H337110001,村镇银行,日照金融监管分局
2773,宝丰豫丰村镇银行股份有限公司,无,S0026H341040001,村镇银行,平顶山金融监管分局
2774,沅江浦发村镇银行股份有限公司,无,S0026H343090001,村镇银行,益阳金融监管分局
2775,五华惠民村镇银行股份有限公司,"Wuhua Huimin Village Bank Co,.Ltd.",S0026H344140001,村镇银行,梅州金融监管分局
2776,广西桂平桂银村镇银行股份有限公司,"GUANGXI GUIPING GUIYIN COUNTY BANK Co.,Ltd.",S0026H345080001,村镇银行,贵港金融监管分局
2777,重庆长寿中银富登村镇银行有限公司,Chongqing Changshou BOC Fullerton Community Bank Ltd.,S0026H350040001,村镇银行,两江金融监管分局
2778,峨眉山中成村镇银行股份有限公司,无,S0026H351110001,村镇银行,乐山金融监管分局
2779,塔城津汇村镇银行有限责任公司,Tacheng JinHui County Bank Company Limited,S0026H365420001,村镇银行,塔城金融监管分局
2780,灵石县汇民村镇银行有限责任公司,无,S0027H314070001,村镇银行,晋中金融监管分局
2781,盘山安泰村镇银行股份有限公司,无,S0027H321110001,村镇银行,盘锦金融监管分局
2782,江苏泰兴中银富登村镇银行有限责任公司,Jiangsu Taixing BOC Fullerton Community Bank Ltd.,S0027H332120001,村镇银行,泰州金融监管分局
2783,浙江泰顺温银村镇银行股份有限公司,"Zhejiang Taishun WenYin Rural Bank Co.,Ltd.",S0027H333030001,村镇银行,温州金融监管分局
2784,安徽宿松民丰村镇银行有限责任公司,"ANHUI SUSONG MINFENG COUNTY BANK CO.,LTD",S0027H334080001,村镇银行,安庆金融监管分局
2785,福建仙游瑞狮村镇银行股份有限公司,"FUJIAN XIANYOU RUISHI RURAL BANK CO.,LTD.",S0027H335030001,村镇银行,莆田金融监管分局
2786,宜丰中银富登村镇银行有限公司,YIFENG BOC FULLERTON COMMUNITY BANK LTD,S0027H336090001,村镇银行,宜春金融监管分局
2787,海阳珠江村镇银行股份有限公司,"Haiyang Zhujiang Rural Bank Co.,Ltd.",S0027H337060001,村镇银行,烟台金融监管分局
2788,河南沁阳江南村镇银行股份有限公司,无,S0027H341080001,村镇银行,焦作金融监管分局
2789,湖北大冶泰隆村镇银行有限责任公司,Hubei Daye Tailong Rural Bank,S0027H342020001,村镇银行,黄石金融监管分局
2790,茶陵浦发村镇银行股份有限公司,无,S0027H343020001,村镇银行,株洲金融监管分局
2791,清远清新惠民村镇银行股份有限公司,"Qingyuan Qingxin Huimin Village Bank Co,. Ltd.",S0027H344180001,村镇银行,清远金融监管分局
2792,扶绥深通村镇银行有限责任公司,无,S0027H345140001,村镇银行,崇左金融监管分局
2793,重庆奉节中银富登村镇银行有限公司,ChongQing FengJie BOC Fullerton Community Bank Ltd.,S0027H350010001,村镇银行,万州金融监管分局
2794,彭山珠江村镇银行股份有限公司,无,S0027H351140002,村镇银行,眉山金融监管分局
2795,赫章富民村镇银行股份有限公司,无,S0027H352240001,村镇银行,毕节金融监管分局
2796,云南鹤庆渝农商村镇银行有限责任公司,"Yunnan Heqing CQRC County Bank Co.,ltd.",S0027H353290001,村镇银行,大理金融监管分局
2797,陕西榆林横山汇发村镇银行股份有限公司,无,S0027H361080001,村镇银行,榆林金融监管分局
2798,尉犁达西冀银村镇银行有限责任公司,YuLi DaXi JiYin County Bank Company Limited,S0027H365280001,村镇银行,巴音郭楞金融监管分局
2799,古交市阜民村镇银行股份有限公司,无,S0028H214010001,村镇银行,山西金融监管局
2800,新津珠江村镇银行股份有限公司,XinJin ZhuJiang Rural Bank,S0028H251010001,村镇银行,四川金融监管局
2801,东光青隆村镇银行股份有限公司,无,S0028H313090001,村镇银行,沧州金融监管分局
2802,阿拉善左旗黄河村镇银行股份有限公司,"Alashanzuoqi Yellow River Village and Town Bank CO.,Ltd",S0028H315290001,村镇银行,阿拉善金融监管分局
2803,梨树源泰村镇银行股份有限公司,"LISHU YUANTAI COUNTRY BANK CO.,LTD",S0028H322030001,村镇银行,四平金融监管分局
2804,富锦幸福村镇银行股份有限公司,无,S0028H323080001,村镇银行,佳木斯金融监管分局
2805,江苏大丰江南村镇银行股份有限公司,"JIANGSU DAFENG JIANGNAN COUNTY BANK CO.,LTD",S0028H332090001,村镇银行,盐城金融监管分局
2806,安徽五河永泰村镇银行股份有限公司,无,S0028H334030001,村镇银行,蚌埠金融监管分局
2807,长汀汀州红村镇银行股份有限公司,"Changting Red Tingzhou Rural Bank CO.,Ltd.",S0028H335080001,村镇银行,龙岩金融监管分局
2808,鹰潭月湖恒通村镇银行股份有限公司,"YingTan YueHu HengTong Rural Bank CO.,LTD.",S0028H336060001,村镇银行,鹰潭金融监管分局
2809,莱州珠江村镇银行股份有限公司,"Laizhou Zhujiang Rural Bank Co.,Ltd.",S0028H337060001,村镇银行,烟台金融监管分局
2810,新安融兴村镇银行有限责任公司,Xinan RongXing Village& Township Bank Limited Company,S0028H341030001,村镇银行,洛阳金融监管分局
2811,枝江汉银村镇银行股份有限公司,无,S0028H342050001,村镇银行,宜昌金融监管分局
2812,临武浦发村镇银行股份有限公司,"Linwu SPD Rural Bank Co.,Ltd.",S0028H343100001,村镇银行,郴州金融监管分局
2813,东莞常平新华村镇银行股份有限公司,"DONGGUAN CHANGPING XINHUA COUNTY BANK CO.,LTD.",S0028H344190001,村镇银行,东莞金融监管分局
2814,百色右江华润村镇银行股份有限公司,"China Resources Rural Bank of Youjiang Co.,Ltd.",S0028H345100001,村镇银行,百色金融监管分局
2815,重庆巫山中银富登村镇银行有限公司,ChongQing WuShan BOC Fullerton Community Bank Ltd.,S0028H350010001,村镇银行,万州金融监管分局
2816,威宁富民村镇银行股份有限公司,无,S0028H352240001,村镇银行,毕节金融监管分局
2817,云南香格里拉渝农商村镇银行有限责任公司,无,S0028H353340001,村镇银行,迪庆金融监管分局
2818,阜康津汇村镇银行有限责任公司,Jinhui Village Bank Of Fukang,S0028H365230001,村镇银行,昌吉金融监管分局
2819,古交市汇泽村镇银行股份有限公司,无,S0029H214010001,村镇银行,山西金融监管局
2820,登封齐鲁村镇银行有限责任公司,"Dengfeng Qilu County Bank Co.,Ltd.",S0029H241010001,村镇银行,河南金融监管局
2821,贵阳观山湖富民村镇银行股份有限公司,无,S0029H252010001,村镇银行,贵州金融监管局
2822,青县青隆村镇银行股份有限公司,无,S0029H313090001,村镇银行,沧州金融监管分局
2823,鄂尔多斯市康巴什村镇银行有限公司,无,S0029H315060001,村镇银行,鄂尔多斯金融监管分局
2824,大洼恒丰村镇银行股份有限公司,无,S0029H321110001,村镇银行,盘锦金融监管分局
2825,集安惠鑫村镇银行股份有限公司,"JI AN HUI XIN COUNTRY BANK CO., LTD",S0029H322050001,村镇银行,通化金融监管分局
2826,安达幸福村镇银行股份有限公司,无,S0029H323120001,村镇银行,绥化金融监管分局
2827,江苏沛县汉源村镇银行股份有限公司,"JIANGSU PEIXIAN HANYUAN COUNTY BANK CO., LTD",S0029H332030001,村镇银行,徐州金融监管分局
2828,浙江江山中银富登村镇银行有限责任公司,Zhejiang Jiangshan BOC Fullerton Community Bank Ltd.,S0029H333080001,村镇银行,衢州金融监管分局
2829,安徽宿州淮海村镇银行股份有限公司,"Anhui SuZhou HuaiHai Village Bank Co.,Ltd.",S0029H334130001,村镇银行,宿州金融监管分局
2830,南靖中成村镇银行股份有限公司,"Nanjing Zhongcheng Rural Bank Co.,Ltd.",S0029H335060001,村镇银行,漳州金融监管分局
2831,广昌南银村镇银行股份有限公司,"Guangchang Nanyin Rural Bank Co., Ltd.",S0029H336100001,村镇银行,抚州金融监管分局
2832,山东滕州中银富登村镇银行有限责任公司,Shandong Tengzhou BOC Fullerton Community Bank Ltd.,S0029H337040001,村镇银行,枣庄金融监管分局
2833,荆门东宝惠民村镇银行股份有限公司,无,S0029H342080001,村镇银行,荆门金融监管分局
2834,衡南浦发村镇银行股份有限公司,无,S0029H343040001,村镇银行,衡阳金融监管分局
2835,佛山南海新华村镇银行股份有限公司,"FOSHAN NANHAI XINHUA COUNTY BANK CO.,LTD.",S0029H344060001,村镇银行,佛山金融监管分局
2836,防城港防城国民村镇银行有限责任公司,"FANGCHENGGANG FANGCHENG GUOMIN RURAL BANK CO.,LTD",S0029H345060001,村镇银行,防城港金融监管分局
2837,重庆万州中银富登村镇银行有限公司,Chongqing Wanzhou BOC Fullerton Community Bank Ltd.,S0029H350010001,村镇银行,万州金融监管分局
2838,广汉珠江村镇银行股份有限公司,无,S0029H351060001,村镇银行,德阳金融监管分局
2839,玉溪澄江中成村镇银行股份有限公司,"Yuxi Chengjiang Zhongcheng Rural Bank Co.,Ltd.",S0029H353040001,村镇银行,玉溪金融监管分局
2840,陕西吴起汇发村镇银行股份有限公司,无,S0029H361060001,村镇银行,延安金融监管分局
2841,长春高新惠民村镇银行有限责任公司,"ChangChun GaoXin Huimin Village Bank Co., Ltd",S0030H222010001,村镇银行,吉林金融监管局
2842,哈尔滨幸福村镇银行股份有限公司,无,S0030H223010001,村镇银行,黑龙江金融监管局
2843,湖南浏阳江淮村镇银行股份有限公司,"Hunan LiuyangJiangHuai County Bank Co.,Ltd.",S0030H243010001,村镇银行,湖南金融监管局
2844,南宁武鸣漓江村镇银行有限责任公司,WUMING LIJIANG COUNTY BANK CO.LTD,S0030H245010001,村镇银行,广西金融监管局
2845,贵阳乌当富民村镇银行股份有限公司,无,S0030H252010001,村镇银行,贵州金融监管局
2846,沧州市运河青隆村镇银行股份有限公司,无,S0030H313090001,村镇银行,沧州金融监管分局
2847,寿阳县汇都村镇银行有限责任公司,ShouYang county HuiDu Village Bank CO.LTD,S0030H314070001,村镇银行,晋中金融监管分局
2848,凌源天元村镇银行股份有限公司,LINGYUAN TIANYUAN VILLAGE BANK COLTD,S0030H321130001,村镇银行,朝阳金融监管分局
2849,江苏丰县民丰村镇银行有限责任公司,"JIANGSU FENGXIAN MINFENG COUNTY BANK CO.,LTD",S0030H332030001,村镇银行,徐州金融监管分局
2850,浙江磐安婺商村镇银行股份有限公司,Panan Wushang rural Bank of Zhejiang Co.Ltd,S0030H333070001,村镇银行,金华金融监管分局
2851,安徽明光民丰村镇银行有限责任公司,ANHUI MINGGUANG MINFENG CONUTY BANK CO.LTD,S0030H334110001,村镇银行,滁州金融监管分局
2852,古田刺桐红村镇银行有限公司,"Gutian Red Erythrina Rural Bank CO.,LTD.",S0030H335090001,村镇银行,宁德金融监管分局
2853,上饶中银富登村镇银行有限公司,SHANGRAO BOC FULLERTON COMMUNITY BANK LTD.,S0030H336110001,村镇银行,上饶金融监管分局
2854,嘉祥中银富登村镇银行有限公司,JIAXIANG BOC FULLERTON COMMUNITY BANK LTD.,S0030H337080001,村镇银行,济宁金融监管分局
2855,兰考齐鲁村镇银行有限责任公司,"Lankao Qilu County Bank Co., Ltd.",S0030H341020001,村镇银行,开封金融监管分局
2856,孝昌本富村镇银行有限责任公司,无,S0030H342090001,村镇银行,孝感金融监管分局
2857,云安惠民村镇银行股份有限公司,"Yunan Huimin Village Bank Co.,Ltd",S0030H344530001,村镇银行,云浮金融监管分局
2858,重庆城口中银富登村镇银行有限公司,Chong Qing Cheng Kou BOC Fullerton Community Bank Ltd.,S0030H350010001,村镇银行,万州金融监管分局
2859,蓬溪中银富登村镇银行有限公司,PENGXI BOC FULLERTON COMMUNITY BANK LTD,S0030H351090001,村镇银行,遂宁金融监管分局
2860,大理古城中成村镇银行股份有限公司,"Dali Gucheng Zhongcheng Rural Bank Co.,Ltd.",S0030H353290001,村镇银行,大理金融监管分局
2861,扶风浦发村镇银行股份有限公司,无,S0030H361030001,村镇银行,宝鸡金融监管分局
2862,沈阳法库富民村镇银行股份有限公司,无,S0031H221010001,村镇银行,辽宁金融监管局
2863,广州黄埔惠民村镇银行股份有限公司,"GuangZhou HuangPu HuiMin VILLAGE BANK CO.,LTD.",S0031H244010001,村镇银行,广东金融监管局
2864,昆明马金铺中成村镇银行股份有限公司,无,S0031H253010001,村镇银行,云南金融监管局
2865,高碑店中成村镇银行股份有限公司,无,S0031H313060001,村镇银行,保定金融监管分局
2866,襄汾县万都村镇银行有限责任公司,"Xiangfen County WanDu Village Bank CO.,LTD",S0031H314100001,村镇银行,临汾金融监管分局
2867,桦甸惠民村镇银行股份有限公司,"HUADIAN HUIMIN VILLAGE BANK CO.,LTD",S0031H322020001,村镇银行,吉林金融监管分局
2868,嫩江幸福村镇银行股份有限公司,无,S0031H323110001,村镇银行,黑河金融监管分局
2869,江苏盱眙珠江村镇银行股份有限公司,"Jiangsu Xuyi zhujiang Rural Bank CO.,LTD",S0031H332080001,村镇银行,淮安金融监管分局
2870,浙江龙泉民泰村镇银行股份有限公司,"Longquan Mintai Rural Bank of Zhejiang CO.,LTD.",S0031H333110001,村镇银行,丽水金融监管分局
2871,来安中银富登村镇银行有限公司,Laian BOC Fullerton Community Bank Ltd.,S0031H334110001,村镇银行,滁州金融监管分局
2872,福建诏安汇通村镇银行股份有限公司,"FUJIAN ZHAOAN HUITONG COUNTY BANK CO.,LTD.",S0031H335060001,村镇银行,漳州金融监管分局
2873,江西上栗富民村镇银行股份有限公司,Jiangxi Shangli fumin Rural Bank Co.Ltd.,S0031H336030001,村镇银行,萍乡金融监管分局
2874,单县中银富登村镇银行有限公司,SHANXIAN BOC FULLERTON COMMUNITY BANK LTD.,S0031H337170001,村镇银行,菏泽金融监管分局
2875,漯河郾城中原村镇银行有限责任公司,无,S0031H341110001,村镇银行,漯河金融监管分局
2876,湖北麻城汇丰村镇银行有限责任公司,Hubei Macheng HSBC Rural Bank Company Limited,S0031H342110001,村镇银行,黄冈金融监管分局
2877,湖南安化湘淮村镇银行股份有限公司,"Hunan Anhua Xianghuai Rural Bank Co.,Ltd.",S0031H343090001,村镇银行,益阳金融监管分局
2878,贺州八步东盈村镇银行股份有限公司,Hezhou Babu Dongying County Bank Company Limited,S0031H345110001,村镇银行,贺州金融监管分局
2879,重庆涪陵中银富登村镇银行有限公司,无,S0031H350020001,村镇银行,涪陵金融监管分局
2880,巴中中银富登村镇银行有限责任公司,Bazhong BOC Fullerton Community Bank Ltd.,S0031H351190001,村镇银行,巴中金融监管分局
2881,镇宁汇商村镇银行有限责任公司,无,S0031H352040002,村镇银行,安顺金融监管分局
2882,陕西太白长银村镇银行股份有限公司,无,S0031H361030001,村镇银行,宝鸡金融监管分局
2883,浙江桐庐恒丰村镇银行股份有限公司,无,S0032H233010001,村镇银行,浙江金融监管局
2884,贵阳云岩富民村镇银行股份有限公司,无,S0032H252010001,村镇银行,贵州金融监管局
2885,昆明禄劝中成村镇银行股份有限公司,无,S0032H253010001,村镇银行,云南金融监管局
2886,曲阳中成村镇银行股份有限公司,无,S0032H313060001,村镇银行,保定金融监管分局
2887,吉林丰满惠民村镇银行股份有限公司,"Jilin Fengman Huimin Village Bank Co., Ltd.",S0032H322020001,村镇银行,吉林金融监管分局
2888,密山民意村镇银行股份有限公司,无,S0032H323030001,村镇银行,鸡西金融监管分局
2889,扬州仪征玉丰村镇银行有限责任公司,YANGZHOU YIZHENG YUFENG VILLAGE BANK Co.，LTD,S0032H332100001,村镇银行,扬州金融监管分局
2890,全椒中银富登村镇银行有限公司,Quanjiao BOC Fullerton Community Bank Ltd.,S0032H334110001,村镇银行,滁州金融监管分局
2891,光泽刺桐红村镇银行有限公司,"Guangze Red Erythrina Rural Bank Co.,Ltd.",S0032H335070001,村镇银行,南平金融监管分局
2892,泰和中银富登村镇银行有限公司,TaiHe BOC Fullerton Community Bank Ltd.,S0032H336080001,村镇银行,吉安金融监管分局
2893,山东诸城中银富登村镇银行有限责任公司,Shandong Zhucheng BOC Fullerton Community Bank Ltd.,S0032H337070001,村镇银行,潍坊金融监管分局
2894,灵宝融丰村镇银行股份有限公司,"LINGBAO RONGFENG RURAL BANK CO., LTD",S0032H341120001,村镇银行,三门峡金融监管分局
2895,兴山本富村镇银行有限责任公司,XingShanBenFu Rural Bank Co. Ltd.,S0032H342050001,村镇银行,宜昌金融监管分局
2896,湖南湘潭湘淮村镇银行股份有限公司,"Hunan Xiangtan Xianghuai Rural Bank Co.,Ltd.",S0032H343030001,村镇银行,湘潭金融监管分局
2897,兴宁珠江村镇银行股份有限公司,"XINGNING ZHUJIANG RURAL BANK CO.,LTD",S0032H344140001,村镇银行,梅州金融监管分局
2898,广西钦州市钦南国民村镇银行有限责任公司,GUANGXI QINZHOU QINNAN GUOMIN RURAL BANK COMPANY LIMITED,S0032H345070001,村镇银行,钦州金融监管分局
2899,重庆垫江中银富登村镇银行有限公司,CHONGQING DIANJIANG BOC FULLERTON COMMUNITY BANK LTD,S0032H350020001,村镇银行,涪陵金融监管分局
2900,长宁中成村镇银行股份有限公司,"Changning Zhongcheng Rural Bank Co.,Ltd.",S0032H351150001,村镇银行,宜宾金融监管分局
2901,陕西陇县长银村镇银行股份有限公司,无,S0032H361030001,村镇银行,宝鸡金融监管分局
2902,沈阳辽中富民村镇银行股份有限公司,无,S0033H221010001,村镇银行,辽宁金融监管局
2903,广州黄埔融和村镇银行股份有限公司,"GUANGZHOU HUANGPU RONGHE VILLAGE BANK CO.,LTD",S0033H244010001,村镇银行,广东金融监管局
2904,昆明东川中成村镇银行股份有限公司,无,S0033H253010001,村镇银行,云南金融监管局
2905,涿州中成村镇银行股份有限公司,无,S0033H313060001,村镇银行,保定金融监管分局
2906,代县泓都村镇银行有限责任公司,无,S0033H314090001,村镇银行,忻州金融监管分局
2907,扎兰屯蒙银村镇银行股份有限公司,"ZhaLanTun Meng Yin Rural Bank CO.,Ltd.",S0033H315070001,村镇银行,呼伦贝尔金融监管分局
2908,辉南榆银村镇银行股份有限公司,"HuiNan YuYin Village Bank CO., LTD.",S0033H322050001,村镇银行,通化金融监管分局
2909,同江汇鑫村镇银行股份有限公司,无,S0033H323080001,村镇银行,佳木斯金融监管分局
2910,阜宁民生村镇银行股份有限公司,"FUNING MINSHENG RURAL BANKING CO.,LTD",S0033H332090001,村镇银行,盐城金融监管分局
2911,浙江温岭联合村镇银行股份有限公司,"Wenling United Rural Bank of Zhejiang CO.,Ltd.",S0033H333100001,村镇银行,台州金融监管分局
2912,芜湖圆融村镇银行股份有限公司,无,S0033H334020001,村镇银行,芜湖金融监管分局
2913,屏南刺桐红村镇银行有限公司,"Pingnan Red Erythrina Rural Bank CO.,LTD.",S0033H335090001,村镇银行,宁德金融监管分局
2914,余干恒通村镇银行股份有限公司,"YuGan HengTong Rural Bank CO.,LTD.",S0033H336110001,村镇银行,上饶金融监管分局
2915,山东邹城中银富登村镇银行有限责任公司,Shandong Zoucheng BOC Fullerton Community Bank Ltd.,S0033H337080001,村镇银行,济宁金融监管分局
2916,虞城通商村镇银行股份有限公司,无,S0033H341140001,村镇银行,商丘金融监管分局
2917,阳新汉银村镇银行股份有限公司,无,S0033H342020001,村镇银行,黄石金融监管分局
2918,湖南冷水江湘淮村镇银行股份有限公司,"Hunan Lengshuijiang Xianghuai Rural Bank Co.,Ltd.",S0033H343130001,村镇银行,娄底金融监管分局
2919,广西银海国民村镇银行有限责任公司,无,S0033H345050001,村镇银行,北海金融监管分局
2920,重庆巫溪中银富登村镇银行有限公司,Chong Qing Wu Xi BOC Fullerton Community Bank Ltd.,S0033H350010001,村镇银行,万州金融监管分局
2921,四川江油华夏村镇银行股份有限公司,无,S0033H351070001,村镇银行,绵阳金融监管分局
2922,安顺西秀富民村镇银行股份有限公司,无,S0033H352040001,村镇银行,安顺金融监管分局
2923,长武中银富登村镇银行有限公司,无,S0033H361040001,村镇银行,咸阳金融监管分局
2924,浙江临安中信村镇银行股份有限公司,无,S0034H233010001,村镇银行,浙江金融监管局
2925,重庆南岸中银富登村镇银行有限公司,无,S0034H250000001,村镇银行,重庆金融监管局
2926,贵阳南明富民村镇银行股份有限公司,无,S0034H252010001,村镇银行,贵州金融监管局
2927,昆明石林中成村镇银行股份有限公司,无,S0034H253010001,村镇银行,云南金融监管局
2928,定州中成村镇银行股份有限公司,无,S0034H313060001,村镇银行,保定金融监管分局
2929,临县泉都村镇银行有限责任公司,无,S0034H314110001,村镇银行,吕梁金融监管分局
2930,卓资蒙银村镇银行股份有限公司,无,S0034H315090001,村镇银行,乌兰察布金融监管分局
2931,伊通榆银村镇银行股份有限公司,"YiTong YuYin Village Bank CO.,LTD.",S0034H322030001,村镇银行,四平金融监管分局
2932,太仓民生村镇银行股份有限公司,TAICANG MINSHENG RURAL BANKING CORPORATION LIMITED,S0034H332050001,村镇银行,苏州金融监管分局
2933,安徽怀远本富村镇银行有限责任公司,无,S0034H334030001,村镇银行,蚌埠金融监管分局
2934,寿宁刺桐红村镇银行有限公司,"Shouning Red Erythrina Rural Bank CO.,LTD.",S0034H335090001,村镇银行,宁德金融监管分局
2935,横峰恒通村镇银行股份有限公司,"HengFeng HengTong Rural Bank CO.,LTD.",S0034H336110001,村镇银行,上饶金融监管分局
2936,开封新东方村镇银行股份有限公司,NEW ORIENTAL COUNTRY BANK OF KAIFENG CO.LTD,S0034H341020001,村镇银行,开封金融监管分局
2937,公安中银富登村镇银行有限公司,GongAn BOC Fullerton Community Bank Ltd.,S0034H342100001,村镇银行,荆州金融监管分局
2938,湖南华容星龙村镇银行股份有限公司,"Hunan Huarong Xinglong Rural Bank Co.,Ltd.",S0034H343060001,村镇银行,岳阳金融监管分局
2939,龙川融和村镇银行股份有限公司,"LONGCHUAN RONGHE VILLAGE BANK CO., LTD.",S0034H344160001,村镇银行,河源金融监管分局
2940,广西鹿寨渝农商村镇银行有限责任公司,Guangxi Luzhai CQRC County Bank Co.， Ltd.,S0034H345020001,村镇银行,柳州金融监管分局
2941,旬邑中银富登村镇银行有限公司,无,S0034H361040001,村镇银行,咸阳金融监管分局
2942,成都郫都中银富登村镇银行有限责任公司,Chengdu Pidu BOC Fullerton Community Bank Ltd.,S0035H251010001,村镇银行,四川金融监管局
2943,昆明寻甸中成村镇银行股份有限公司,无,S0035H253010001,村镇银行,云南金融监管局
2944,望都中成村镇银行股份有限公司,无,S0035H313060001,村镇银行,保定金融监管分局
2945,大同市平城区京都村镇银行有限责任公司,"DaTong City PingCheng District JingDu Village Bank CO.,LTD",S0035H314020001,村镇银行,大同金融监管分局
2946,本溪禾丰村镇银行股份有限公司,无,S0035H321050001,村镇银行,本溪金融监管分局
2947,通化东昌榆银村镇银行股份有限公司,"TONGHUA DONGCHANG YuYin Village Bank Co., Ltd",S0035H322050001,村镇银行,通化金融监管分局
2948,扬中恒丰村镇银行股份有限公司,"YANGZHONG HENGFENG RURAL BANK CO.,LTD",S0035H332110001,村镇银行,镇江金融监管分局
2949,浙江景宁银座村镇银行股份有限公司,"Jingning Yinzuo Rural Bank of Zhejiang CO.,LTD.",S0035H333110001,村镇银行,丽水金融监管分局
2950,安徽灵璧本富村镇银行有限责任公司,"Ahhui Lingbi BenFu Town Bank Co.,Ltd.",S0035H334130001,村镇银行,宿州金融监管分局
2951,柘荣刺桐红村镇银行有限公司,"Zherong Red Erythrina Rural Bank CO.,LTD.",S0035H335090001,村镇银行,宁德金融监管分局
2952,万安洪都村镇银行股份有限公司,"WANAN HONGDU COMMUNITY BANK CO.,LTD",S0035H336080001,村镇银行,吉安金融监管分局
2953,烟台福山珠江村镇银行股份有限公司,"Yantai Fushan Zhujiang Rural Bank Co.,Ltd.",S0035H337060001,村镇银行,烟台金融监管分局
2954,许昌新浦村镇银行股份有限公司,无,S0035H341100001,村镇银行,许昌金融监管分局
2955,通城惠民村镇银行有限责任公司,无,S0035H342120001,村镇银行,咸宁金融监管分局
2956,湖南攸县潭农商村镇银行股份有限公司,"Hunan Youxian Tannongshang Rural Bank CO.,Ltd",S0035H343020001,村镇银行,株洲金融监管分局
2957,饶平融和村镇银行股份有限公司,"RAOPING RONGHE Village Bank CO.,LTD.",S0035H344510001,村镇银行,潮州金融监管分局
2958,广西浦北国民村镇银行有限责任公司,"GUANGXI PUBEI GUOMIN COUNTY BANK CO.,LTD",S0035H345070001,村镇银行,钦州金融监管分局
2959,重庆秀山北银村镇银行股份有限公司,"Chongqing Xiushan BOB Rural Bank Co.,Ltd.",S0035H350030001,村镇银行,黔江金融监管分局
2960,遵义红花岗富民村镇银行股份有限公司,无,S0035H352030001,村镇银行,遵义金融监管分局
2961,永寿中银富登村镇银行有限公司,无,S0035H361040001,村镇银行,咸阳金融监管分局
2962,长春净月榆银村镇银行股份有限公司,无,S0036H222010001,村镇银行,吉林金融监管局
2963,济南长清沪农商村镇银行股份有限公司,"JINAN CHANGQING SRCB RURAL BANK CO.,LTD;",S0036H237010001,村镇银行,山东金融监管局
2964,广西上林国民村镇银行有限责任公司,"Guangxi Shanglin Guomin County Bank CO.,Ltd",S0036H245010001,村镇银行,广西金融监管局
2965,安国中成村镇银行股份有限公司,无,S0036H313060001,村镇银行,保定金融监管分局
2966,交口县融都村镇银行有限责任公司,"Jiao Kou County Rong Du Village Bank CO.,LTD",S0036H314110001,村镇银行,吕梁金融监管分局
2967,泰州姜堰锡州村镇银行股份有限公司,"TAIZHOU JIANGYAN XIZHOU COUNTY BANK CO.,LTD",S0036H332120001,村镇银行,泰州金融监管分局
2968,浙江丽水莲都中银富登村镇银行有限责任公司,Zhejiang Lishui Liandu BOC Fullerton Community Bank Ltd,S0036H333110001,村镇银行,丽水金融监管分局
2969,宁国民生村镇银行股份有限公司,无,S0036H334180001,村镇银行,宣城金融监管分局
2970,周宁刺桐红村镇银行有限公司,"Zhouning Red Erythrina Rural Bank CO.,LTD.",S0036H335090001,村镇银行,宁德金融监管分局
2971,新干中银富登村镇银行有限公司,XINGAN BOC FULLERTON COMMUNITY BANK LTD.,S0036H336080001,村镇银行,吉安金融监管分局
2972,林州中原村镇银行股份有限公司,无,S0036H341050001,村镇银行,安阳金融监管分局
2973,湖南南县湘江村镇银行股份有限公司,"Hunan Nanxian Xiangjiang Rural Bank Co.,Ltd.",S0036H343090001,村镇银行,益阳金融监管分局
2974,珠海香洲兴福村镇银行股份有限公司,无,S0036H344040001,村镇银行,珠海金融监管分局
2975,重庆永川北银村镇银行股份有限公司,无,S0036H350060001,村镇银行,永川金融监管分局
2976,惠水恒升村镇银行股份有限公司,无,S0036H352270001,村镇银行,黔南金融监管分局
2977,泸水中成村镇银行股份有限公司,"LushuiZhongchengRuralBank Co.,Ltd",S0036H353330001,村镇银行,怒江金融监管分局
2978,淳化中银富登村镇银行有限公司,无,S0036H361040001,村镇银行,咸阳金融监管分局
2979,太原市尖草坪区信都村镇银行股份有限公司,无,S0037H214010001,村镇银行,山西金融监管局
2980,呼和浩特市如意蒙银村镇银行股份有限公司,"Hohhot RuyiMengYin Rural Bank Co.,Ltd",S0037H215010001,村镇银行,内蒙古金融监管局
2981,济南槐荫沪农商村镇银行股份有限公司,"JINAN HUAIYIN SRCB RURAL BANK CO.,LTD;",S0037H237010001,村镇银行,山东金融监管局
2982,贵阳小河科技村镇银行股份有限公司,无,S0037H252010001,村镇银行,贵州金融监管局
2983,昆明五华长江村镇银行股份有限公司,无,S0037H253010001,村镇银行,云南金融监管局
2984,宣化中成村镇银行股份有限公司,无,S0037H313070001,村镇银行,张家口金融监管分局
2985,调兵山惠民村镇银行股份有限公司,无,S0037H321120001,村镇银行,铁岭金融监管分局
2986,辽源龙山榆银村镇银行股份有限公司,"LIAOYUAN LONGSHAN YUYIN VILLAGE BANK Corp.,Ltd.",S0037H322040001,村镇银行,辽源金融监管分局
2987,浙江永康农银村镇银行有限责任公司,ABC Zhejiang Yongkang Rural Bank Limited Liablity Company,S0037H333070001,村镇银行,金华金融监管分局
2988,池州贵池民生村镇银行股份有限公司,无,S0037H334170001,村镇银行,池州金融监管分局
2989,邵武刺桐红村镇银行股份有限公司,"Shaowu Red Erythrina Rural Bank Co.,Ltd.",S0037H335070001,村镇银行,南平金融监管分局
2990,江西信州江淮村镇银行股份有限公司,"Jiangxi Xinzhou Jianghuai County Bank Co.,Ltd.",S0037H336110001,村镇银行,上饶金融监管分局
2991,襄城中原村镇银行股份有限公司,无,S0037H341100001,村镇银行,许昌金融监管分局
2992,沙洋中银富登村镇银行有限公司,无,S0037H342080001,村镇银行,荆门金融监管分局
2993,湖南洞口潭农商村镇银行股份有限公司,"HuNan Dongkou Tannongshang Rural Bank Co.,Ltd.",S0037H343050001,村镇银行,邵阳金融监管分局
2994,汕头龙湖长江村镇银行股份有限公司,"SHANTOU LONGHU CHANGJIANG RURAL BANK CO.,LTD",S0037H344050001,村镇银行,汕头金融监管分局
2995,苍梧深通村镇银行有限责任公司,"Gangwu Shentong Gountry Bank Co.,Ltd",S0037H345040001,村镇银行,梧州金融监管分局
2996,重庆铜梁浦发村镇银行股份有限公司,Chongqing Tongliang SPD Rural Bank,S0037H350080001,村镇银行,合川金融监管分局
2997,广元市贵商村镇银行股份有限公司,"GUISHANG COUNTY BANK OF GUANG YUAN CITY CO.,LTD.",S0037H351080001,村镇银行,广元金融监管分局
2998,汉中汉台铺镇聚利村镇银行股份有限公司,HANZHONG HANTAI PUZHEN JULI RURAL BANKING CORPORATION LIMITED,S0037H361070001,村镇银行,汉中金融监管分局
2999,南宁兴宁长江村镇银行股份有限公司,无,S0038H245010001,村镇银行,广西金融监管局
3000,四川成都蒲江民富村镇银行有限责任公司,Pujiang County Bank Co.Ltd,S0038H251010001,村镇银行,四川金融监管局
3001,昆明宜良融丰村镇银行股份有限公司,无,S0038H253010001,村镇银行,云南金融监管局
3002,滦州中成村镇银行股份有限公司,"Luanzhou Zhongcheng Rural Bank Co.,Ltd.",S0038H313020001,村镇银行,唐山金融监管分局
3003,五台莱商村镇银行股份有限公司,无,S0038H314090001,村镇银行,忻州金融监管分局
3004,丹东鼎安村镇银行股份有限公司,Dandong Dingan Rural Bank Co.Ltd.,S0038H321060001,村镇银行,丹东金融监管分局
3005,抚松榆银村镇银行股份有限公司,"Fusong YuYin Village Bank CO., LTD.",S0038H322060001,村镇银行,白山金融监管分局
3006,江苏灌南民丰村镇银行有限责任公司,无,S0038H332070001,村镇银行,连云港金融监管分局
3007,浙江桐乡民泰村镇银行股份有限公司,无,S0038H333040001,村镇银行,嘉兴金融监管分局
3008,天长民生村镇银行股份有限公司,TIANCHANG MINSHENG RURAL BANKING CORPORATION LIMITED,S0038H334110001,村镇银行,滁州金融监管分局
3009,霞浦刺桐红村镇银行有限公司,"Xiapu Red Erythrina Rural Bank CO.,LTD.",S0038H335090001,村镇银行,宁德金融监管分局
3010,江西婺源江淮村镇银行股份有限公司,"Jiangxi Wuyuan Jianghuai County Bank Co.,Ltd.",S0038H336110001,村镇银行,上饶金融监管分局
3011,日照沪农商村镇银行股份有限公司,"RIZHAO SRCB RURAL BANK CO.,LTD",S0038H337110001,村镇银行,日照金融监管分局
3012,河南新野中银富登村镇银行有限责任公司,Henan Xinye BOC Fullerton Community Bank Ltd.,S0038H341130001,村镇银行,南阳金融监管分局
3013,南漳中银富登村镇银行有限公司,Nan Zhang BOC Fullerton Community Bank Ltd.,S0038H342060001,村镇银行,襄阳金融监管分局
3014,湖南邵东湘淮村镇银行股份有限公司,"Hunan Shaodong Xianghuai Rural Bank Co.,Ltd.",S0038H343050001,村镇银行,邵阳金融监管分局
3015,潮州潮安长江村镇银行股份有限公司,"CHAOZHOUCHAOAN CHANGJIANG RURAL BANK CO., LTD",S0038H344510001,村镇银行,潮州金融监管分局
3016,关岭恒升村镇银行股份有限公司,无,S0038H352040001,村镇银行,安顺金融监管分局
3017,陕西商南聚利村镇银行股份有限公司,SHAANXI SHANGNAN JULI RURAL BANKING CORPORATION LIMITED,S0038H361100001,村镇银行,商洛金融监管分局
3018,长春经开融丰村镇银行股份有限公司,"CHANGCHUN JINGKAI RONGFENG COUNTRY BANK CO., LTD",S0039H222010001,村镇银行,吉林金融监管局
3019,四川成都龙泉驿稠州村镇银行股份有限公司,"Longquanyi Chouzhou Rural Bank of Chengdu,Sichuan Co., Ltd",S0039H251010001,村镇银行,四川金融监管局
3020,沧州海兴新华村镇银行股份有限公司,无,S0039H313090001,村镇银行,沧州金融监管分局
3021,忻州市忻府区秀都村镇银行有限责任公司,无,S0039H314090001,村镇银行,忻州金融监管分局
3022,丹东鼎元村镇银行股份有限公司,Dandong Dingyuan Rural Bank Co.Ltd.,S0039H321060001,村镇银行,丹东金融监管分局
3023,江苏灌云民丰村镇银行有限责任公司,无,S0039H332070001,村镇银行,连云港金融监管分局
3024,浙江天台民生村镇银行股份有限公司,ZHEJIANG TIANTAI MINSHENG RURAL BANKING CORPORATION LIMITED,S0039H333100001,村镇银行,台州金融监管分局
3025,安徽利辛湖商村镇银行股份有限公司,Anhui Linxin Hushang Rural Bank,S0039H334160001,村镇银行,亳州金融监管分局
3026,福建蕉城刺桐红村镇银行有限公司,"Fujian Jiaocheng Red Erythrina Rural Bank CO.,LTD.",S0039H335090001,村镇银行,宁德金融监管分局
3027,新余渝水湘淮村镇银行股份有限公司,"Xinyu Yushui XianghuaiRural Bank Co.,Ltd",S0039H336050001,村镇银行,新余金融监管分局
3028,山东莒南村镇银行有限公司,"SHANDONG JUNAN RURAL BANK CO.,LTD",S0039H337130001,村镇银行,临沂金融监管分局
3029,孟津民丰村镇银行股份有限公司,"MENGJIN MINFENG COUNTY CO.,LTD.",S0039H341030001,村镇银行,洛阳金融监管分局
3030,湖北红安长江村镇银行股份有限公司,HUBEI HONGAN CHAGNJIANG RURAL BANK,S0039H342110001,村镇银行,黄冈金融监管分局
3031,湖南新化星龙村镇银行股份有限公司,"Hunan Xinhua Xinglong Rural Bank Co.,Ltd.",S0039H343130001,村镇银行,娄底金融监管分局
3032,茂名电白长江村镇银行股份有限公司,MAOMING DIANBAI CHANGJIANG RURAL BANK CORPORATION LIMITED,S0039H344090001,村镇银行,茂名金融监管分局
3033,百色靖西长江村镇银行股份有限公司,"Baise Jingxi Changjiang Rural Bank Co., Ltd.",S0039H345100001,村镇银行,百色金融监管分局
3034,凯里东南村镇银行有限责任公司,无,S0039H352260001,村镇银行,黔东南金融监管分局
3035,丽江玉龙长江村镇银行股份有限公司,"LIJIANG YULONG CHANGJIANG RURAL BANK CO.,LTD.",S0039H353070001,村镇银行,丽江金融监管分局
3036,陕西安塞中银富登村镇银行有限责任公司,Shanxi Ansai BOC Fullerton Community Bank Ltd.,S0039H361060001,村镇银行,延安金融监管分局
3037,南京六合九银村镇银行股份有限公司,"NANJING LUHE JIUYIN COUNTY BANK CO.,LTD",S0040H232010001,村镇银行,江苏金融监管局
3038,浙江淳安中银富登村镇银行有限责任公司,无,S0040H233010001,村镇银行,浙江金融监管局
3039,福建罗源汇融村镇银行股份有限公司,"FUJIAN LUOYUAN HUIRONG COUNTY BANK CO.,LTD.",S0040H235010001,村镇银行,福建金融监管局
3040,崇州上银村镇银行股份有限公司,Chongzhou Shangyin Town and Village Bank Co.Ltd.,S0040H251010001,村镇银行,四川金融监管局
3041,沧州盐山新华村镇银行股份有限公司,无,S0040H313090001,村镇银行,沧州金融监管分局
3042,文水县润都村镇银行有限责任公司,"WenShui County RunDu Village Bank CO.,LTD",S0040H314110001,村镇银行,吕梁金融监管分局
3043,通化二道江瑞丰村镇银行股份有限公司,"TONGHUA ERDAOJIANG RUIFENG COUNTRY BANK CO., LTD",S0040H322050001,村镇银行,通化金融监管分局
3044,安徽蒙城湖商村镇银行股份有限公司,Anhui Mengcheng Hushang Rural Bank,S0040H334160001,村镇银行,亳州金融监管分局
3045,乐安洪都村镇银行股份有限公司,"Lean Hongdu Rural Bank Co.,Ltd.",S0040H336100001,村镇银行,抚州金融监管分局
3046,宁阳沪农商村镇银行股份有限公司,"NINGYANG SRCB RURAL BANK CO.,LTD",S0040H337090001,村镇银行,泰安金融监管分局
3047,鄢陵郑银村镇银行股份有限公司,无,S0040H341100001,村镇银行,许昌金融监管分局
3048,湖北英山长江村镇银行股份有限公司,HUBEI YINGSHAN CHANGJIANG RURAL BANK CORPORATION LIMITED,S0040H342110001,村镇银行,黄冈金融监管分局
3049,湖南衡山潭农商村镇银行股份有限公司,"Hunan HengShan Tannongshang Rural Bank Co.,Ltd",S0040H343040001,村镇银行,衡阳金融监管分局
3050,惠州博罗长江村镇银行股份有限公司,"Huizhou Boluo Changjiang Rural Bank Co.,Ltd.",S0040H344130001,村镇银行,惠州金融监管分局
3051,崇左大新长江村镇银行股份有限公司,无,S0040H345140001,村镇银行,崇左金融监管分局
3052,贵定恒升村镇银行股份有限公司,无,S0040H352270001,村镇银行,黔南金融监管分局
3053,丽江永胜长江村镇银行股份有限公司,"LIJIANG YONGSHENG CHANGJIANG RURAL BANK CO.,LTD.",S0040H353070001,村镇银行,丽江金融监管分局
3054,陕西柞水聚利村镇银行股份有限公司,SHAANXI ZHASHUI JULI RURAL BANKING CORPORATION LIMITED,S0040H361100001,村镇银行,商洛金融监管分局
3055,南京浦口靖发村镇银行股份有限公司,"NANJING PUKOU JINGFA COUNTY BANK CO., LTD",S0041H232010001,村镇银行,江苏金融监管局
3056,开阳富民村镇银行股份有限公司,无,S0041H252010001,村镇银行,贵州金融监管局
3057,滦南中成村镇银行股份有限公司,"LuanNan Zhongcheng Rural Bank Co.,Ltd.",S0041H313020001,村镇银行,唐山金融监管分局
3058,岚县慧融村镇银行股份有限公司,"Lanxian HuiRong County Bank Co.,Ltd",S0041H314110001,村镇银行,吕梁金融监管分局
3059,五原蒙银村镇银行股份有限公司,"WU YUAN MENG YIN RURAL BANK Co.,Ltd",S0041H315080001,村镇银行,巴彦淖尔金融监管分局
3060,靖宇乾丰村镇银行股份有限公司,"JINGYU QIANFENG COUNTRY BANK CO., LTD",S0041H322060001,村镇银行,白山金融监管分局
3061,浙江义乌联合村镇银行股份有限公司,"Zhejiang Yiwu United Rural Bank CO.,Ltd.",S0041H333070001,村镇银行,金华金融监管分局
3062,颍上中银富登村镇银行有限公司,Yingshang BOC Fullerton Community Bank Ltd.,S0041H334120001,村镇银行,阜阳金融监管分局
3063,鄱阳恒通村镇银行股份有限公司,"Poyang Hengtong Rural Bank CO.,LTD.",S0041H336110001,村镇银行,上饶金融监管分局
3064,东平沪农商村镇银行股份有限公司,"DONGPING SRCB RURAL BANK CO.,LTD",S0041H337090001,村镇银行,泰安金融监管分局
3065,孟州射阳村镇银行股份有限公司,无,S0041H341080001,村镇银行,焦作金融监管分局
3066,湖南芷江湘江村镇银行股份有限公司,无,S0041H343120001,村镇银行,怀化金融监管分局
3067,东莞虎门长江村镇银行股份有限公司,"DONGGUAN HUMEN CHANGJIANG RURAL BANK CO.,LTD.",S0041H344190001,村镇银行,东莞金融监管分局
3068,来宾象州长江村镇银行股份有限公司,Laibin Xiangzhou Changjiang Rural Bank Co.，Ltd.,S0041H345130001,村镇银行,来宾金融监管分局
3069,岳池中银富登村镇银行有限公司,YUECHI BOC FULLERTON COMMUNITY BANK LTD.,S0041H351160001,村镇银行,广安金融监管分局
3070,曲靖会泽长江村镇银行股份有限公司,"QUJING HUIZE CHANGJIANG RURAL BANK Co.,LTD.",S0041H353030001,村镇银行,曲靖金融监管分局
3071,陕西旬阳泰隆村镇银行股份有限公司,"SHAANXI XUNYANG TAILONG RURAL BANK CO.,LTD",S0041H361090001,村镇银行,安康金融监管分局
3072,南宁隆安长江村镇银行股份有限公司,无,S0042H245010001,村镇银行,广西金融监管局
3073,安平惠民村镇银行股份有限公司,"Anping Huimin Village Bank Co., Ltd.",S0042H313110001,村镇银行,衡水金融监管分局
3074,繁峙县新田村镇银行股份有限公司,无,S0042H314090001,村镇银行,忻州金融监管分局
3075,东辽农商村镇银行股份有限公司,DONGLIAO RURAL COMMERCIAL COUNTY BANK CO.LTD,S0042H322040001,村镇银行,辽源金融监管分局
3076,江苏惠山民泰村镇银行股份有限公司,"Huishan Mintai Rural Bank of Jiangsu CO.,LTD.",S0042H332020001,村镇银行,无锡金融监管分局
3077,浙江德清湖商村镇银行股份有限公司,Deqing Hushang Rural Bank,S0042H333050001,村镇银行,湖州金融监管分局
3078,界首中银富登村镇银行有限公司,Jieshou BOC Fullerton Community Bank Ltd.,S0042H334120001,村镇银行,阜阳金融监管分局
3079,福建南安汇通村镇银行股份有限公司,"Fujian Nanan Huitong County Bank Co.,Ltd.",S0042H335050001,村镇银行,泉州金融监管分局
3080,九江恒通村镇银行股份有限公司,"JiuJiang HengTong Rural Bank CO.,Ltd.",S0042H336040001,村镇银行,九江金融监管分局
3081,临清沪农商村镇银行股份有限公司,"LINQING SRCB RURAL BANK CO.,LTD",S0042H337150001,村镇银行,聊城金融监管分局
3082,安阳珠江村镇银行股份有限公司,无,S0042H341050001,村镇银行,安阳金融监管分局
3083,湖南岳阳湘江村镇银行股份有限公司,"Hunan Yueyang Xiangjiang Rural Bank Co.,Ltd.",S0042H343060001,村镇银行,岳阳金融监管分局
3084,惠东惠民村镇银行股份有限公司,"Huidong Huimin Village Bank Co., Ltd.",S0042H344130001,村镇银行,惠州金融监管分局
3085,福泉富民村镇银行股份有限公司,无,S0042H352270001,村镇银行,黔南金融监管分局
3086,曲靖宣威长江村镇银行股份有限公司,"QUJING XUANWEI CHANGJIANG RURAL BANK CO.,LTD.",S0042H353030001,村镇银行,曲靖金融监管分局
3087,陕西眉县泰隆村镇银行股份有限公司,SHANNXI MEIXIAN TAILONG RURAL BANK.,S0042H361030001,村镇银行,宝鸡金融监管分局
3088,江苏溧水民丰村镇银行有限责任公司,"JIANGSU LISHUI MINFENG RURAL BANK CO.,LTD",S0043H232010001,村镇银行,江苏金融监管局
3089,南宁马山长江村镇银行股份有限公司,无,S0043H245010001,村镇银行,广西金融监管局
3090,修文江海村镇银行股份有限公司,无,S0043H252010001,村镇银行,贵州金融监管局
3091,新绛县新田村镇银行股份有限公司,无,S0043H314080001,村镇银行,运城金融监管分局
3092,通榆农商村镇银行股份有限公司,"TONGYU RURAL COMMERCIAL COUNTY BANK CO., LTD.",S0043H322080001,村镇银行,白城金融监管分局
3093,浙江遂昌富民村镇银行股份有限公司,Zhejiang Suichang Fumin Rural Bank Co.Ltd.,S0043H333110001,村镇银行,丽水金融监管分局
3094,安徽寿县联合村镇银行股份有限公司,"Anhui Shouxian United Rural Bank Co.,Ltd",S0043H334040001,村镇银行,淮南金融监管分局
3095,东山润鑫村镇银行股份有限公司,"DongShan RunXin Village Bank Co.,Ltd.",S0043H335060001,村镇银行,漳州金融监管分局
3096,瑞昌九银村镇银行股份有限公司,"RUICAHGN JIUYIN COUNTY BANK CO.,Ltd.",S0043H336040001,村镇银行,九江金融监管分局
3097,聊城沪农商村镇银行股份有限公司,"LIAOCHENG SRCB RURAL BANK CO.,LTD",S0043H337150001,村镇银行,聊城金融监管分局
3098,遂平中原村镇银行股份有限公司,无,S0043H341170001,村镇银行,驻马店金融监管分局
3099,湖南桃源湘淮村镇银行股份有限公司,"Hunan Taoyuan Xianghuai Rural Bank Co.,Ltd.,",S0043H343070001,村镇银行,常德金融监管分局
3100,东莞黄江珠江村镇银行股份有限公司,"Dongguan Huangjiang Zhujiang Rural Bank Co.,Ltd.",S0043H344190001,村镇银行,东莞金融监管分局
3101,西双版纳勐海长江村镇银行股份有限公司,无,S0043H353280001,村镇银行,西双版纳金融监管分局
3102,陕西泾阳泰隆村镇银行股份有限公司,SHANNXI JINGYANG TAILONG RURAL BANK.,S0043H361040001,村镇银行,咸阳金融监管分局
3103,江苏高淳武家嘴中银富登村镇银行有限责任公司,Jiangsu Gaochun Wujiazui BOC Fullerton Community Bank Ltd.,S0044H232010001,村镇银行,江苏金融监管局
3104,昆明晋宁融丰村镇银行股份有限公司,无,S0044H253010001,村镇银行,云南金融监管局
3105,临猗县新田村镇银行股份有限公司,无,S0044H314080001,村镇银行,运城金融监管分局
3106,化德蒙商村镇银行有限责任公司,无,S0044H315090001,村镇银行,乌兰察布金融监管分局
3107,兴城长兴村镇银行股份有限公司,无,S0044H321140001,村镇银行,葫芦岛金融监管分局
3108,安图农商村镇银行股份有限公司,无,S0044H322240001,村镇银行,延边金融监管分局
3109,浙江松阳恒通村镇银行股份有限公司,"ZheJiang SongYang HengTong Rural Bank CO.,LTD.",S0044H333110001,村镇银行,丽水金融监管分局
3110,安徽霍山联合村镇银行股份有限公司,"Anhui Huoshan United Rural Bank Co.,Ltd.",S0044H334150001,村镇银行,六安金融监管分局
3111,云霄润发村镇银行股份有限公司,"Yunxiao Runfa Village Bank Co.,Ltd.",S0044H335060001,村镇银行,漳州金融监管分局
3112,彭泽九银村镇银行股份有限公司,"PENGZE JIUYIN COUNTY BANK CO.,LTD.",S0044H336040001,村镇银行,九江金融监管分局
3113,茌平沪农商村镇银行股份有限公司,"CHIPING SRCB RURAL BANK CO.,LTD",S0044H337150001,村镇银行,聊城金融监管分局
3114,濮阳中原村镇银行股份有限公司,"Puyang Zhongyuan County Bank Co.,Ltd.",S0044H341090001,村镇银行,濮阳金融监管分局
3115,湖南津市湘淮村镇银行股份有限公司,"Hunan Jinshi Xianghuai Rural Bank Co.,Ltd.,",S0044H343070001,村镇银行,常德金融监管分局
3116,雷州惠民村镇银行股份有限公司,"LeiZhou HuiMin VILLAGE BANK CO.,LTD。",S0044H344080001,村镇银行,湛江金融监管分局
3117,南充嘉陵中成村镇银行股份有限公司,无,S0044H351130001,村镇银行,南充金融监管分局
3118,习水中银富登村镇银行有限公司,无,S0044H352030001,村镇银行,遵义金融监管分局
3119,浙江萧山湖商村镇银行股份有限公司,无,S0045H233010001,村镇银行,浙江金融监管局
3120,曲沃县新田村镇银行股份有限公司,"QuWo XinTian Village Bank Co.,LTD",S0045H314100001,村镇银行,临汾金融监管分局
3121,长白榆银村镇银行股份有限公司,"ChangBai YuYin Village Bank Co., Ltd",S0045H322060001,村镇银行,白山金融监管分局
3122,江苏武进中银富登村镇银行有限责任公司,Jiangsu Wujin BOC Fullerton Community Bank Ltd.,S0045H332040001,村镇银行,常州金融监管分局
3123,安徽霍邱联合村镇银行股份有限公司,"Anhui Huoqiu United Rural Bank Co.,Ltd.",S0045H334150001,村镇银行,六安金融监管分局
3124,平和润丰村镇银行股份有限公司,"Pinghe Runfeng Village Bank Co.,Ltd.",S0045H335060001,村镇银行,漳州金融监管分局
3125,永新庐陵村镇银行股份有限公司,"Yongxin Luling Rural Bank Co.,Ltd",S0045H336080001,村镇银行,吉安金融监管分局
3126,阳谷沪农商村镇银行股份有限公司,"YANGGU SRCB RURAL BANK CO.,LTD",S0045H337150001,村镇银行,聊城金融监管分局
3127,信阳珠江村镇银行股份有限公司,无,S0045H341150001,村镇银行,信阳金融监管分局
3128,湖南邵阳湘江村镇银行股份有限公司,"Hunan Shaoyang Xiangjiang Rural Bank Co.,Ltd.",S0045H343050001,村镇银行,邵阳金融监管分局
3129,汕头潮阳融和村镇银行股份有限公司,"SHANTOU CHAOYANG RONGHE VILLAGE BANK CO.,LTD.",S0045H344050001,村镇银行,汕头金融监管分局
3130,武胜中银富登村镇银行有限公司,WUSHENG BOC FULLERTON COMMUNITY BANK LTD,S0045H351160001,村镇银行,广安金融监管分局
3131,赤水中银富登村镇银行有限公司,无,S0045H352030001,村镇银行,遵义金融监管分局
3132,西双版纳勐腊长江村镇银行股份有限公司,无,S0045H353280001,村镇银行,西双版纳金融监管分局
3133,福建闽清瑞狮村镇银行股份有限公司,FUJIAN MINQING RUISHI RURAL BANK CO.， LTD.,S0046H235010001,村镇银行,福建金融监管局
3134,保德县慧融村镇银行股份有限公司,无,S0046H314090001,村镇银行,忻州金融监管分局
3135,辽宁岫岩金玉村镇银行股份有限公司,"Liaoning Xiuyan Jinyu Rural Bank Co.,Ltd.",S0046H321030001,村镇银行,鞍山金融监管分局
3136,白城洮北惠民村镇银行股份有限公司,"BAI CHENG TAO BEI HUIMIN VILLAGE BANK CO., LTD",S0046H322080001,村镇银行,白城金融监管分局
3137,江苏东台稠州村镇银行股份有限公司,"JIANGSU DONGTAI CHOUZHOU RURAL BANK CO.,LTD",S0046H332090001,村镇银行,盐城金融监管分局
3138,安徽岳西湖商村镇银行股份有限公司,Anhui Yuexi Hushang Rural Bank,S0046H334080001,村镇银行,安庆金融监管分局
3139,青原庐陵村镇银行股份有限公司,"Qingyuan Luling Rural Bank Co.,Ltd",S0046H336080001,村镇银行,吉安金融监管分局
3140,山东梁山民丰村镇银行有限责任公司,"SHANDONG LIANGSHAN MINFENG COUNTY BANK CO.,LTD",S0046H337080001,村镇银行,济宁金融监管分局
3141,伊川齐鲁村镇银行有限责任公司,"Yichuan Qilu County Bank Co.,Ltd.",S0046H341030001,村镇银行,洛阳金融监管分局
3142,湖南隆回湘江村镇银行股份有限公司,"Hunan Longhui Xiangjiang Rural Bank Co.,Ltd.",S0046H343050001,村镇银行,邵阳金融监管分局
3143,茂名高州长江村镇银行股份有限公司,MAOMING GAOZHOU CHANGJIANG RURAL BANK CORPORATION LIMITED,S0046H344090001,村镇银行,茂名金融监管分局
3144,雅安雨城惠民村镇银行有限责任公司,无,S0046H351180001,村镇银行,雅安金融监管分局
3145,桐梓中银富登村镇银行有限公司,无,S0046H352030001,村镇银行,遵义金融监管分局
3146,文山砚山长江村镇银行股份有限公司,"WENSHAN YANSHAN CHANGJIANG RURAL BANK CO.,LTD.",S0046H353260001,村镇银行,文山金融监管分局
3147,娄烦县三禾村镇银行有限责任公司,无,S0047H214010001,村镇银行,山西金融监管局
3148,长春宽城融汇村镇银行股份有限公司,无,S0047H222010001,村镇银行,吉林金融监管局
3149,大厂回族自治县新华村镇银行股份有限公司,无,S0047H313100001,村镇银行,廊坊金融监管分局
3150,抚顺新宾抚银村镇银行股份有限公司,无,S0047H321040001,村镇银行,抚顺金融监管分局
3151,浙江诸暨联合村镇银行股份有限公司,无,S0047H333060001,村镇银行,绍兴金融监管分局
3152,安徽金寨江淮村镇银行股份有限公司,"Anhui Jinzhai JiangHuai Village Bank Co., Ltd.",S0047H334150001,村镇银行,六安金融监管分局
3153,福建石狮渝农商村镇银行有限责任公司,"FUJIAN SHISHI CQRC County Bank CO.,Ltd.",S0047H335050001,村镇银行,泉州金融监管分局
3154,吉水庐陵村镇银行股份有限公司,"Jishui Luling Rural Bank Co.,Ltd",S0047H336080001,村镇银行,吉安金融监管分局
3155,山东邹平青隆村镇银行股份有限公司,"SHANDONG ZOUPING QINGLONG VILLAGE BANK CO., LTD",S0047H337160001,村镇银行,滨州金融监管分局
3156,郧县楚农商村镇银行股份有限公司,YUNXIAN CRCB RURAL BANK,S0047H342030001,村镇银行,十堰金融监管分局
3157,湖南新宁潭农商村镇银行股份有限公司,"Hunan Xinning Tannongshang Rural Bank Co.,Ltd.",S0047H343050001,村镇银行,邵阳金融监管分局
3158,阳江阳春长江村镇银行股份有限公司,YANGJIANG YANGCHUN CHANGJIANG RURAL BANK CO.LTD,S0047H344170001,村镇银行,阳江金融监管分局
3159,邻水中银富登村镇银行有限公司,LINSHUI BOC FULLERTON COMMUNITY BANK LTD.,S0047H351160001,村镇银行,广安金融监管分局
3160,湄潭中银富登村镇银行有限公司,无,S0047H352030001,村镇银行,遵义金融监管分局
3161,文山丘北长江村镇银行股份有限公司,"WENSHAN QIUBEI CHANGJIANG RURAL BANK CO.,LTD.",S0047H353260001,村镇银行,文山金融监管分局
3162,贵安新区发展村镇银行股份有限公司,无,S0048H252010001,村镇银行,贵州金融监管局
3163,长治市屯留区三禾村镇银行有限责任公司,"Changzhi Tunliu District Sanhe Rural Bank CO.,LTD",S0048H314040001,村镇银行,长治金融监管分局
3164,包头市昆都仑蒙银村镇银行股份有限公司,The Mengyin Rural Bank in KunDulun of Baotou,S0048H315020001,村镇银行,包头金融监管分局
3165,吉林昌邑榆银村镇银行股份有限公司,"JILIN CHANGYI YUYIN VILLAGE BANK CO.,LTD",S0048H322020001,村镇银行,吉林金融监管分局
3166,江苏洪泽金阳光村镇银行股份有限公司,"JIANGSU HONGZE GOLDEN SUNSHINE COUNTY BANK CO.,LTD",S0048H332080001,村镇银行,淮安金融监管分局
3167,浙江柯桥联合村镇银行股份有限公司,无,S0048H333060001,村镇银行,绍兴金融监管分局
3168,金寨徽银村镇银行有限责任公司,"Jinzhai Huiyin Rural Bank Co,Ltd.",S0048H334150001,村镇银行,六安金融监管分局
3169,福建永春漳农商村镇银行股份有限公司,"Fujian Yongchun Zhangnongshang County Bank Co.,Ltd.",S0048H335050001,村镇银行,泉州金融监管分局
3170,峡江洪都村镇银行股份有限公司,"Xiajiang Hongdu Rural Bank Co.,Ltd",S0048H336080001,村镇银行,吉安金融监管分局
3171,泰安沪农商村镇银行股份有限公司,"TAIAN SRCB RURAL BANK CO. , LTD",S0048H337090001,村镇银行,泰安金融监管分局
3172,渑池齐鲁村镇银行有限责任公司,"Mianchi Qilu County Bank Co., Ltd.",S0048H341120001,村镇银行,三门峡金融监管分局
3173,宜昌兴福村镇银行股份有限公司,"YICHANG XINGFU COUNTY BANK Co.,Ltd.",S0048H342050001,村镇银行,宜昌金融监管分局
3174,湖南新邵湘淮村镇银行股份有限公司,"Hunan Xinshao Xianghuai Rural Bank Co.,Ltd.",S0048H343050001,村镇银行,邵阳金融监管分局
3175,湛江廉江长江村镇银行股份有限公司,"ZHANJIANG LIANJIANG CHANGJIANG RURAL BANK CO.,LTD",S0048H344080001,村镇银行,湛江金融监管分局
3176,达州达川中银富登村镇银行有限公司,无,S0048H351170001,村镇银行,达州金融监管分局
3177,文山马关长江村镇银行股份有限公司,"WENSHAN MAGUAN CHANGJIANG RURAL BANK CO.,LTD.",S0048H353260001,村镇银行,文山金融监管分局
3178,呼和浩特市玉泉蒙银村镇银行股份有限公司,"Hohhot City Yu Quan Meng Yin Rural Bank Co.,Ltd",S0049H215010001,村镇银行,内蒙古金融监管局
3179,沈阳康平抚银村镇银行股份有限公司,无,S0049H221010001,村镇银行,辽宁金融监管局
3180,阳城县三禾村镇银行有限责任公司,"Yangcheng County Sanhe Rural Bank CO.,LTD",S0049H314050001,村镇银行,晋城金融监管分局
3181,临江蛟银村镇银行股份有限公司,"LINJIANG JIAOYIN VILLAGE BANK CO., LTD",S0049H322060001,村镇银行,白山金融监管分局
3182,江苏邳州陇海村镇银行股份有限公司,JIANGSU PIZHOU LONGHAI COUNTY BANK CO.，LTD,S0049H332030001,村镇银行,徐州金融监管分局
3183,浙江云和联合村镇银行股份有限公司,"Zhejiang Yunhe United Rural Bank CO.,Ltd.",S0049H333110001,村镇银行,丽水金融监管分局
3184,太和中银富登村镇银行有限公司,Taihe BOC Fullerton Community Bank Ltd.,S0049H334120001,村镇银行,阜阳金融监管分局
3185,遂川洪都村镇银行股份有限公司,"Suichuan Hongdu Rural Bank Co.,Ltd",S0049H336080001,村镇银行,吉安金融监管分局
3186,济宁儒商村镇银行股份有限公司,"JINING RUSHANG RURAL BANK CO., LTD.;",S0049H337080001,村镇银行,济宁金融监管分局
3187,尉氏合益村镇银行股份有限公司,无,S0049H341020001,村镇银行,开封金融监管分局
3188,安陆楚农商村镇银行股份有限公司,ANLU CRCB RURAL BANK,S0049H342090001,村镇银行,孝感金融监管分局
3189,湖南江华新阳村镇银行股份有限公司,"Hunan Jianghua Xinyang Rural Co.,Ltd.",S0049H343110001,村镇银行,永州金融监管分局
3190,江门开平长江村镇银行股份有限公司,JIANGMEN KAIPING CHANGJIANG RURAL BANK CORPORATION LIMITED,S0049H344070001,村镇银行,江门金融监管分局
3191,平昌农科村镇银行有限责任公司,"PINGCHANG NONGKE RURAL BANK CO.,LTD.",S0049H351190001,村镇银行,巴中金融监管分局
3192,务川中银富登村镇银行有限公司,无,S0049H352030001,村镇银行,遵义金融监管分局
3193,文山广南长江村镇银行股份有限公司,"WENSHAN GUANGNAN CHANGJIANG RURAL BANK CO.,LTD.",S0049H353260001,村镇银行,文山金融监管分局
3194,沈阳于洪永安村镇银行股份有限公司,无,S0050H221010001,村镇银行,辽宁金融监管局
3195,云南西山渝农商村镇银行有限责任公司,无,S0050H253010001,村镇银行,云南金融监管局
3196,永济市三禾村镇银行有限责任公司,无,S0050H314080001,村镇银行,运城金融监管分局
3197,长岭蛟银村镇银行股份有限公司,"CHANGLING JIAOYIN VILLAGE BANK CO.,LTD",S0050H322070001,村镇银行,松原金融监管分局
3198,江苏金湖民泰村镇银行股份有限公司,"JIANGSU JINHU MINTAI RURAL BANK CO.,LTD",S0050H332080001,村镇银行,淮安金融监管分局
3199,浙江洞头富民村镇银行股份有限公司,"Zhejiang Dongtou Fumin Rural Bank Co.,Ltd.",S0050H333030001,村镇银行,温州金融监管分局
3200,阜南中银富登村镇银行有限公司,Funan BOC Fullerton Community Bank Ltd.,S0050H334120001,村镇银行,阜阳金融监管分局
3201,福建德化成功村镇银行股份有限公司,"Fujian Dehua success county bank co.,Ltd.",S0050H335050001,村镇银行,泉州金融监管分局
3202,永丰洪都村镇银行股份有限公司,"Yongfeng Hongdu Rural Bank Co.,Ltd",S0050H336080001,村镇银行,吉安金融监管分局
3203,山东文登中银富登村镇银行有限责任公司,Shandong Wendeng BOC Fullerton Community Bank Ltd.,S0050H337100001,村镇银行,威海金融监管分局
3204,汝州玉川村镇银行股份有限公司,RuZhou Yuchuan County Bank Company Limited,S0050H341040001,村镇银行,平顶山金融监管分局
3205,黄梅中银富登村镇银行有限公司,Huangmei BOC Fullerton Community Bank Ltd.,S0050H342110001,村镇银行,黄冈金融监管分局
3206,湖南汉寿星龙村镇银行股份有限公司,"Hunan Hanshou Xinglong Rural Bank Co.,Ltd.",S0050H343070001,村镇银行,常德金融监管分局
3207,广东四会泰隆村镇银行有限责任公司,"GUANGDONG SIHUI TAILONG RURAL BANK CO.,LTD.",S0050H344120001,村镇银行,肇庆金融监管分局
3208,南江农科村镇银行有限责任公司,"NANJIANG NONGKE RURAL BANK CO.,LTD.",S0050H351190001,村镇银行,巴中金融监管分局
3209,正安中银富登村镇银行有限公司,无,S0050H352030001,村镇银行,遵义金融监管分局
3210,临汾市尧都区惠都村镇银行有限责任公司,"LinFen City YaoDu District HuiDu Village Bank CO.,LTD",S0051H314100001,村镇银行,临汾金融监管分局
3211,鄂尔多斯市铁西蒙银村镇银行股份有限公司,无,S0051H315060001,村镇银行,鄂尔多斯金融监管分局
3212,建昌恒昌村镇银行股份有限公司,无,S0051H321140001,村镇银行,葫芦岛金融监管分局
3213,江苏涟水太商村镇银行股份有限公司,"JIANGSU LIANSHUI TAISHANG COUNTY BANK CO.,LTD",S0051H332080001,村镇银行,淮安金融监管分局
3214,浙江东阳富民村镇银行股份有限公司,Zhejiang Dongyang Fumin Rural Bank Co.Ltd,S0051H333070001,村镇银行,金华金融监管分局
3215,安徽太湖江淮村镇银行股份有限公司,"Anhui taihu JiangHuai Village Bank Co.,Ltd.",S0051H334080001,村镇银行,安庆金融监管分局
3216,福建泉州台商投资区晋农商村镇银行股份有限公司,"Fujian Quanzhou Taiwanese investment zones JJRC County Bank CO.,LTD",S0051H335050001,村镇银行,泉州金融监管分局
3217,永修浔银村镇银行股份有限公司,"YongXiu XunYin Rural Bank CO.,Ltd.",S0051H336040001,村镇银行,九江金融监管分局
3218,卫辉富民村镇银行股份有限公司,Weihui Fumin Rural Bank Co.Ltd.,S0051H341070001,村镇银行,新乡金融监管分局
3219,武穴中银富登村镇银行有限公司,Wuxue BOC Fullerton Community Bank Ltd,S0051H342110001,村镇银行,黄冈金融监管分局
3220,湖南溆浦湘江村镇银行股份有限公司,"Hunan XuPu XiangJiang Rural Bank Co.,Ltd.",S0051H343120001,村镇银行,怀化金融监管分局
3221,广东英德泰隆村镇银行有限责任公司,"GUANGDONG YINGDE TAILONG RURAL BANK CO., LTD.",S0051H344180001,村镇银行,清远金融监管分局
3222,中江融兴村镇银行有限责任公司,Zhong jiang Rongxing Village Bank Co， Ltd.,S0051H351060001,村镇银行,德阳金融监管分局
3223,凤冈中银富登村镇银行有限公司,无,S0051H352030001,村镇银行,遵义金融监管分局
3224,德宏芒市长江村镇银行股份有限公司,"DEHONG MANGSHI CHANGJIANG RURAL BANK CO.,LTD.",S0051H353310001,村镇银行,德宏金融监管分局
3225,应县金都村镇银行有限责任公司,无,S0052H314060001,村镇银行,朔州金融监管分局
3226,铁岭农商村镇银行股份有限公司,无,S0052H321120001,村镇银行,铁岭金融监管分局
3227,四平辽河蛟银村镇银行股份有限公司,"SIPINGLIAOHEJIAOYIN VILLAGE BANK CO.,LTD",S0052H322030001,村镇银行,四平金融监管分局
3228,江苏赣榆兴福村镇银行股份有限公司,JIANGSU GANYU XINGFU COUNTY BANK CO.， LTD,S0052H332070001,村镇银行,连云港金融监管分局
3229,浙江台州黄岩恒升村镇银行股份有限公司,"Zhejiang Taizhou Huangyan Hengsheng Rural Bank Co.,Ltd.",S0052H333100001,村镇银行,台州金融监管分局
3230,安徽濉溪湖商村镇银行股份有限公司,Anhui Suixi Hushang Rural Bank,S0052H334060001,村镇银行,淮北金融监管分局
3231,九江庐山浔银村镇银行股份有限公司,JiuJiang LuShan XunYin Rural Bank CO.LTD.,S0052H336040001,村镇银行,九江金融监管分局
3232,山东博兴新华村镇银行股份有限公司,"SHANDONG BOXING XINHUA VILLAGE AND TOWNSHIP BANK CO.,LTD.",S0052H337160001,村镇银行,滨州金融监管分局
3233,范县德商村镇银行股份有限公司,"FanXian DeShang County Bank Co.,Ltd.",S0052H341090001,村镇银行,濮阳金融监管分局
3234,罗田楚农商村镇银行股份有限公司,LUOTIAN CRCB RURAL BANK,S0052H342110001,村镇银行,黄冈金融监管分局
3235,湖南宁远潭农商村镇银行股份有限公司,"Hunan Ningyuan Tannongshang Rural Bank Co.,Ltd.",S0052H343110001,村镇银行,永州金融监管分局
3236,阆中融兴村镇银行有限责任公司,"Langzhong Rongxing Village Bank Co,Ltd.",S0052H351130001,村镇银行,南充金融监管分局
3237,余庆中银富登村镇银行有限公司,无,S0052H352030001,村镇银行,遵义金融监管分局
3238,易门兴福村镇银行股份有限公司,"Yimen Xingfu Rural Bank Co.,Ltd.",S0052H353040001,村镇银行,玉溪金融监管分局
3239,浙江富阳恒通村镇银行股份有限公司,无,S0053H233010001,村镇银行,浙江金融监管局
3240,成都青白江融兴村镇银行有限责任公司,Chengdu Qingbaijiang Rongxing Village Bank Co.Ltd,S0053H251010001,村镇银行,四川金融监管局
3241,遵化融和村镇银行股份有限公司,"Zunhua Ronghe Village Bank Co.,Ltd.",S0053H313020001,村镇银行,唐山金融监管分局
3242,和顺县贵都村镇银行有限责任公司,无,S0053H314070001,村镇银行,晋中金融监管分局
3243,丹东福汇村镇银行股份有限公司,"Dandong Fuhui Rural Bank Co.,Ltd.",S0053H321060001,村镇银行,丹东金融监管分局
3244,洮南惠民村镇银行股份有限公司,"TAO NAN HUIMIN VILLAGE BANK CO., LTD.",S0053H322080001,村镇银行,白城金融监管分局
3245,江苏锡山中银富登村镇银行有限责任公司,Jiangsu Xishan BOC Fullerton Community Bank Ltd.,S0053H332020001,村镇银行,无锡金融监管分局
3246,安徽涡阳湖商村镇银行股份有限公司,Anhui Guoyang Hushang Rural Bank,S0053H334160001,村镇银行,亳州金融监管分局
3247,福建政和泰隆村镇银行有限责任公司,"FUJIAN ZHENGHE TAILONG RURAL BANK CO.,LTD.",S0053H335070001,村镇银行,南平金融监管分局
3248,资溪九银村镇银行股份有限公司,"ZIXI JIUYIN COUNTY BANK CO.,LTD.",S0053H336100001,村镇银行,抚州金融监管分局
3249,曲阜中银富登村镇银行有限公司,QUFU BOC FULLERTON COMMUNITY BANK,S0053H337080001,村镇银行,济宁金融监管分局
3250,民权德商村镇银行股份有限公司,"MinQuan DeShang County Bank Co.,Ltd.",S0053H341140001,村镇银行,商丘金融监管分局
3251,崇阳楚农商村镇银行股份有限公司,无,S0053H342120001,村镇银行,咸宁金融监管分局
3252,湖南东安星龙村镇银行股份有限公司,"Hunan Dongan Xinglong Rural Bank Co.,Ltd.",S0053H343110001,村镇银行,永州金融监管分局
3253,道真中银富登村镇银行有限公司,无,S0053H352030001,村镇银行,遵义金融监管分局
3254,江川兴福村镇银行股份有限公司,"JIANGCHUAN XINGFU COUNTY BANK Co.,Ltd.",S0053H353040001,村镇银行,玉溪金融监管分局
3255,福建福清泰隆村镇银行有限责任公司,"FUJIAN FUQING TAILONG RURAL BANK CO., LTD.",S0054H235010001,村镇银行,福建金融监管局
3256,昆明盘龙兴福村镇银行股份有限公司,无,S0054H253010001,村镇银行,云南金融监管局
3257,唐山市丰南舜丰村镇银行股份有限公司,"Tangshan Fengnan Shunfeng Village Bank Co.,Ltd.",S0054H313020001,村镇银行,唐山金融监管分局
3258,阳高县兴都村镇银行有限责任公司,"YangGao County XingDu Village Bank CO.,Ltd",S0054H314020001,村镇银行,大同金融监管分局
3259,鄂尔多斯市罕台村镇银行股份有限公司,无,S0054H315060001,村镇银行,鄂尔多斯金融监管分局
3260,扶余惠民村镇银行股份有限公司,"FU YU HUIMIN VILLAGE BANK CO.,LTD",S0054H322070001,村镇银行,松原金融监管分局
3261,江苏新沂汉源村镇银行股份有限公司,JIANGSU XINYI HANYUAN COUNTY BANK CO.， LTD,S0054H332030001,村镇银行,徐州金融监管分局
3262,浙江定海德商村镇银行股份有限公司,"ZheJiang DingHai DeShang County Bank Co.,Ltd.",S0054H333090001,村镇银行,舟山金融监管分局
3263,安徽广德扬子村镇银行股份有限公司,无,S0054H334180001,村镇银行,宣城金融监管分局
3264,崇仁九银村镇银行股份有限公司,"CHONGREN JIUYIN COUNTY BANK CO.,LTD.",S0054H336100001,村镇银行,抚州金融监管分局
3265,五莲中银富登村镇银行有限公司,WULIAN BOC FULLERTON COMMUNITY BANK LTD.,S0054H337110001,村镇银行,日照金融监管分局
3266,临颍中银富登村镇银行有限公司,Linying BOC Fullerton Community Bank Ltd.,S0054H341110001,村镇银行,漯河金融监管分局
3267,通山楚农商村镇银行股份有限公司,无,S0054H342120001,村镇银行,咸宁金融监管分局
3268,湖南道县神农村镇银行股份有限公司,"Hunan Daoxian Shennong Rural Bank Co.,Ltd.",S0054H343110001,村镇银行,永州金融监管分局
3269,兴仁振兴村镇银行股份有限公司,无,S0054H352230001,村镇银行,黔西南金融监管分局
3270,长春二道农商村镇银行股份有限公司,"CHANGCHUN ERDAO RURAL COMMERCIAL COUNTY BANK CO., LTD",S0055H222010001,村镇银行,吉林金融监管局
3271,福建长乐泰隆村镇银行有限责任公司,"FUJIAN CHANGLE TAILONG RURAL BANK CO., LTD.",S0055H235010001,村镇银行,福建金融监管局
3272,乐亭舜丰村镇银行股份有限公司,"Laoting Shunfeng Rural Bank Co.,Ltd.",S0055H313020001,村镇银行,唐山金融监管分局
3273,长治市上党区泰都村镇银行有限责任公司,"ChangZhi Shangdang District Taidu Village Bank CO.,LTD",S0055H314040001,村镇银行,长治金融监管分局
3274,浙江上虞富民村镇银行股份有限公司,无,S0055H333060001,村镇银行,绍兴金融监管分局
3275,安徽石台扬子村镇银行股份有限公司,无,S0055H334170001,村镇银行,池州金融监管分局
3276,分宜九银村镇银行股份有限公司,"FENYI JIUYIN COUNTY BANK CO.,LTD.",S0055H336050001,村镇银行,新余金融监管分局
3277,山东招远中银富登村镇银行有限责任公司,Shandong Zhaoyuan BOC Fullerton Community Bank Ltd.,S0055H337060001,村镇银行,烟台金融监管分局
3278,滑县中银富登村镇银行有限公司,无,S0055H341050001,村镇银行,安阳金融监管分局
3279,大悟楚农商村镇银行股份有限公司,DAWU CRCB RURAL BANK,S0055H342090001,村镇银行,孝感金融监管分局
3280,湖南蓝山神农村镇银行股份有限公司,"Hunan Lanshan Shennong Rural Bank Co.,Ltd.",S0055H343110001,村镇银行,永州金融监管分局
3281,册亨富民村镇银行有限责任公司,无,S0055H352230001,村镇银行,黔西南金融监管分局
3282,南华兴福村镇银行股份有限公司,无,S0055H353230001,村镇银行,楚雄金融监管分局
3283,呼和浩特市赛罕蒙银村镇银行股份有限公司,"Hohhot City SaiHan Meng Yin Rural Bank Co.,Ltd",S0056H215010001,村镇银行,内蒙古金融监管局
3284,献县融和村镇银行股份有限公司,无,S0056H313090001,村镇银行,沧州金融监管分局
3285,宁武县瑞都村镇银行有限责任公司,无,S0056H314090001,村镇银行,忻州金融监管分局
3286,延吉和润村镇银行股份有限公司,无,S0056H322240001,村镇银行,延边金融监管分局
3287,江苏淮安光大村镇银行股份有限公司,"JIANGSU HUAIAN EVERBRIGHT RURAL BANK CO.,LTD",S0056H332080001,村镇银行,淮安金融监管分局
3288,浙江台州路桥富民村镇银行股份有限公司,"Zhejiang Taizhou Luqiao Fumin Rural Bank Co.,Ltd.",S0056H333100001,村镇银行,台州金融监管分局
3289,安徽宣州湖商村镇银行股份有限公司,无,S0056H334180001,村镇银行,宣城金融监管分局
3290,福建龙海泰隆村镇银行股份有限公司,"FUJIAN LONGHAI TAILONG RURAL BANK CO.,LTD.",S0056H335060001,村镇银行,漳州金融监管分局
3291,弋阳蓝海村镇银行股份有限公司,"Yiyang Blue Ocean Community Bank Co.,Ltd",S0056H336110001,村镇银行,上饶金融监管分局
3292,栖霞中银富登村镇银行有限公司,QIXIA BOC FULLERTON COMMUNITY BANK LTD.,S0056H337060001,村镇银行,烟台金融监管分局
3293,项城中银富登村镇银行有限公司,XiangCheng BOC Fullerton Community Bank Ltd.,S0056H341160001,村镇银行,周口金融监管分局
3294,丹江口楚农商村镇银行股份有限公司,DANJIANGKOU CRCB RURAL BANK,S0056H342030001,村镇银行,十堰金融监管分局
3295,湖南沅陵新阳村镇银行股份有限公司,"Hunan Yuanling Xinyang Rural Bank Co.,Ltd.",S0056H343120001,村镇银行,怀化金融监管分局
3296,遵义新蒲长征村镇银行股份有限公司,无,S0056H352030001,村镇银行,遵义金融监管分局
3297,武定兴福村镇银行股份有限公司,无,S0056H353230001,村镇银行,楚雄金融监管分局
3298,廊坊市广阳舜丰村镇银行股份有限公司,无,S0057H313100001,村镇银行,廊坊金融监管分局
3299,浑源县慧融村镇银行股份有限公司,HunYuan HuiRong County Bank Corp.,S0057H314020001,村镇银行,大同金融监管分局
3300,吉林船营惠民村镇银行股份有限公司,"JILIN CHUANYING HUIMIN VILLAGE BANK CO.,LTD",S0057H322020001,村镇银行,吉林金融监管分局
3301,常州新北中成村镇银行股份有限公司,Changzhou Xinbei Zhongcheng Rural Bank Co.，Ltd.,S0057H332040001,村镇银行,常州金融监管分局
3302,浙江海宁德商村镇银行股份有限公司,"Zhejiang Haining Deshang County Bank Co.,Ltd",S0057H333040001,村镇银行,嘉兴金融监管分局
3303,安徽东至扬子村镇银行股份有限公司,无,S0057H334170001,村镇银行,池州金融监管分局
3304,德兴蓝海村镇银行股份有限公司,"Dexing Blue Ocean Community Bank Co.,Ltd",S0057H336110001,村镇银行,上饶金融监管分局
3305,东明中银富登村镇银行有限公司,DONGMING BOC FULLERTON COMMUNITY BANK LTD.,S0057H337170001,村镇银行,菏泽金融监管分局
3306,宜阳兴福村镇银行股份有限公司,"YIYANG XINGFU COUNTY BANK Co.,Ltd.",S0057H341030001,村镇银行,洛阳金融监管分局
3307,郧西楚农商村镇银行股份有限公司,YUNXIXIAN CRCB RURAL BANK,S0057H342030001,村镇银行,十堰金融监管分局
3308,湖南湘阴星龙村镇银行股份有限公司,"Hunan Xiangyin Xinglong Rural Bank Co.,Ltd.",S0057H343060001,村镇银行,岳阳金融监管分局
3309,望谟富民村镇银行股份有限公司,无,S0057H352230001,村镇银行,黔西南金融监管分局
3310,元谋兴福村镇银行股份有限公司,无,S0057H353230001,村镇银行,楚雄金融监管分局
3311,霸州舜丰村镇银行股份有限公司,无,S0058H313100001,村镇银行,廊坊金融监管分局
3312,平定县昌都村镇银行有限责任公司,"PingDing Country ChangDu Village Bank CO.,LTD",S0058H314030001,村镇银行,阳泉金融监管分局
3313,汪清和润村镇银行股份有限公司,无,S0058H322240001,村镇银行,延边金融监管分局
3314,睢宁中银富登村镇银行有限公司,Suining BOC Fullerton Community Bank Ltd.,S0058H332030001,村镇银行,徐州金融监管分局
3315,浙江瑞安湖商村镇银行股份有限公司,无,S0058H333030001,村镇银行,温州金融监管分局
3316,安徽谯城湖商村镇银行股份有限公司,Anhui Qiaocheng Hushang Rural Bank,S0058H334160001,村镇银行,亳州金融监管分局
3317,宜黄抚商村镇银行股份有限公司,"Yihuang Fushang Rural Bank Co. ,Ltd.",S0058H336100001,村镇银行,抚州金融监管分局
3318,巨野中银富登村镇银行有限公司,JUYE BOC FULLERTON COMMUNITY BANK LTD.,S0058H337170001,村镇银行,菏泽金融监管分局
3319,汤阴兴福村镇银行股份有限公司,无,S0058H341050001,村镇银行,安阳金融监管分局
3320,房县楚农商村镇银行股份有限公司,FANGXIAN CRCB RURAL BANK,S0058H342030001,村镇银行,十堰金融监管分局
3321,湖南安仁新阳村镇银行股份有限公司,"Hunan Anren Xinyang Rural Bank Co.,Ltd.",S0058H343100001,村镇银行,郴州金融监管分局
3322,黔西南义龙浦发村镇银行股份有限公司,无,S0058H352230001,村镇银行,黔西南金融监管分局
3323,罗平兴福村镇银行股份有限公司,"LUOPING XINGFU COUNTY BANK Co.,Ltd.",S0058H353030001,村镇银行,曲靖金融监管分局
3324,德惠敦银村镇银行股份有限公司,"DEHUI DUNYIN VILLAGE BANK CO.,LTD",S0059H222010001,村镇银行,吉林金融监管局
3325,大城舜丰村镇银行股份有限公司,无,S0059H313100001,村镇银行,廊坊金融监管分局
3326,朔州怀仁市慧融村镇银行股份有限公司,无,S0059H314060001,村镇银行,朔州金融监管分局
3327,建湖中成村镇银行股份有限公司,"Jianhu Zhongcheng Rural Bank Co.,Ltd.",S0059H332090001,村镇银行,盐城金融监管分局
3328,浙江海盐湖商村镇银行股份有限公司,无,S0059H333040001,村镇银行,嘉兴金融监管分局
3329,临泉中银富登村镇银行有限公司,Linquan BOC Fullerton Community Bank Ltd.,S0059H334120001,村镇银行,阜阳金融监管分局
3330,奉新九银村镇银行股份有限公司,"FENGXIN JIUYIN COUNTY BANK CO.,LTD",S0059H336090001,村镇银行,宜春金融监管分局
3331,庆云乐安村镇银行股份有限公司,"QINGYUN LEAN COUNTY BANK CO.,LTD",S0059H337140001,村镇银行,德州金融监管分局
3332,台前德商村镇银行股份有限公司,"TaiQian DeShang County Bank Co.,Ltd.",S0059H341090001,村镇银行,濮阳金融监管分局
3333,云梦楚农商村镇银行股份有限公司,YUNMENG CRCB RURAL BANK,S0059H342090001,村镇银行,孝感金融监管分局
3334,湖南汝城新阳村镇银行股份有限公司,"Hunan Rucheng Xinyang Rural Bank Co.,Ltd.",S0059H343100001,村镇银行,郴州金融监管分局
3335,松桃长征村镇银行有限责任公司,无,S0059H352220001,村镇银行,铜仁金融监管分局
3336,师宗兴福村镇银行股份有限公司,"SHIZONG XINGFU COUNTY BANK Co.,Ltd.",S0059H353030001,村镇银行,曲靖金融监管分局
3337,深州丰源村镇银行股份有限公司,"Shenzhou Fengyuan County Bank Co.,Ltd.",S0060H313110001,村镇银行,衡水金融监管分局
3338,武乡县泽都村镇银行有限责任公司,"WuXiang County ZeDu Village Bank CO.,LTD",S0060H314040001,村镇银行,长治金融监管分局
3339,四平铁西敦银村镇银行股份有限公司,"SIPING TIEXI DUNYIN VILLAGE BANK CO.,LTD",S0060H322030001,村镇银行,四平金融监管分局
3340,江苏邗江联合村镇银行股份有限公司,"Jiangsu Hanjiang United Rural Bank CO.,Ltd",S0060H332100001,村镇银行,扬州金融监管分局
3341,浙江仙居富民村镇银行股份有限公司,Zhejiang Xianju Fumin Rural Bank Co.Ltd.,S0060H333100001,村镇银行,台州金融监管分局
3342,安徽巢湖扬子村镇银行股份有限公司,Anhui chaohu yangzi village Bank Company Limited,S0060H334140001,村镇银行,巢湖金融监管分局
3343,黎川抚商村镇银行股份有限公司,"Lichuan Fushang Rural Bank Co.,Ltd.",S0060H336100001,村镇银行,抚州金融监管分局
3344,汶上中银富登村镇银行有限公司,WENSHANG BOC FULLERTON COMMUNITY BANK LTD,S0060H337080001,村镇银行,济宁金融监管分局
3345,杞县中银富登村镇银行有限公司,无,S0060H341020001,村镇银行,开封金融监管分局
3346,团风楚农商村镇银行股份有限公司,TUANFENG CRCB RURAL BANK,S0060H342110001,村镇银行,黄冈金融监管分局
3347,湖南中方新阳村镇银行股份有限公司,"Hunan Zhongfang Xinyang Rural Bank Co.,Ltd.",S0060H343120001,村镇银行,怀化金融监管分局
3348,沿河长征村镇银行有限责任公司,无,S0060H352220001,村镇银行,铜仁金融监管分局
3349,曲靖沾益兴福村镇银行股份有限公司,"QUJING ZHANYI XINGFU COUNTY BANK Co.,Ltd.",S0060H353030001,村镇银行,曲靖金融监管分局
3350,深泽利丰村镇银行有限责任公司,无,S0061H213010001,村镇银行,河北金融监管局
3351,河津市龙都村镇银行有限责任公司,无,S0061H314080001,村镇银行,运城金融监管分局
3352,图们敦银村镇银行股份有限公司,"TUMEN DUNYIN VILLAGE BANK CO.,LTD",S0061H322240001,村镇银行,延边金融监管分局
3353,响水中银富登村镇银行有限公司,XiangShui BOC Fullerton Community Bank Ltd.,S0061H332090001,村镇银行,盐城金融监管分局
3354,南陵太平村镇银行股份有限公司,无,S0061H334020001,村镇银行,芜湖金融监管分局
3355,武宁恒通村镇银行股份有限公司,"WuNing HengTong Rural Bank CO.,Ltd.",S0061H336040001,村镇银行,九江金融监管分局
3356,东营河口中成村镇银行股份有限公司,"Dong Ying He Kou Zhong Cheng County Bank Co.,Ltd",S0061H337050001,村镇银行,东营金融监管分局
3357,宁陵德商村镇银行股份有限公司,"NingLing DeShang County Bank Co.,Ltd.",S0061H341140001,村镇银行,商丘金融监管分局
3358,浠水楚农商村镇银行股份有限公司,XISHUI CRCB RURAL BANK,S0061H342110001,村镇银行,黄冈金融监管分局
3359,湖南衡东新阳村镇银行股份有限公司,"Hunan HengDong Xinyang Rural Bank Co.,Ltd.",S0061H343040001,村镇银行,衡阳金融监管分局
3360,印江长征村镇银行有限责任公司,无,S0061H352220001,村镇银行,铜仁金融监管分局
3361,陆良兴福村镇银行股份有限公司,LULIANG XINGFU COUNTY BANK CO.，Ltd.,S0061H353030001,村镇银行,曲靖金融监管分局
3362,行唐利丰村镇银行有限责任公司,无,S0062H213010001,村镇银行,河北金融监管局
3363,闻喜县晋融村镇银行有限责任公司,无,S0062H314080001,村镇银行,运城金融监管分局
3364,和龙敦银村镇银行股份有限公司,"HELONG DUNYIN VILLAGE BANK CO.,LTD",S0062H322240001,村镇银行,延边金融监管分局
3365,苏州吴江中银富登村镇银行有限公司,Suzhou Wujiang BOC Fullerton Community Bank Ltd.,S0062H332050001,村镇银行,苏州金融监管分局
3366,安徽黟县新淮河村镇银行股份有限公司,"Yixian Anhui New River Huai Village & Township Bank Co.,Ltd",S0062H334100001,村镇银行,黄山金融监管分局
3367,靖安九银村镇银行股份有限公司,"JINGAN JIUYIN COUNTY BANK CO.,LTD.",S0062H336090001,村镇银行,宜春金融监管分局
3368,莱芜中成村镇银行股份有限公司,"Laiwu Zhongcheng Rural Bank Co.,Ltd",S0062H337120001,村镇银行,莱芜金融监管分局
3369,洛宁兴福村镇银行股份有限公司,"LUONINGXINGFU COUNTY BANK Co.,Ltd.",S0062H341030001,村镇银行,洛阳金融监管分局
3370,江陵楚农商村镇银行股份有限公司,"JIANGLING CRCB RURAL BANK CO.,LTD",S0062H342100001,村镇银行,荆州金融监管分局
3371,石阡长征村镇银行有限责任公司,无,S0062H352220001,村镇银行,铜仁金融监管分局
3372,保山昌宁长江村镇银行股份有限公司,"BAOSHAN CHANGNING CHANGJIANG RURAL BANK CO., LTD.",S0062H353050001,村镇银行,保山金融监管分局
3373,长春朝阳和润村镇银行股份有限公司,"CHANGCHUN CHAOYANG HERUN COUNTRY BANK CO.,LTD",S0063H222010001,村镇银行,吉林金融监管局
3374,涿鹿利丰村镇银行股份有限公司,无,S0063H313070001,村镇银行,张家口金融监管分局
3375,平遥县晋融村镇银行有限责任公司,"PingYao County JinRong Community Bank CO.,LTD",S0063H314070001,村镇银行,晋中金融监管分局
3376,淮安清浦兴福村镇银行股份有限公司,"HUAIAN QINGPU XINGFU COUNTY BANK Co.,Ltd",S0063H332080001,村镇银行,淮安金融监管分局
3377,安徽固镇新淮河村镇银行股份有限公司,无,S0063H334030001,村镇银行,蚌埠金融监管分局
3378,金溪抚商村镇银行股份有限公司,"Jinxi Fushang Rural Bank Co.,Ltd.",S0063H336100001,村镇银行,抚州金融监管分局
3379,兖州中成村镇银行股份有限公司,"YanZhou Zhongcheng Rural Bank Co.,Ltd",S0063H337080001,村镇银行,济宁金融监管分局
3380,内黄兴福村镇银行股份有限公司,无,S0063H341050001,村镇银行,安阳金融监管分局
3381,石首楚农商村镇银行股份有限公司,"SHISHOU CRCB RURAL BANK CO.,LTD",S0063H342100001,村镇银行,荆州金融监管分局
3382,德江长征村镇银行有限责任公司,无,S0063H352220001,村镇银行,铜仁金融监管分局
3383,保山龙陵长江村镇银行股份有限公司,"BAOSHAN LONGLING CHANGJIANG RURAL BANK CO.,LTD.",S0063H353050001,村镇银行,保山金融监管分局
3384,南昌新建恒通村镇银行股份有限公司,"NanChang XinJian HengTong Rural Bank CO.,LTD.",S0064H236010001,村镇银行,江西金融监管局
3385,神农架楚农商村镇银行股份有限公司,SHENGNONGJIA CRCB RURAL BANK CO；LTD,S0064H242900001,村镇银行,神农架直管组
3386,怀来利丰村镇银行有限责任公司,无,S0064H313070001,村镇银行,张家口金融监管分局
3387,沁源县长青村镇银行有限责任公司,"Qinyuan County Changqing Village Bank CO.,LTD",S0064H314040001,村镇银行,长治金融监管分局
3388,扬州广陵中成村镇银行股份有限公司,"Yangzhou Guangling Zhongcheng Rural Bank Co.,Ltd",S0064H332100001,村镇银行,扬州金融监管分局
3389,安徽肥东湖商村镇银行股份有限公司,Anhui Feidong Hushang Rural Bank,S0064H334010001,村镇银行,巢湖金融监管分局
3390,无棣中成村镇银行股份有限公司,"Wu Di Zhong Cheng Rural Bank Co.,Ltd",S0064H337160001,村镇银行,滨州金融监管分局
3391,汝阳兴福村镇银行股份有限公司,"RUYANG XINGFU COUNTY BANK Co.,Ltd.",S0064H341030001,村镇银行,洛阳金融监管分局
3392,江口长征村镇银行有限责任公司,无,S0064H352220001,村镇银行,铜仁金融监管分局
3393,保山施甸长江村镇银行股份有限公司,"BAOSHAN SHIDIAN CHANGJIANG RURAL BANK CO., LTD.",S0064H353050001,村镇银行,保山金融监管分局
3394,壶关县晋融村镇银行有限责任公司,"HuGuan County JinRong Community Bank CO.,LTD",S0065H314040001,村镇银行,长治金融监管分局
3395,苏州吴中珠江村镇银行股份有限公司,无,S0065H332050001,村镇银行,苏州金融监管分局
3396,安徽怀宁江淮村镇银行股份有限公司,"Anhui Huaining Jianghuai Village Bank Co.,Ltd.",S0065H334080001,村镇银行,安庆金融监管分局
3397,铜鼓九银村镇银行股份有限公司,"TONGGU JIUYIN COUNTY BANK CO.,LTD.",S0065H336090001,村镇银行,宜春金融监管分局
3398,禹城胶东村镇银行股份有限公司,"YUCHENG JIAODONG RURAL BANK CO.,LTD",S0065H337140001,村镇银行,德州金融监管分局
3399,舞阳玉川村镇银行股份有限公司,Wuyang Yuchuan Country Bank Company Limited,S0065H341110001,村镇银行,漯河金融监管分局
3400,湖北咸安长江村镇银行有限责任公司,无,S0065H342120001,村镇银行,咸宁金融监管分局
3401,长顺富民村镇银行股份有限公司,无,S0065H352270001,村镇银行,黔南金融监管分局
3402,文山富宁长江村镇银行股份有限公司,"WENSHAN FUNING CHANGJIANG RURAL BANK CO.,LTD.",S0065H353260001,村镇银行,文山金融监管分局
3403,保定满城区利丰村镇银行股份有限公司,无,S0066H313060001,村镇银行,保定金融监管分局
3404,左云县长青村镇银行有限责任公司,"Zuoyun County Changqing Village Bank CO.,LTD",S0066H314020001,村镇银行,大同金融监管分局
3405,辽源西安区榆银村镇银行股份有限公司,"LIAOYUAN XIANQU YUYIN VILLAGE BANK CO.,LTD",S0066H322040001,村镇银行,辽源金融监管分局
3406,淮安淮阴兴福村镇银行有限责任公司,"HUAIAN HUAIYIN XINGFU COUNTY BANK Co.,Ltd.",S0066H332080001,村镇银行,淮安金融监管分局
3407,安徽徽州铜源村镇银行股份有限公司,"Anhui Huizhou TongYuan Village Bank Co.,Ltd",S0066H334100001,村镇银行,黄山金融监管分局
3408,景德镇昌江九银村镇银行股份有限公司,"JINGDEZHEN CHANGJIANG JIUYIN COUNTY BANK CO.,LTD",S0066H336020001,村镇银行,景德镇金融监管分局
3409,夏津胶东村镇银行股份有限公司,"XIAJIN JIAODONG RURAL BANK CO.,LTD",S0066H337140001,村镇银行,德州金融监管分局
3410,永城齐鲁村镇银行有限责任公司,"Yongcheng Qilu County Bank Co., Ltd.",S0066H341140001,村镇银行,商丘金融监管分局
3411,湖北赤壁长江村镇银行有限责任公司,无,S0066H342120001,村镇银行,咸宁金融监管分局
3412,独山富民村镇银行股份有限公司,无,S0066H352270001,村镇银行,黔南金融监管分局
3413,大理洱源长江村镇银行股份有限公司,"DALI ERYUAN CHANGJIANG RURAL BANK CO.,LTD.",S0066H353290001,村镇银行,大理金融监管分局
3414,涞水利丰村镇银行有限责任公司,无,S0067H313060001,村镇银行,保定金融监管分局
3415,祁县晋融村镇银行有限责任公司,"Qi County JinRong Community Bank CO.,LTD",S0067H314070001,村镇银行,晋中金融监管分局
3416,龙井榆银村镇银行股份有限公司,"LONGJING YUYIN VILLAGE BANK CO,LTD",S0067H322240001,村镇银行,延边金融监管分局
3417,盐城滨海兴福村镇银行有限责任公司,"YANCHENG BINHAI XINGFU COUNTY BANK Co.,Ltd.",S0067H332090001,村镇银行,盐城金融监管分局
3418,安徽祁门铜源村镇银行股份有限公司,Anhui Qimen TongYuan Village Bank Co.Ltd,S0067H334100001,村镇银行,黄山金融监管分局
3419,江西芦溪富民村镇银行股份有限公司,Jiangxi Luxi Fumin Rural Bank Co.Ltd.，,S0067H336030001,村镇银行,萍乡金融监管分局
3420,泌阳玉川村镇银行股份有限公司,Biyang Yuchuan County Bank Company Limited,S0067H341170001,村镇银行,驻马店金融监管分局
3421,竹山楚农商村镇银行股份有限公司,ZHUSHAN CRCB RURAL BANK,S0067H342030001,村镇银行,十堰金融监管分局
3422,六盘水六枝富民村镇银行股份有限公司,无,S0067H352020001,村镇银行,六盘水金融监管分局
3423,大理巍山长江村镇银行股份有限公司,"DALI WEISHAN CHANGJIANG RURAL BANK CO.,LTD.",S0067H353290001,村镇银行,大理金融监管分局
3424,保定清苑区邢农商村镇银行股份有限公司,无,S0068H313060001,村镇银行,保定金融监管分局
3425,灵丘县长青村镇银行有限责任公司,"Lingqiu County Changqing Village Bank CO.,LTD",S0068H314020001,村镇银行,大同金融监管分局
3426,吉林龙潭华益村镇银行股份有限公司,"JILIN LONGTAN HUAYI VILLAGE BANK CO.,LTD",S0068H322020001,村镇银行,吉林金融监管分局
3427,扬州高邮兴福村镇银行有限责任公司,"YANGZHOU GAOYOU XINGFU COUNTY BANK Co.,Ltd",S0068H332100001,村镇银行,扬州金融监管分局
3428,旌德民商村镇银行股份有限公司,无,S0068H334180001,村镇银行,宣城金融监管分局
3429,江西莲花富民村镇银行股份有限公司,"Jiangxi Lianhua Fumin Rural Bank Co.Ltd.,",S0068H336030001,村镇银行,萍乡金融监管分局
3430,宁津胶东村镇银行股份有限公司,"NINGJIN JIAODONG RURAL BANK CO.,LTD",S0068H337140001,村镇银行,德州金融监管分局
3431,正阳玉川村镇银行股份有限公司,ZhengYang Yuchuan Country Bank Company Limited,S0068H341170001,村镇银行,驻马店金融监管分局
3432,竹溪楚农商村镇银行股份有限公司,ZHUXI CRCB RURAL BANK,S0068H342030001,村镇银行,十堰金融监管分局
3433,普定富民村镇银行股份有限公司,无,S0068H352040001,村镇银行,安顺金融监管分局
3434,大理宾川长江村镇银行股份有限公司,"DALI BINCHUAN CHANGJIANG RURAL BANK CO.,LTD.",S0068H353290001,村镇银行,大理金融监管分局
3435,吉县新田村镇银行有限责任公司,"JiXian County XinTian Village Bank CO.,LTD",S0069H314100001,村镇银行,临汾金融监管分局
3436,白山江源汇恒村镇银行股份有限公司,"BAISHAN JIANGYUAN HUIHENG VILLAGE BANK CO.,LTD",S0069H322060001,村镇银行,白山金融监管分局
3437,镇江润州长江村镇银行股份有限公司,ZHENJIANG RUNZHOU CHANGJIANG RURAL BANK CORPORATION LIMITED,S0069H332110001,村镇银行,镇江金融监管分局
3438,庐山九银艺术村镇银行股份有限公司,"LUSHAN JIUYIN ART COUNTY BANK CO.,LTD",S0069H336040001,村镇银行,九江金融监管分局
3439,潍坊市奎文区中成村镇银行股份有限公司,"Kuiwen District Zhongcheng Rural Bank of Weifang City Co.,Ltd.",S0069H337070001,村镇银行,潍坊金融监管分局
3440,平舆玉川村镇银行股份有限公司,PingYu Yuchuan County Bank Company Limited,S0069H341170001,村镇银行,驻马店金融监管分局
3441,远安金谷村镇银行股份有限公司,"Yuanan Jingu Village Bank Co.,Ltd",S0069H342050001,村镇银行,宜昌金融监管分局
3442,紫云富民村镇银行股份有限公司,无,S0069H352040001,村镇银行,安顺金融监管分局
3443,云南马龙北银村镇银行股份有限公司,"Yunnan Malong BOB Rural Bank Co., Ltd.",S0069H353030001,村镇银行,曲靖金融监管分局
3444,云南西山北银村镇银行股份有限公司,无,S0070H253010001,村镇银行,云南金融监管局
3445,隰县新田村镇银行有限责任公司,"XiXian XinTian Village Bank Co.,Ltd",S0070H314100001,村镇银行,临汾金融监管分局
3446,湖口九银村镇银行股份有限公司,"HUKOU JIUYIN COUNTY BANK CO.,LTD",S0070H336040001,村镇银行,九江金融监管分局
3447,上蔡惠民村镇银行股份有限公司,无,S0070H341170001,村镇银行,驻马店金融监管分局
3448,五峰金谷村镇银行股份有限公司,"Wufeng Jingu Village Bank Co.,Ltd",S0070H342050001,村镇银行,宜昌金融监管分局
3449,晴隆兴安村镇银行股份有限公司,无,S0070H352230001,村镇银行,黔西南金融监管分局
3450,天镇县河东村镇银行有限责任公司,"TianZhen County HeDong Village Bank Co.,Ltd.",S0071H314020001,村镇银行,大同金融监管分局
3451,泰州高港兴福村镇银行有限责任公司,"TAIZHOU GAOGANG XINGFU COUNTY BANK CO.,Ltd.",S0071H332120001,村镇银行,泰州金融监管分局
3452,都昌九银村镇银行股份有限公司,DUCHANG JIUYIN COUNTY BANK CO.LTD.,S0071H336040001,村镇银行,九江金融监管分局
3453,扶沟郑银村镇银行股份有限公司,无,S0071H341160001,村镇银行,周口金融监管分局
3454,贞丰兴贞村镇银行股份有限公司,无,S0071H352230001,村镇银行,黔西南金融监管分局
3455,云南元江北银村镇银行股份有限公司,"Yunnan YuanJiang BOB Rural Bank Co.,Ltd.",S0071H353040001,村镇银行,玉溪金融监管分局
3456,郑州金水厦农商村镇银行股份有限公司,"Zhengzhou Jinshui XMRCB Country Bank Co.,Ltd.",S0072H241010001,村镇银行,河南金融监管局
3457,神池县河东村镇银行有限责任公司,无,S0072H314090001,村镇银行,忻州金融监管分局
3458,无锡滨湖兴福村镇银行有限责任公司,"WUXI BINHU XINGFU COUNTY BANK Co.,Ltd.",S0072H332020001,村镇银行,无锡金融监管分局
3459,江西瑞金光大村镇银行股份有限公司,JIANGXI RUIJIN EVERBRIGHT RURAL BANK CO.LTD,S0072H336070001,村镇银行,赣州金融监管分局
3460,广水楚农商村镇银行有限责任公司,无,S0072H342130001,村镇银行,随州金融监管分局
3461,安龙兴龙村镇银行股份有限公司,无,S0072H352230001,村镇银行,黔西南金融监管分局
3462,云南新平北银村镇银行股份有限公司,"Yunnan Xinping BOB Rural Bank Co.,Ltd.",S0072H353040001,村镇银行,玉溪金融监管分局
3463,武汉东西湖扬子村镇银行股份有限公司,Wuhan dongxihu yangzi village Bank Company Limited,S0073H242010001,村镇银行,湖北金融监管局
3464,固安恒升村镇银行股份有限公司,无,S0073H313100001,村镇银行,廊坊金融监管分局
3465,平陆县河东村镇银行有限责任公司,无,S0073H314080001,村镇银行,运城金融监管分局
3466,淮安清河兴福村镇银行有限责任公司,"HUAIAN QINGHE XINGFU COUNTY BANK Co.,Ltd",S0073H332080001,村镇银行,淮安金融监管分局
3467,抚州东乡富民村镇银行股份有限公司,"Fuzhou Dongxiang Fumin Rural Bank Co.,Ltd.",S0073H336100001,村镇银行,抚州金融监管分局
3468,东营融和村镇银行股份有限公司,"DONGYING RONGHE VILLAGE BANK CO.,LTD",S0073H337050001,村镇银行,东营金融监管分局
3469,淮阳中银富登村镇银行有限公司,Huai Yang BOC Fullerton Community Bank Ltd.,S0073H341160001,村镇银行,周口金融监管分局
3470,普安普惠村镇银行股份有限公司,无,S0073H352230001,村镇银行,黔西南金融监管分局
3471,云南石屏北银村镇银行股份有限公司,"Yunnan Shiping BOB Rural Bank Co., Ltd.",S0073H353250001,村镇银行,红河金融监管分局
3472,垣曲县河东村镇银行有限责任公司,无,S0074H314080001,村镇银行,运城金融监管分局
3473,常州钟楼长江村镇银行股份有限公司,"CHANGZHOU ZHONGLOU CHANGJIANG RURAL BANK CO., LTD",S0074H332040001,村镇银行,常州金融监管分局
3474,南城富民村镇银行股份有限公司,"Nancheng Fumin Rural Bank Co.,Ltd.",S0074H336100001,村镇银行,抚州金融监管分局
3475,山东郯城汉源村镇银行股份有限公司,SHANDONG TANCHENG HANYUAN COUNTY BANK CO.，LTD,S0074H337130001,村镇银行,临沂金融监管分局
3476,沈丘中银富登村镇银行有限公司,Shen Qiu BOC Fullerton Community Bank Ltd.,S0074H341160001,村镇银行,周口金融监管分局
3477,随县楚农商村镇银行有限责任公司,无,S0074H342130001,村镇银行,随州金融监管分局
3478,铜仁万山长征村镇银行股份有限公司,无,S0074H352220001,村镇银行,铜仁金融监管分局
3479,夏县河东村镇银行有限责任公司,无,S0075H314080001,村镇银行,运城金融监管分局
3480,江西高安富民村镇银行股份有限公司,"Jiangxi Gaoan Fumin Rural Bank Co.,Ltd",S0075H336090001,村镇银行,宜春金融监管分局
3481,山东平邑汉源村镇银行股份有限公司,SHANDONG PINGYI HANYUAN COUNTY BANK CO.，LTD,S0075H337130001,村镇银行,临沂金融监管分局
3482,柘城黄淮村镇银行股份有限公司,"Zhecheng Huanghuai Community Bank Co.,Ltd",S0075H341140001,村镇银行,商丘金融监管分局
3483,保康楚农商村镇银行有限责任公司,BAOKANG CRCB RURAL BANK,S0075H342060001,村镇银行,襄阳金融监管分局
3484,罗甸发展村镇银行股份有限公司,无,S0075H352270001,村镇银行,黔南金融监管分局
3485,稷山县河东村镇银行有限责任公司,无,S0076H314080001,村镇银行,运城金融监管分局
3486,达拉特中银富登村镇银行股份有限公司,DaLaTe BOC Fullerton Community Bank Crop,S0076H315060001,村镇银行,鄂尔多斯金融监管分局
3487,江西上高富民村镇银行股份有限公司,"Jiangxi Shanggao Fumin Rural Bank Co.,Ltd",S0076H336090001,村镇银行,宜春金融监管分局
3488,山东成武汉源村镇银行股份有限公司,无,S0076H337170001,村镇银行,菏泽金融监管分局
3489,河南西华厦农商村镇银行股份有限公司,"Henan Xihua XMRCB Country Bank Co., Ltd.",S0076H341160001,村镇银行,周口金融监管分局
3490,平塘富民村镇银行股份有限公司,无,S0076H352270001,村镇银行,黔南金融监管分局
3491,右玉县长青村镇银行有限责任公司,无,S0077H314060001,村镇银行,朔州金融监管分局
3492,山东利津舜丰村镇银行股份有限公司,"SHANDONG LIJIN SHUNFENG RURAL BANK CO．,LTD",S0077H337050001,村镇银行,东营金融监管分局
3493,河南商水厦农商村镇银行股份有限公司,"Henan Shangshui XMRCB Country Bank Co., Ltd.",S0077H341160001,村镇银行,周口金融监管分局
3494,瓮安富民村镇银行股份有限公司,无,S0077H352270001,村镇银行,黔南金融监管分局
3495,山东惠民舜丰村镇银行股份有限公司,"SHANDONG HUIMIN SHUNFENG RURAL BANK CO.,LTD",S0078H337160001,村镇银行,滨州金融监管分局
3496,通许融信村镇银行股份有限公司,无,S0078H341020001,村镇银行,开封金融监管分局
3497,剑河富民村镇银行股份有限公司,无,S0078H352260001,村镇银行,黔东南金融监管分局
3498,昌乐乐安村镇银行股份有限公司,"CHANGLE LEAN COUNTY BANK CO.,LTD",S0079H337070001,村镇银行,潍坊金融监管分局
3499,浚县郑银村镇银行股份有限公司,"XUNXIAN ZHENGYIN COUNTRY BANK Co.,Ltd.",S0079H341060001,村镇银行,鹤壁金融监管分局
3500,台江富民村镇银行股份有限公司,无,S0079H352260001,村镇银行,黔东南金融监管分局
3501,威海富民村镇银行有限责任公司,WeiHai FuMin Rural Bank Company Limited,S0080H337100001,村镇银行,威海金融监管分局
3502,确山郑银村镇银行股份有限公司,"QUESHAN ZHENGYIN COUNTRY BANK Co.,Ltd.",S0080H341170001,村镇银行,驻马店金融监管分局
3503,丹寨富民村镇银行股份有限公司,无,S0080H352260001,村镇银行,黔东南金融监管分局
3504,郑州珠江村镇银行股份有限公司,"Zhengzhou Zhujiang Rural Bank CO.,LTD",S0081H241010001,村镇银行,河南金融监管局
3505,玉田大商村镇银行股份有限公司,"YuTian DaShang County Bank Co.,Ltd.",S0081H313020001,村镇银行,唐山金融监管分局
3506,鱼台青隆村镇银行股份有限公司,"YUTAI QINGLONG VILLAGE BANK CO., LTD",S0081H337080001,村镇银行,济宁金融监管分局
3507,思南长征村镇银行有限责任公司,无,S0081H352220001,村镇银行,铜仁金融监管分局
3508,河南汝南泰隆村镇银行股份有限公司,"HENAN RUNAN TAILONG RURAL BANK CO.,LTD",S0082H341170001,村镇银行,驻马店金融监管分局
3509,三都富民村镇银行股份有限公司,无,S0082H352270001,村镇银行,黔南金融监管分局
3510,莘县青隆村镇银行股份有限公司,"SHENXIAN QINGLONG VILLAGE BANK CO.,LTD",S0083H337150001,村镇银行,聊城金融监管分局
3511,温县齐鲁村镇银行有限责任公司,"Wenxian Qilu County Bank Co., Ltd.",S0083H341080001,村镇银行,焦作金融监管分局
3512,荔波富民村镇银行股份有限公司,无,S0083H352270001,村镇银行,黔南金融监管分局
3513,高唐青隆村镇银行股份有限公司,"GAOTANG QINGLONG VILLAGE BANK CO.,LTD",S0084H337150001,村镇银行,聊城金融监管分局
3514,河南叶县泰隆村镇银行股份有限公司,"HENAN YEXIAN TAILONG RURAL BANK CO.,LTD.",S0084H341040001,村镇银行,平顶山金融监管分局
3515,玉屏长征村镇银行有限责任公司,无,S0084H352220001,村镇银行,铜仁金融监管分局
3516,承德县恒升村镇银行股份有限公司,Chengde County Hengsheng County Bank Co.Ltd,S0085H313080001,村镇银行,承德金融监管分局
3517,安新大商村镇银行股份有限公司,"Anxin Dashang County Bank Co.,Ltd",S0087H313060001,村镇银行,保定金融监管分局
3518,山东新泰齐丰村镇银行股份有限公司,"Shandong Xintai Qifeng Rural Bank Co.,LTD",S0087H337090001,村镇银行,泰安金融监管分局
3519,平原圆融村镇银行股份有限公司,"PINGYUAN YUANRONG VILLAGE BANK CO.,LTD",S0088H337140001,村镇银行,德州金融监管分局
3520,青龙融兴村镇银行股份有限公司,无,S0089H313030001,村镇银行,秦皇岛金融监管分局
3521,雄县丰源村镇银行股份有限公司,"Xiongxian Fengyuan County Bank Co.,Ltd",S0090H313060001,村镇银行,保定金融监管分局
3522,饶阳民商村镇银行股份有限公司,"Raoyang Minshang County Bank Co.,Ltd.",S0091H313110001,村镇银行,衡水金融监管分局
3523,山东泗水齐丰村镇银行股份有限公司,"Shandong Sishui Qifeng Rural Bank Co.,LTD",S0091H337080001,村镇银行,济宁金融监管分局
3524,定兴丰源村镇银行股份有限公司,"Dingxing Fengyuan County Bank Co.,Ltd",S0092H313060001,村镇银行,保定金融监管分局
3525,东阿青隆村镇银行股份有限公司,"DONG-E QINGLONG VILLAGE BANK CO.,LTD",S0092H337150001,村镇银行,聊城金融监管分局
3526,容城邢农商村镇银行股份有限公司,"RongCheng XTRCB County Bank Co.,Ltd.",S0093H313060001,村镇银行,保定金融监管分局
3527,山东临淄汇金村镇银行股份有限公司,无,S0093H337030001,村镇银行,淄博金融监管分局
3528,邯郸肥乡恒升村镇银行股份有限公司,无,S0094H313040001,村镇银行,邯郸金融监管分局
3529,山东周村青隆村镇银行股份有限公司,"SHANDONG ZHOUCUN QINGLONG VILLAGE BANK CO.,LTD",S0094H337030001,村镇银行,淄博金融监管分局
3530,大名恒升村镇银行股份有限公司,无,S0095H313040001,村镇银行,邯郸金融监管分局
3531,山东芝罘齐丰村镇银行股份有限公司,无,S0095H337060001,村镇银行,烟台金融监管分局
3532,曲周恒升村镇银行股份有限公司,无,S0096H313040001,村镇银行,邯郸金融监管分局
3533,山东蒙阴齐丰村镇银行股份有限公司,"Shandong Mengyin Qifeng Village Bank Co.,LTD",S0096H337130001,村镇银行,临沂金融监管分局
3534,石家庄栾城齐鲁村镇银行有限责任公司,无,S0097H213010001,村镇银行,河北金融监管局
3535,菏泽牡丹北海村镇银行股份有限公司,"HEZEMUDAN BEIHAI RURAL BANK CO.,LTD",S0097H337170001,村镇银行,菏泽金融监管分局
3536,辛集齐鲁村镇银行有限责任公司,无,S0098H213010001,村镇银行,河北金融监管局
3537,郓城北海村镇银行股份有限公司,"YUNCHENG BEIHAI RURAL BANK CO.,LTD",S0098H337170001,村镇银行,菏泽金融监管分局
3538,桓台青隆村镇银行股份有限公司,"HUANTAI QINGLONG VILLAGE BANK CO.,LTD",S0099H337030001,村镇银行,淄博金融监管分局
3539,邯郸邯山齐鲁村镇银行有限责任公司,无,S0100H313040001,村镇银行,邯郸金融监管分局
3540,山东莱山齐丰村镇银行股份有限公司,"Shandong Laishan Qifeng Rural Bank Co.,LTD",S0100H337060001,村镇银行,烟台金融监管分局
3541,邯郸永年齐鲁村镇银行有限责任公司,无,S0101H313040001,村镇银行,邯郸金融监管分局
3542,山东冠县齐丰村镇银行股份有限公司,"Shandong Guanxian Qifeng Rural Bank CO., LTD",S0102H337150001,村镇银行,聊城金融监管分局
3543,日照蓝海村镇银行股份有限公司,"RIZHAO BLUE OCEAN COMMUNITY BANK CO.,LTD",S0103H337110001,村镇银行,日照金融监管分局
3544,山东高青汇金村镇银行股份有限公司,"shandong gaoqing huijin Rural Bank Co., LTD",S0104H337030001,村镇银行,淄博金融监管分局
3545,武邑邢农商村镇银行股份有限公司,"Wuyi XTRCB County Bank Co.,Ltd.",S0105H313110001,村镇银行,衡水金融监管分局
3546,微山北海村镇银行股份有限公司,"WEISHAN BEIHAI RURAL BANK CO.,LTD",S0105H337080001,村镇银行,济宁金融监管分局
3547,衡水冀州丰源村镇银行股份有限公司,"Hengshui Jizhou Fengyuan County Bank Co.,Ltd.",S0106H313110001,村镇银行,衡水金融监管分局
3548,潍坊市潍城区北海村镇银行股份有限公司,"WEIFANGWEICHENG BEIHAI RURAL BANK CO.,LTD",S0106H337070001,村镇银行,潍坊金融监管分局
3549,景县丰源村镇银行股份有限公司,"Jingxian Fengyuan County Bank Co.,Ltd.",S0107H313110001,村镇银行,衡水金融监管分局
3550,昌邑北海村镇银行股份有限公司,"CHANGYI BEIHAI RURAL BANK CO.,LTD",S0107H337070001,村镇银行,潍坊金融监管分局
3551,枣强丰源村镇银行股份有限公司,"Zaoqiang Fengyuan County Bank Co.,Ltd.",S0108H313110001,村镇银行,衡水金融监管分局
3552,安丘北海村镇银行股份有限公司,"ANQIU BEIHAI RURAL BANK CO.,LTD",S0108H337070001,村镇银行,潍坊金融监管分局
3553,淄博博山北海村镇银行股份有限公司,无,S0109H337030001,村镇银行,淄博金融监管分局
3554,淄博淄川北海村镇银行股份有限公司,无,S0110H337030001,村镇银行,淄博金融监管分局
3555,张家口崇礼邢农商村镇银行股份有限公司,"Zhangjiakou ChongIi XTRCB County Bank Co.,Ltd.",S0112H313070001,村镇银行,张家口金融监管分局
3556,滨州河海村镇银行股份有限公司,"BINZHOU HEHAI RURAL BANK CO., LTD",S0112H337160001,村镇银行,滨州金融监管分局
3557,平阴蓝海村镇银行股份有限公司,无,S0113H237010001,村镇银行,山东金融监管局
3558,济宁蓝海村镇银行股份有限公司,"JINING BLUE OCEAN COMMUNITY BANK CO.,LTD",S0114H337080001,村镇银行,济宁金融监管分局
3559,山东金乡蓝海村镇银行股份有限公司,"SHANDONG JINXIANG BLUE OCEAN COMMUNITY BANK CO.,LTD",S0115H337080001,村镇银行,济宁金融监管分局
3560,山东沂南蓝海村镇银行股份有限公司,"SHANDONG YINAN BLUE OCEAN COMMUNITY BANK CO.,LTD",S0116H337130001,村镇银行,临沂金融监管分局
3561,阳信河海村镇银行股份有限公司,"YANGXIN HEHAI RURAL BANK CO.,LTD",S0117H337160001,村镇银行,滨州金融监管分局
3562,定陶河海村镇银行股份有限公司,"DINGTAO HEHAI RURAL BANK CO., LTD",S0118H337170001,村镇银行,菏泽金融监管分局
3563,山东沾化青云村镇银行股份有限公司,"SHANDONG ZHANHUA QINGYUN RURAL BANK CO.,LTD",S0119H337160001,村镇银行,滨州金融监管分局
3564,湖南洪江湘农村镇银行股份有限公司,"Hunan Hongjiang Xiangnong Village Bank Co.,Ltd.",S0123H343120001,村镇银行,怀化金融监管分局
3565,中银富登村镇银行股份有限公司,"BOC Fullerton Community Bank CO., Ltd．",S0125H213060001,村镇银行,保定金融监管分局
3566,江西万载富民村镇银行股份有限公司,"Jiangxi Wanzai Fumin Rural Bank Co.,Ltd.",S0126H336090001,村镇银行,宜春金融监管分局
3567,祁东惠丰村镇银行股份有限公司,Qidong Huifeng Rural Bank Co.，Ltd.,S0127H343040001,村镇银行,衡阳金融监管分局
3568,福建松溪长信村镇银行股份有限公司,FUJIANSONGXICHANGXINRURALBANKCO.LTD.,S0128H335070001,村镇银行,南平金融监管分局
3569,福建华安长信村镇银行股份有限公司,FUJIAN HUAAN CHANGXIN RURAL BANK CO.， LTD.,S0129H335060001,村镇银行,漳州金融监管分局
3570,湖南绥宁湘农村镇银行股份有限公司,"Hunan SuiNing Xiangnong Rural Bank Co.,Ltd.",S0130H343050001,村镇银行,邵阳金融监管分局
3571,福建永泰长信村镇银行股份有限公司,"FUJIAN YONGTAI CHANGXIN RURAL BANK CO.,LTD.",S0131H235010001,村镇银行,福建金融监管局
3572,湖南炎陵星龙村镇银行股份有限公司,"Hunan Yanling Xinglong Rural Bank CO.,Ltd.",S0133H343020001,村镇银行,株洲金融监管分局
3573,湖南江永湘农村镇银行股份有限公司,"Hunan Jiangyong Xiangnong Rural Bank Co.,Ltd.",S0134H343110001,村镇银行,永州金融监管分局
3574,湖南新田湘农村镇银行股份有限公司,"Hunan Xintian Xiangnong Rural Bank Co.,Ltd.",S0135H343110001,村镇银行,永州金融监管分局
3575,湖南桑植湘农村镇银行股份有限公司,"Hunan SangZhi XiangNong Rural Bank Co.,Ltd.",S0136H343080001,村镇银行,张家界金融监管分局
3576,湖南双牌湘农村镇银行股份有限公司,"Hunan Shuangpai Xiangnong Rural Bank Co.,Ltd.",S0137H343110001,村镇银行,永州金融监管分局
3577,湖南城步湘农村镇银行股份有限公司,"Hunan ChengBu Xiangnong Rural Bank Co.,Ltd.",S0138H343050001,村镇银行,邵阳金融监管分局
3578,湖南桂东星龙村镇银行股份有限公司,"Hunan Guidong Xinglong Rural Bank Co.,Ltd.",S0139H343100001,村镇银行,郴州金融监管分局
3579,临湘中银富登村镇银行有限公司,Linxiang BOC Fullerton Community Bank Ltd.,S0141H343060001,村镇银行,岳阳金融监管分局
3580,湖南嘉禾星龙村镇银行股份有限公司,"Hunan Jiahe Xinglong Rural BankCo.,Ltd.",S0142H343100001,村镇银行,郴州金融监管分局
3581,安乡中银富登村镇银行有限公司,Anxiang BOC Fullerton Community Bank Ltd.,S0143H343070001,村镇银行,常德金融监管分局
3582,鹿邑中银富登村镇银行有限公司,无,S0144H341160001,村镇银行,周口金融监管分局
3583,太康中银富登村镇银行有限公司,无,S0145H341160001,村镇银行,周口金融监管分局
3584,郸城中银富登村镇银行有限公司,无,S0146H341160001,村镇银行,周口金融监管分局
3585,清丰中银富登村镇银行有限公司,无,S0147H341090001,村镇银行,濮阳金融监管分局
3586,阜阳颍东中银富登村镇银行有限公司,无,S0148H334120001,村镇银行,阜阳金融监管分局
3587,阜阳颍泉中银富登村镇银行有限公司,无,S0149H334120001,村镇银行,阜阳金融监管分局
3588,石家庄恒升村镇银行有限责任公司,Shijiazhuang Hengsheng County Bank Co.，Ltd.,S0150H213010001,村镇银行,河北金融监管局
3589,北京通州中银富登村镇银行有限责任公司,Beijing Tongzhou BOC Fullerton Community Bank Ltd.,S0008H211000001,村镇银行,北京金融监管局
3590,中国金谷国际信托有限责任公司,"China Jingu International Trust Co., Ltd.",K0075H211000001,信托公司,北京金融监管局
3591,中诚信托有限责任公司,"CHINA CREDIT TRUST CO., Ltd.",K0001H211000001,信托公司,北京金融监管局
3592,中粮信托有限责任公司,"COFCO TRUST CO., LTD.",K0072H211000001,信托公司,北京金融监管局
3593,北京国际信托有限公司,"Beijing International Trust Co.,Ltd.",K0066H211000001,信托公司,北京金融监管局
3594,中国对外经济贸易信托有限公司,"CHINA FOREIGN ECONOMY AND TRADE TRUST CO., LTD.",K0003H211000001,信托公司,北京金融监管局
3595,英大国际信托有限责任公司,"YINGDA INTERNATIONAL TRUST CO.,LTD",K0040H211000001,信托公司,北京金融监管局
3596,国民信托有限公司,THE NATIONAL TRUST LTD.,K0007H211000001,信托公司,北京金融监管局
3597,中信信托有限责任公司,"CITIC TRUST CO., LTD.",K0002H211000001,信托公司,北京金融监管局
3598,华鑫国际信托有限公司,"China Fortune International Trust Co.,Ltd.",K0078H211000001,信托公司,北京金融监管局
3599,中国民生信托有限公司,"China MinSheng Trust Co., Ltd.",K0084H211000001,信托公司,北京金融监管局
3600,国投泰康信托有限公司,"SDIC TAIKANG TRUST CO.,LTD.",K0008H211000001,信托公司,北京金融监管局
3601,建信信托有限责任公司,"CCB TRUST CO., Ltd.",K0034H211000001,信托公司,北京金融监管局
3602,天津信托有限责任公司,"TIANJIN TRUST CO.,LTD",K0073H212000001,信托公司,天津金融监管局
3603,北方国际信托股份有限公司,"Northern International Trust Co., LTD",K0070H212000001,信托公司,天津金融监管局
3604,渤海国际信托股份有限公司,"Bohai International Trust Co.,Ltd.",K0005H213010001,信托公司,河北金融监管局
3605,山西信托股份有限公司,"Shanxi Trust Co.,Ltd.",K0012H214010001,信托公司,山西金融监管局
3606,华宸信托有限责任公司,HUA CHEN TRUST LIMITED CORPORATION,K0013H215010001,信托公司,内蒙古金融监管局
3607,新时代信托股份有限公司,NEW TIMES TRUST CO.LTD,K0014H215020001,信托公司,包头金融监管分局
3608,吉林省信托有限责任公司,"JILIN PROVINCE TRUST CO., Ltd.",K0016H222010001,信托公司,吉林金融监管局
3609,中融国际信托有限公司,无,K0019H223010001,信托公司,黑龙江金融监管局
3610,上海国际信托有限公司,Shanghai International Trust Corporation Limited,K0020H231000001,信托公司,上海金融监管局
3611,华澳国际信托有限公司,"SINO-AUSTRALIAN INTERNATIONAL TRUST CO.,LTD.",K0074H231000001,信托公司,上海金融监管局
3612,中泰信托有限责任公司,"ZHONGTAI TRUST CO.,LTD.",K0024H231000001,信托公司,上海金融监管局
3613,华宝信托有限责任公司,"HWABAO TRUST CO.,LTD.",K0023H231000001,信托公司,上海金融监管局
3614,中海信托股份有限公司,"ZHONGHAI TRUST CO.,LTD.",K0022H231000001,信托公司,上海金融监管局
3615,建元信托股份有限公司,"J-Yuan Trust Co.,Ltd.",K0025H231000001,信托公司,上海金融监管局
3616,上海爱建信托有限责任公司,"Shanghai AJ Trust CO., LTD.",K0021H231000001,信托公司,上海金融监管局
3617,江苏省国际信托有限责任公司,JIANGSU INTERNATIONAL TRUST CORPORATION LIMITED,K0026H232010001,信托公司,江苏金融监管局
3618,紫金信托有限责任公司,"Zijin Trust Co.,Ltd",K0027H232010001,信托公司,江苏金融监管局
3619,国联信托股份有限公司,"GUOLIAN TRUST Co.,LTD",K0028H332020001,信托公司,无锡金融监管分局
3620,苏州信托有限公司,SUZHOU TRUST CORPORATION LIMITED,K0029H332050001,信托公司,苏州金融监管分局
3621,杭州工商信托股份有限公司,"Hangzhou Industrial & Commercial Trust Co.,Ltd.",K0031H233010001,信托公司,浙江金融监管局
3622,万向信托股份公司,"Wanxiang Trust Co.,Ltd",K0082H233010001,信托公司,浙江金融监管局
3623,浙商金汇信托股份有限公司,"Zheshangjinhui Trust Co.,Ltd.",K0033H233010001,信托公司,浙江金融监管局
3624,中建投信托股份有限公司,"JIC Trust Co.,Ltd.",K0065H233010001,信托公司,浙江金融监管局
3625,安徽国元信托有限责任公司,"ANHUI GUOYUAN TRUST CO., LTD",K0035H234010001,信托公司,安徽金融监管局
3626,兴业国际信托有限公司,China Industrial International Trust Limited,K0036H235010001,信托公司,福建金融监管局
3627,雪松国际信托股份有限公司,"CEDAR INTERNATIONAL TRUST CO., LTD.",K0083H236010001,信托公司,江西金融监管局
3628,中航信托股份有限公司,"AVIC Trust Co.,LTD",K0076H236010001,信托公司,江西金融监管局
3629,山东省国际信托股份有限公司,"Shandong International Trust Co.,Ltd.",K0039H237010002,信托公司,山东金融监管局
3630,中原信托有限公司,"Zhongyuan Trust CO.,Ltd.",K0042H241010002,信托公司,河南金融监管局
3631,百瑞信托有限责任公司,"BRIDGE TRUST CO.,Ltd.",K0043H241010001,信托公司,河南金融监管局
3632,交银国际信托有限公司,Bank of Communications International Trust Co.，Ltd.,K0044H242010001,信托公司,湖北金融监管局
3633,国通信托有限责任公司,"GUOTONG Trust Co.,Ltd.",K0045H242010001,信托公司,湖北金融监管局
3634,湖南省财信信托有限责任公司,"HUNAN CHASING TRUST CO.,LTD．",K0018H243010001,信托公司,湖南金融监管局
3635,广东粤财信托有限公司,GUANGDONG FINANCE TRUST CO.LTD,K0047H244010001,信托公司,广东金融监管局
3636,大业信托有限责任公司,"DAYE TRUST CO.,LTD.",K0080H244010001,信托公司,广东金融监管局
3637,东莞信托有限公司,"DONGGUAN TRUST CO.,LTD.",K0050H244190001,信托公司,东莞金融监管分局
3638,重庆国际信托股份有限公司,CHONGQING INTERNATIONAL TRUST INC.,K0051H250000001,信托公司,重庆金融监管局
3639,中铁信托有限责任公司,"CHINA RAILWAY TRUST CO.,LTD",K0053H251010001,信托公司,四川金融监管局
3640,四川信托有限公司,"Sichuan Trust Co.,Ltd.",K0079H251010001,信托公司,四川金融监管局
3641,华能贵诚信托有限公司,Huaneng Guicheng Trust Corporation Limited,K0054H252010001,信托公司,贵州金融监管局
3642,云南国际信托有限公司,"YUNNAN INTERNATIONAL TRUST CO., LTD.",K0055H253010001,信托公司,云南金融监管局
3643,西藏信托有限公司,Tibet Trust Corporation Limited,K0056H254010001,信托公司,西藏金融监管局
3644,长安国际信托股份有限公司,"Chang'an International Trust Co.,Ltd.",K0067H261010001,信托公司,陕西金融监管局
3645,陕西省国际信托股份有限公司,"SHAANXI INTERNATIONAL TRUST CO.,LTD.",K0068H261010001,信托公司,陕西金融监管局
3646,西部信托有限公司,"Western Trust Co.,Ltd.",K0069H261010001,信托公司,陕西金融监管局
3647,光大兴陇信托有限责任公司,"EVERBRIGHT XINGLONG TRUST CO., LTD",K0060H262010001,信托公司,甘肃金融监管局
3648,五矿国际信托有限公司,"Minmetals International Trust Co., Ltd.",K0061H263010001,信托公司,青海金融监管局
3649,兴宝国际信托有限责任公司,"XINGBAO INTERNATIONAL TRUST CO.,LTD.",K0063H265010001,信托公司,新疆金融监管局
3650,长城新盛信托有限责任公司,"GREAT WALL XINSHENG TRUST CO.,LTD",K0081H265010001,信托公司,新疆金融监管局
3651,华信信托股份有限公司,HUAXIN TRUST CO.，LTD,K0015H221020001,信托公司,大连金融监管局
3652,昆仑信托有限责任公司,KUNLUN TRUST CO.，LTD.,K0032H233020001,信托公司,宁波金融监管局
3653,厦门国际信托有限公司,XIAMEN INTERNATIONAL TRUST CO.，LTD.,K0037H235020001,信托公司,厦门金融监管局
3654,陆家嘴国际信托有限公司,Lujiazui International Trust Corporation Limited,K0041H237020001,信托公司,青岛金融监管局
3655,华润深国投信托有限公司,"China Resources SZITIC Trust Co.,Ltd.",K0071H244030001,信托公司,深圳金融监管局
3656,平安信托有限责任公司,PING AN TRUST Co.，LTD,K0049H244030001,信托公司,深圳金融监管局
3657,中国长城资产管理股份有限公司,"China Great Wall Asset Management Co.,Ltd.",J0002H111000001,金融资产管理公司,金融监管总局
3658,中国信达资产管理股份有限公司,"China Cinda Asset Management Co., Ltd.",J0004H111000001,金融资产管理公司,金融监管总局
3659,中国东方资产管理股份有限公司,"China Orient Asset Management Co., Ltd.",J0003H111000001,金融资产管理公司,金融监管总局
3660,中国银河资产管理有限责任公司,"CHINA GALAXY ASSET MANAGEMENT CO., LTD.",J0005H111000001,金融资产管理公司,金融监管总局
3661,中国中信金融资产管理股份有限公司,"China CITIC Financial Asset Management Co., Ltd.",J0001H111000001,金融资产管理公司,金融监管总局
3662,邦银金融租赁股份有限公司,"AB Leasing Co.,Ltd.",M0027H241010001,金融租赁公司,河南金融监管局
3663,北部湾金融租赁有限公司,"Beibu Gulf Financial Leasing Co.,Ltd",M0025H245010001,金融租赁公司,广西金融监管局
3664,北银金融租赁有限公司,"Bank of Beijing Financial Leasing Co., Ltd.",M0028H211000001,金融租赁公司,北京金融监管局
3665,长城国兴金融租赁有限公司,无,M0014H265010001,金融租赁公司,新疆金融监管局
3666,长江联合金融租赁有限公司,"Yangtze United Financial Leasing Co., Ltd.",M0042H231000001,金融租赁公司,上海金融监管局
3667,重庆鈊渝金融租赁股份有限公司,"Chongqing Xinyu Financial Leasing Co., Ltd.",M0068H250000001,金融租赁公司,重庆金融监管局
3668,佛山海晟金融租赁股份有限公司,Foshan Haisheng Financial Leasing Company Limited,M0056H344060001,金融租赁公司,佛山金融监管分局
3669,福建海西金融租赁有限责任公司,Fujian Haixi Financial Leasing Co.， ​ Ltd. ​,M0059H335050001,金融租赁公司,泉州金融监管分局
3670,甘肃兰银金融租赁股份有限公司,Bank of Lanzhou Financial Leasing Co.， Ltd.,M0064H262010001,金融租赁公司,甘肃金融监管局
3671,工银金融租赁有限公司,"ICBC Financial Leasing Co.,LTD",M0011H212000001,金融租赁公司,天津金融监管局
3672,光大金融租赁股份有限公司,"EverBright Financial Leasing Co., Ltd",M0018H242010001,金融租赁公司,湖北金融监管局
3673,广东粤财金融租赁股份有限公司,"Guangdong Utrust Financial Leasing Co., Ltd.",M0071H244010001,金融租赁公司,广东金融监管局
3674,广融达金融租赁有限公司,"Granday Financial Leasing Co., Ltd.",M0055H231000001,金融租赁公司,上海金融监管局
3675,贵阳贵银金融租赁有限责任公司,"GUIYANG GYB FINANCIAL LEASING CO.,LTD",M0058H252010001,金融租赁公司,贵州金融监管局
3676,国银金融租赁股份有限公司,"CHINA DEVELOPMENT BANK FINANCIAL LEASING Co.,Ltd",M0017H244030001,金融租赁公司,深圳金融监管局
3677,哈银金融租赁有限责任公司,"Harbin Bank Financial Leasing Co.,Ltd.",M0029H223010001,金融租赁公司,黑龙江金融监管局
3678,航天科工金融租赁有限公司,"Aerospace Science&Industry Financial Leasing Co.,Ltd.",M0069H242010001,金融租赁公司,湖北金融监管局
3679,河北省金融租赁有限公司,"Hebei Financial Leasing Co.,Ltd.",M0002H213010001,金融租赁公司,河北金融监管局
3680,河南九鼎金融租赁股份有限公司,"Henan Jiuding Financial Leasing Co., Ltd",M0053H241010001,金融租赁公司,河南金融监管局
3681,横琴华通金融租赁有限公司,"Hengqin Huatong Financial Leasing Co., Ltd.",M0047H344040001,金融租赁公司,珠海金融监管分局
3682,湖北金融租赁股份有限公司,Hubei Financial Leasing Co.，Ltd.,M0043H242010001,金融租赁公司,湖北金融监管局
3683,华融航运金融租赁有限公司,China Huarong Shipping Financial Leasing Company Limited,M0045H231000001,金融租赁公司,上海金融监管局
3684,华融金融租赁股份有限公司,"China Huarong Financial Leasing Co.,Ltd.",M0010H233010001,金融租赁公司,浙江金融监管局
3685,华夏金融租赁有限公司,"Huaxia Financial Leasing Co.,LTD.",M0026H253010001,金融租赁公司,云南金融监管局
3686,华运金融租赁股份有限公司,"HUA YUN Financial Leasing Co.,Ltd.",M0036H212000001,金融租赁公司,天津金融监管局
3687,徽银金融租赁有限公司,"Huishang Bank Financial Leasing Co.,Ltd.",M0037H234010001,金融租赁公司,安徽金融监管局
3688,冀银金融租赁股份有限公司,"JIYIN Financial Leasing Co.,Ltd.",M0052H213010001,金融租赁公司,河北金融监管局
3689,吉林九银金融租赁股份有限公司,"Jilin Jiuyin Financial Leasing Co.,Ltd",M0066H222010001,金融租赁公司,吉林金融监管局
3690,建信金融租赁有限公司,CCB Financial Leasing Corporation Limited,M0013H211000001,金融租赁公司,北京金融监管局
3691,江南金融租赁股份有限公司,"Jiangnan Financial Leasing Co.,Ltd.",M0076H332040001,金融租赁公司,常州金融监管分局
3692,江苏金融租赁股份有限公司,"JIANGSU FINANCIAL LEASING CO.,LTD.",M0005H232010001,金融租赁公司,江苏金融监管局
3693,江西金融租赁股份有限公司,"JIANGXI FINANCIAL LEASING CORP.,LTD.",M0048H236010001,金融租赁公司,江西金融监管局
3694,交银航空航运金融租赁有限责任公司,Bank of Communications Aviation and Shipping Financial Leasing Company,M0030H231000001,金融租赁公司,上海金融监管局
3695,交银金融租赁有限责任公司,"Limited Bank of Communications Financial Leasing Co., LTD",M0012H231000001,金融租赁公司,上海金融监管局
3696,锦银金融租赁有限责任公司,"Bank of Jinzhou Financial Leasing Co.,Ltd.",M0049H221010001,金融租赁公司,辽宁金融监管局
3697,昆仑金融租赁有限责任公司,"KUNLUN Financial Leasing Co.,LTD.",M0019H250000001,金融租赁公司,重庆金融监管局
3698,洛银金融租赁股份有限公司,"BOL Financial Leasing CO.,Ltd. ​ ​",M0033H341030001,金融租赁公司,洛阳金融监管分局
3699,民生金融租赁股份有限公司,"MINSHENG FINANCIAL LEASING CO.,LTD",M0016H212000001,金融租赁公司,天津金融监管局
3700,农银金融租赁有限公司,"Agricultural Bank of China Financial Leasing Co.,Ltd.",M0021H231000001,金融租赁公司,上海金融监管局
3701,浦银金融租赁股份有限公司,"SPDB Financial Leasing Co., Ltd.",M0024H231000001,金融租赁公司,上海金融监管局
3702,前海兴邦金融租赁有限责任公司,Qianhai Xingbang Financial Leasing Company Limited,M0070H244030001,金融租赁公司,深圳金融监管局
3703,青岛青银金融租赁有限公司,BQD Financial Leasing Company Limited,M0067H237020001,金融租赁公司,青岛金融监管局
3704,山东汇通金融租赁有限公司,Shandong Huitong Financial Leasing Co.，Ltd.,M0050H237010001,金融租赁公司,山东金融监管局
3705,山东通达金融租赁有限公司,Shan Dong Tongda Financial Leasing Co.，Ltd.,M0054H237010001,金融租赁公司,山东金融监管局
3706,山西金融租赁有限公司,"SHANXI FINANCIAL LEASING CO.,LTD.",M0003H214010001,金融租赁公司,山西金融监管局
3707,四川天府金融租赁股份有限公司,"Sichuan Tianfu Financial Leasing Co.,LTD",M0063H251010001,金融租赁公司,四川金融监管局
3708,苏银金融租赁股份有限公司,"Suyin Financial Leasing Co.,Ltd.",M0038H232010001,金融租赁公司,江苏金融监管局
3709,苏州金融租赁股份有限公司,"SUZHOU FINANCIAL LEASING CO.,LTD.",M0051H332050001,金融租赁公司,苏州金融监管分局
3710,太平石化金融租赁有限责任公司,"Taiping & Sinopec Financial Leasing Co.,Ltd.",M0031H231000001,金融租赁公司,上海金融监管局
3711,天银金融租赁股份有限公司,"Bank of Tianjin Financial Leasing Co.,Ltd.",M0061H212000001,金融租赁公司,天津金融监管局
3712,皖江金融租赁股份有限公司,"Wanjiang Financial Leasing Co.,Ltd.",M0044H334020001,金融租赁公司,芜湖金融监管分局
3713,信达金融租赁股份有限公司,"Cinda Financial Leasing Co.,Ltd.",M0009H262010001,金融租赁公司,甘肃金融监管局
3714,兴业金融租赁有限责任公司,"Industrial Bank Financial Leasing Co.,LTD",M0020H212000001,金融租赁公司,天津金融监管局
3715,徐州恒鑫金融租赁股份有限公司,"Xuzhou Hengxin Financial Leasing Co.,Ltd.",M0062H332030001,金融租赁公司,徐州金融监管分局
3716,永赢金融租赁有限公司,"Maxwealth Financial Leasing Co., Ltd.",M0041H233020001,金融租赁公司,宁波金融监管局
3717,渝农商金融租赁有限责任公司,"CQRC Financial Leasing Co.,LTD.",M0034H250000001,金融租赁公司,重庆金融监管局
3718,浙江稠州金融租赁有限公司,"Zhejiang Chouzhou Financial Leasing Co.,Ltd.",M0060H233070001,金融租赁公司,浙江金融监管局
3719,浙江浙银金融租赁股份有限公司,"ZHEJIANG ZHEYIN FINANCIAL LEASING CO.,LTD.",M0065H233090001,金融租赁公司,浙江金融监管局
3720,招银航空航运金融租赁有限公司,China Merchants Bank Aviation and Shipping Financial Leasing Company,M0046H231000001,金融租赁公司,上海金融监管局
3721,招银金融租赁有限公司,"CMB Financial Leasing Co., LTD.",M0015H231000001,金融租赁公司,上海金融监管局
3722,中国金融租赁有限公司,China Financial Leasing Company Limited,M0022H212000001,金融租赁公司,天津金融监管局
3723,中国外贸金融租赁有限公司,"China National Foreign Trade Financial Leasing Co., Ltd.",M0001H211000001,金融租赁公司,北京金融监管局
3724,中铁建金融租赁有限公司,"CRCC Financial Leasing Co.,Ltd.",M0057H212000001,金融租赁公司,天津金融监管局
3725,中信金融租赁有限公司,CITIC Financial Leasing Co.，Ltd.,M0035H212000001,金融租赁公司,天津金融监管局
3726,珠江金融租赁有限公司,"Zhujiang Financial Leasing Co., Ltd.",M0032H244010001,金融租赁公司,广东金融监管局
3727,天津国泰金融租赁有限责任公司,"Tianjin Guotai Financial Leasing Co.,Ltd.",M0073H212000001,金融租赁公司,天津金融监管局
3728,中煤科工金融租赁股份有限公司,"CCTEG Financial Leasing Co.,Ltd.",M0072H212000001,金融租赁公司,天津金融监管局
3729,厦门金融租赁有限公司,"Xiamen Financial Leasing Co., Ltd.",M0074H235020001,金融租赁公司,厦门金融监管局
3730,中银金融租赁有限公司,BOC Financial Leasing Corporation Limited,M0077H250000001,金融租赁公司,重庆金融监管局
3731,江苏法巴农科设备金融租赁有限公司,"JFL BNP Paribas Agriculture and Technology Financial Leasing Co.,Ltd.",M0078H232010001,金融租赁公司,江苏金融监管局
3732,安徽省皖北煤电集团财务有限公司,无,L0195H334130001,企业集团财务公司,宿州金融监管分局
3733,淮北矿业集团财务有限公司,Huaibei Mining Group Finance Company Limited,L0194H334060001,企业集团财务公司,淮北金融监管分局
3734,安徽省能源集团财务有限公司,"ANHUI ENERGY GROUP FINANCE CO.,LTD",L0159H234010001,企业集团财务公司,安徽金融监管局
3735,铜陵有色金属集团财务有限公司,TongLing Nonferrous Metals Group Finance Corporation LTD,L0116H334070001,企业集团财务公司,铜陵金融监管分局
3736,淮南矿业集团财务有限公司,无,L0087H334040001,企业集团财务公司,淮南金融监管分局
3737,联通集团财务有限公司,UNICOM GROUP FINANCE COMPANY LIMITED,L0241H211000001,企业集团财务公司,北京金融监管局
3738,北京首农食品集团财务有限公司,"BEIJING CAPITAL AGRIBUSINESS&FOOD GROUP FINANCE CO.,LTD.",L0239H211000001,企业集团财务公司,北京金融监管局
3739,中国电建集团财务有限责任公司,POWERCHINA FINANCE COMPANY LIMITED,L0230H211000001,企业集团财务公司,北京金融监管局
3740,中国铁路财务有限责任公司,"China Railway Finance Co.,Ltd.",L0225H211000001,企业集团财务公司,北京金融监管局
3741,首钢集团财务有限公司,Shougang Group Finance Company Limited,L0219H211000001,企业集团财务公司,北京金融监管局
3742,北京金融街集团财务有限公司,BEIJING FINANCIAL STREET GROUP FINANCE CO.，LTD.,L0220H211000001,企业集团财务公司,北京金融监管局
3743,物美商业财务有限责任公司,WUMART STORES FINANCE CO.，LTD.,L0213H211000001,企业集团财务公司,北京金融监管局
3744,中国黄金集团财务有限公司,China National Gold Group Finance CO.， LTD.,L0211H211000001,企业集团财务公司,北京金融监管局
3745,天府清源控股集团财务有限责任公司,"TIANFU QINGYUAN HOLDINGS GROUP FINANCE CO., LTD.",L0210H211000001,企业集团财务公司,北京金融监管局
3746,中节能财务有限公司,"CECEP Finance Co.,Ltd.",L0200H211000001,企业集团财务公司,北京金融监管局
3747,中煤财务有限责任公司,"CHINA COAL FINANCE CO.,LTD",L0193H211000001,企业集团财务公司,北京金融监管局
3748,中铁财务有限责任公司,"China Railway Finance Co.,Ltd,",L0192H211000001,企业集团财务公司,北京金融监管局
3749,供销集团财务有限公司,"CO-OP GROUP FINANCE CO.,LTD",L0191H211000001,企业集团财务公司,北京金融监管局
3750,北京控股集团财务有限公司,Beijing Enterprises Group Finance Co.， Ltd.,L0183H211000001,企业集团财务公司,北京金融监管局
3751,北京金隅财务有限公司,"BBMG FINANCE CO.,LTD.",L0181H211000001,企业集团财务公司,北京金融监管局
3752,中交财务有限公司,CCCC Finance Company Limited,L0071H211000001,企业集团财务公司,北京金融监管局
3753,北京首都旅游集团财务有限公司,BEIJING TOURISM GROUP FINANCE CO.，LTD.,L0175H211000001,企业集团财务公司,北京金融监管局
3754,中国建材集团财务有限公司,"CHINA NATIONAL BUILDING MATERIAL GROUP FINANCE CO.,LTD.",L0174H211000001,企业集团财务公司,北京金融监管局
3755,中国电子科技财务有限公司,"CETC Finance Co.,Ltd.",L0167H211000001,企业集团财务公司,北京金融监管局
3756,中车财务有限公司,"CRRC Finance Co.,LTD",L0166H211000001,企业集团财务公司,北京金融监管局
3757,新华联控股集团财务有限责任公司,Macrolink Holding Group Finance Company Limited,L0244H211000001,企业集团财务公司,北京金融监管局
3758,中信财务有限公司,CITIC Finance Company Limited,L0163H211000001,企业集团财务公司,北京金融监管局
3759,亿利集团财务有限公司,ELION FINANCE COMPANY LIMITED,L0161H211000001,企业集团财务公司,北京金融监管局
3760,诚通财务有限责任公司,CHINA CHENGTONG FINANCE CORPORATION LTD.,L0149H211000001,企业集团财务公司,北京金融监管局
3761,中国铁建财务有限公司,CRCC Finance Company Limited,L0147H211000001,企业集团财务公司,北京金融监管局
3762,国药集团财务有限公司,"Sinopharm Group Finance Co.,Ltd",L0145H211000001,企业集团财务公司,北京金融监管局
3763,中国航油集团财务有限公司,"China National Aviation Fuel Finance Co.,Ltd.",L0138H211000001,企业集团财务公司,北京金融监管局
3764,信科（北京）财务有限公司,CICT Finance Company Limited,L0137H211000001,企业集团财务公司,北京金融监管局
3765,通用技术集团财务有限责任公司,"GENERTEC FINANCE CO.,LTD.",L0115H211000001,企业集团财务公司,北京金融监管局
3766,中建财务有限公司,"China State Construction Finance Co., Ltd.",L0117H211000001,企业集团财务公司,北京金融监管局
3767,首都机场集团财务有限公司,"Capital Airport Finance Co.,Ltd",L0094H211000001,企业集团财务公司,北京金融监管局
3768,国投财务有限公司,SDIC Finance Co.， Ltd.,L0098H211000001,企业集团财务公司,北京金融监管局
3769,保利财务有限公司,Poly Finance Company Limited,L0090H211000001,企业集团财务公司,北京金融监管局
3770,西门子财务服务有限责任公司,SIEMENS FINANCIAL SERVICES LTD.,L0074H211000001,企业集团财务公司,北京金融监管局
3771,中航工业集团财务有限责任公司,"AVIC Finance Co., Ltd.",L0081H211000001,企业集团财务公司,北京金融监管局
3772,京能集团财务有限公司,"BEH Finance Co.,Ltd.",L0020H211000001,企业集团财务公司,北京金融监管局
3773,中核财务有限责任公司,ZHONG HE FINANCE COMPANY LIMITED,L0011H211000001,企业集团财务公司,北京金融监管局
3774,中国华电集团财务有限公司,CHINA HUADIAN FINANCE CORPORATION LIMITED,L0024H211000001,企业集团财务公司,北京金融监管局
3775,兵工财务有限责任公司,NORTH INDUSTRIES GROUP FINANCE COMPANY LTD.,L0012H211000001,企业集团财务公司,北京金融监管局
3776,华联财务有限责任公司,"HUALIAN FINANCE CO.,LTD.",L0008H211000001,企业集团财务公司,北京金融监管局
3777,航天科技财务有限责任公司,AEROSPACE SCIENCE ＆ TECHNOLOGY FINANCE CO.，LTD.,L0015H211000001,企业集团财务公司,北京金融监管局
3778,兵器装备集团财务有限责任公司,"CHINA SOUTH INDUSTRIES GROUP FINANCE CO.,LTD.",L0019H211000001,企业集团财务公司,北京金融监管局
3779,中国石化财务有限责任公司,"SINOPEC FINANCE CO., LTD.",L0002H211000001,企业集团财务公司,北京金融监管局
3780,五矿集团财务有限责任公司,MINMETALS FINANCE COMPANY LIMITED,L0001H211000001,企业集团财务公司,北京金融监管局
3781,中国电力财务有限公司,"CHINA POWER FINANCE CO., LTD.",L0006H211000001,企业集团财务公司,北京金融监管局
3782,中油财务有限责任公司,CHINA PETROLEUM FINANCE COMPANY LIMITED,L0003H211000001,企业集团财务公司,北京金融监管局
3783,三峡财务有限责任公司,"THREE GORGES FINANCE CO.,LTD",L0056H242050001,企业集团财务公司,北京金融监管局
3784,航天科工财务有限责任公司,AEROSPACE SCIENCE & INDUSTRY FINANCE CORPORATION,L0009H211000001,企业集团财务公司,北京金融监管局
3785,国家能源集团财务有限公司,"CHN Energy Finance Co.,Ltd",L0022H211000001,企业集团财务公司,北京金融监管局
3786,中国大唐集团财务有限公司,"China Datang Finance Co.,Ltd.",L0025H211000001,企业集团财务公司,北京金融监管局
3787,国机财务有限责任公司,"SINOMACH FINANCE CO.,LTD",L0010H211000001,企业集团财务公司,北京金融监管局
3788,中粮财务有限责任公司,COFCO FINANCE CORPORATION LIMITED,L0023H211000001,企业集团财务公司,北京金融监管局
3789,国家电投集团财务有限公司,"SPIC Financial Co.,Ltd",L0026H211000001,企业集团财务公司,北京金融监管局
3790,中海石油财务有限责任公司,CNOOC Finance Corporation Limited,L0007H211000002,企业集团财务公司,北京金融监管局
3791,中国航空集团财务有限责任公司,"CHINA NATIONAL AVIATION FINANCE CO.,LTD.",L0016H211000001,企业集团财务公司,北京金融监管局
3792,中国电子财务有限责任公司,"CHINA ELECTRONICS FINANCIAL CO.,LTD.",L0014H211000001,企业集团财务公司,北京金融监管局
3793,中铝财务有限责任公司,CHINALCO Finance Company Limited,L0127H211000001,企业集团财务公司,北京金融监管局
3794,北京汽车集团财务有限公司,无,L0135H211000001,企业集团财务公司,北京金融监管局
3795,招商局集团财务有限公司,"China Merchants Group Finance Co., Ltd.",L0125H211000001,企业集团财务公司,北京金融监管局
3796,中国移动通信集团财务有限公司,China Mobile Finance Company Limited,L0143H211000001,企业集团财务公司,北京金融监管局
3797,中化工程集团财务有限公司,"China National Chemical Engineering Group Finance Co.,Ltd.",L0158H211000001,企业集团财务公司,北京金融监管局
3798,国新集团财务有限责任公司,"CHINA REFORM GROUP FINANCE CO., LTD.",L0262H211000001,企业集团财务公司,北京金融监管局
3799,中国电信集团财务有限公司,"CHINA TELECOM GROUP FINANCE CO., LTD.",L0269H211000001,企业集团财务公司,北京金融监管局
3800,中国航发集团财务有限公司,"AECC FINANCE CO., LTD.",L0266H211000001,企业集团财务公司,北京金融监管局
3801,中储粮集团财务有限公司,Sinograin Group Finance Company Limited,L0279H211000001,企业集团财务公司,北京金融监管局
3802,新兴际华集团财务有限公司,"XINXING CATHAY INTERNATIONAL GROUP FINANCE CO., LTD.",L0282H211000001,企业集团财务公司,北京金融监管局
3803,福建七匹狼集团财务有限公司,"FUJIAN SEPTWOLVES GROUP FINANCE CO.,LTD",L0209H335050001,企业集团财务公司,泉州金融监管分局
3804,福建省能源石化集团财务有限公司,Fujian Energy Petrochemical Group Finance Company Limited,L0131H235010001,企业集团财务公司,福建金融监管局
3805,紫金矿业集团财务有限公司,ZiJin Mining Group Finance Company Limited,L0102H335080001,企业集团财务公司,龙岩金融监管分局
3806,福建省港口集团财务有限公司,"Fujian Provincial Port Group Finance Co., Ltd",L0271H235010001,企业集团财务公司,福建金融监管局
3807,酒钢集团财务有限公司,"Jiugang Group Finance Co.,Ltd",L0123H262010001,企业集团财务公司,甘肃金融监管局
3808,金川集团财务有限公司,"Jinchuan Group Finance Co.,Ltd.",L0120H262010001,企业集团财务公司,甘肃金融监管局
3809,甘肃电投集团财务有限公司,"GEPIC Finance Co.,Ltd.",L0237H262010001,企业集团财务公司,甘肃金融监管局
3810,粤海集团财务有限公司,"GDH FINANCE CO.,LTD.",L0229H244010001,企业集团财务公司,广东金融监管局
3811,广东省广晟财务有限公司,"Guangdong Rising Finance Co., Ltd.",L0216H244010001,企业集团财务公司,广东金融监管局
3812,广东省交通集团财务有限公司,"Guangdong Provincial Communication Group Finance Co.,Ltd.",L0204H244010001,企业集团财务公司,广东金融监管局
3813,美的集团财务有限公司,"Midea Group Finance Co., Ltd",L0110H344060001,企业集团财务公司,佛山金融监管分局
3814,TCL科技集团财务有限公司,无,L0066H344130001,企业集团财务公司,惠州金融监管分局
3815,广东能源集团财务有限公司,"Guangdong Energy Group Finance Co.,Ltd.",L0061H244010001,企业集团财务公司,广东金融监管局
3816,南方电网财务有限公司,无,L0060H244010001,企业集团财务公司,广东金融监管局
3817,珠海格力集团财务有限责任公司,无,L0062H344040001,企业集团财务公司,珠海金融监管分局
3818,珠海华发集团财务有限公司,"Zhuhai Huafa Group Finance Co., Ltd.",L0178H344040001,企业集团财务公司,珠海金融监管分局
3819,中国南航集团财务有限公司,无,L0059H244010001,企业集团财务公司,广东金融监管局
3820,广州发展集团财务有限公司,"Guangzhou Development Group Finance Co.,Ltd.",L0245H244010001,企业集团财务公司,广东金融监管局
3821,广州汽车集团财务有限公司,"GAC FINANCE Co.,Ltd.",L0252H244010001,企业集团财务公司,广东金融监管局
3822,广东温氏集团财务有限公司,"GUANGDONG WENS GROUP FINANCE CO.,LTD.",L0267H344530001,企业集团财务公司,云浮金融监管分局
3823,广东省农垦集团财务有限公司,"GUANGDONG AGRIBUSINESS GROUP FINANCE CO.,LTD.",L0272H244010001,企业集团财务公司,广东金融监管局
3824,广西交通投资集团财务有限责任公司,无,L0050H245010001,企业集团财务公司,广西金融监管局
3825,广州港集团财务有限公司,GUANGZHOU PORT GROUP FINANCE CO．， LTD．,L0278H244010001,企业集团财务公司,广东金融监管局
3826,贵州能源集团财务有限公司,Guizhou Energy Group Finance Company Limited,L0176H252010001,企业集团财务公司,贵州金融监管局
3827,贵州茅台集团财务有限公司,"KWEICHOU MOUTAI GROUP FINANCE CO.,LTD",L0173H252030001,企业集团财务公司,贵州金融监管局
3828,海南农垦集团财务有限公司,"Hainan State Farms Group Finance Co.,Ltd.",L0140H246010001,企业集团财务公司,海南金融监管局
3829,海马财务有限公司,"HAIMA FINANCE CO., LTD.",L0096H246010001,企业集团财务公司,海南金融监管局
3830,河北港口集团财务有限公司,Hebei Port Group Finance Company Limited,L0199H313030001,企业集团财务公司,秦皇岛金融监管分局
3831,中化集团财务有限责任公司,"SINOCHEM FINANCE CO.,LTD.",L0091H313310001,企业集团财务公司,河北金融监管局
3832,中国华能财务有限责任公司,CHINA HUANENG FINANCE CORPORATION LIMITED,L0004H313310001,企业集团财务公司,河北金融监管局
3833,河北建投集团财务有限公司,Hebei Construction & Investment Group Finance Company Limited,L0169H213010001,企业集团财务公司,河北金融监管局
3834,河钢集团财务有限公司,"HBIS Group Finance Co.,Ltd.",L0236H213010001,企业集团财务公司,河北金融监管局
3835,开滦集团财务有限责任公司,"KAI LUAN GROUP FINANCE CO.,LTD.",L0139H313020001,企业集团财务公司,唐山金融监管分局
3836,新奥财务有限责任公司,"ENN Finance Co.,Ltd.",L0124H213100001,企业集团财务公司,廊坊金融监管分局
3837,冀中能源集团财务有限责任公司,无,L0029H213010001,企业集团财务公司,河北金融监管局
3838,河南双汇集团财务有限公司,无,L0242H341110001,企业集团财务公司,漯河金融监管分局
3839,天瑞集团财务有限责任公司,"Tianrui Group Finance Co.,LTD.",L0226H241010001,企业集团财务公司,河南金融监管局
3840,中国平煤神马集团财务有限责任公司,"China Pingmei Shenma Group Finance Co.,Ltd.",L0077H341040001,企业集团财务公司,平顶山金融监管分局
3841,郑州宇通集团财务有限公司,"ZHENGZHOU YUTONG GROUP FINANCE CO.,LTD.",L0146H241010001,企业集团财务公司,河南金融监管局
3842,河南能源集团财务有限公司,无,L0099H241010001,企业集团财务公司,河南金融监管局
3843,哈尔滨电气集团财务有限责任公司,无,L0113H223010001,企业集团财务公司,黑龙江金融监管局
3844,一重集团财务有限公司,无,L0280H223010001,企业集团财务公司,黑龙江金融监管局
3845,有色矿业集团财务有限公司,"Nonferrous Metal Mining Group Finance Co.,Ltd",L0188H242010001,企业集团财务公司,湖北金融监管局
3846,湖北宜化集团财务有限责任公司,"HUBEI YIHUA GROUP FINANCE CO.,LTD",L0134H342050001,企业集团财务公司,宜昌金融监管分局
3847,东风汽车财务有限公司,"DONGFENG MOTOR FINANCE CO.,LTD.",L0052H242010001,企业集团财务公司,湖北金融监管局
3848,湖北交投集团财务有限公司,无,L0217H242010001,企业集团财务公司,湖北金融监管局
3849,中国能源建设集团财务有限公司,无,L0055H211000001,企业集团财务公司,北京金融监管局
3850,三环集团财务有限公司,无,L0256H242010001,企业集团财务公司,湖北金融监管局
3851,中联重科集团财务有限公司,"Zoomlion Finance Co.,LTD",L0215H243010001,企业集团财务公司,湖南金融监管局
3852,湖南出版投资控股集团财务有限公司,"Hunan Publishing Investment Holding Group Finance Co.,Ltd.",L0196H243010001,企业集团财务公司,湖南金融监管局
3853,湖南钢铁集团财务有限公司,"Hunan Iron&Steel Group Finance Co.,Ltd.",L0057H243010001,企业集团财务公司,湖南金融监管局
3854,湖南高速集团财务有限公司,"Hunan Expressway Group Finance Co.,Ltd",L0132H243010001,企业集团财务公司,湖南金融监管局
3855,一汽财务有限公司,无,L0033H222010001,企业集团财务公司,吉林金融监管局
3856,江苏悦达集团财务有限公司,"JIANGSU YUEDA GROUP FINANCE CO.,LTD.",L0232H332090001,企业集团财务公司,盐城金融监管分局
3857,亨通财务有限公司,"HENGTONG FINANCE CO.,LTD.",L0180H332050001,企业集团财务公司,苏州金融监管分局
3858,江苏国泰财务有限公司,"JIANGSU GUOTAI FINANCE CO.,LTD.",L0179H332050001,企业集团财务公司,苏州金融监管分局
3859,徐工集团财务有限公司,无,L0054H332030001,企业集团财务公司,徐州金融监管分局
3860,江苏交通控股集团财务有限公司,"JIANGSU COMMUNICATIONS HOLDING GROUP FINANCE CO.,LTD.",L0142H232010001,企业集团财务公司,江苏金融监管局
3861,江苏省国信集团财务有限公司,"JIANGSU GUOXIN FINANCE CO.,LTD.",L0118H232010001,企业集团财务公司,江苏金融监管局
3862,沙钢财务有限公司,"SHAGANG FINANCE CO.,LTD.",L0109H332050001,企业集团财务公司,苏州金融监管分局
3863,江苏华西集团财务有限公司,无,L0101H332020001,企业集团财务公司,无锡金融监管分局
3864,国联财务有限责任公司,"GUOLIAN FINANCE CO.,LTD.",L0093H332020001,企业集团财务公司,无锡金融监管分局
3865,红豆集团财务有限公司,无,L0095H332020001,企业集团财务公司,无锡金融监管分局
3866,苏州创元集团财务有限公司,"SUZHOU CHUANG YUAN GROUP FINANCE CO.,LTD.",L0044H332050001,企业集团财务公司,苏州金融监管分局
3867,江苏凤凰出版传媒集团财务有限公司,"JIANGSU PHOENIX PUBLISHING & MEDIA GROUP FINANCE CO.,LTD.",L0246H232010001,企业集团财务公司,江苏金融监管局
3868,连云港港口集团财务有限公司,无,L0254H332070001,企业集团财务公司,连云港金融监管分局
3869,江西铜业集团财务有限公司,无,L0080H236010001,企业集团财务公司,江西金融监管局
3870,江铃汽车集团财务有限公司,无,L0047H236010001,企业集团财务公司,江西金融监管局
3871,江西省交通投资集团财务有限公司,"Jiangxi Provincial Communications Investment Group Finance CO.,LTD.",L0268H236010001,企业集团财务公司,江西金融监管局
3872,鞍钢集团财务有限责任公司,无,L0031H221030001,企业集团财务公司,辽宁金融监管局
3873,内蒙古伊泰财务有限公司,Inner Mongolia Yitai Finance Company Limited,L0224H315060001,企业集团财务公司,鄂尔多斯金融监管分局
3874,内蒙古电力集团财务有限责任公司,"Inner Mongolia Power Group Finance Co.,Ltd.",L0223H215010001,企业集团财务公司,内蒙古金融监管局
3875,伊利财务有限公司,YiLi Finance Company Limited,L0185H215010001,企业集团财务公司,内蒙古金融监管局
3876,鄂尔多斯财务有限公司,"ERDOS FINANCE CO.,LTD.",L0186H215010001,企业集团财务公司,内蒙古金融监管局
3877,包钢集团财务有限责任公司,"Baotou Steel Group Finance Co.,Ltd.",L0122H315020001,企业集团财务公司,包头金融监管分局
3878,浙江海港集团财务有限公司,Zhejiang Seaport Group Finance Co.Ltd.,L0111H233020001,企业集团财务公司,宁波金融监管局
3879,宝塔石化集团财务有限公司,"BAOTA PETROCHEMICAL GROUP FINANCE Co.,LTD.",L0238H264010001,企业集团财务公司,宁夏金融监管局
3880,山东港口集团财务有限责任公司,"Shandong Port Group Finance Co.,Ltd",L0201H237020001,企业集团财务公司,青岛金融监管局
3881,青岛啤酒财务有限责任公司,"Tsingtao Brewery Finance CO.,Ltd.",L0126H237020001,企业集团财务公司,青岛金融监管局
3882,海信集团财务有限公司,"Hisense Finance Co.,Ltd",L0092H237020001,企业集团财务公司,青岛金融监管局
3883,海尔集团财务有限责任公司,"Haier Finance Co.,Ltd.",L0049H237020001,企业集团财务公司,青岛金融监管局
3884,青建集团财务有限责任公司,"Qingjian Group Finance Co.,Ltd.",L0249H237020001,企业集团财务公司,青岛金融监管局
3885,西部矿业集团财务有限公司,"Western Mining Group Finance Co.,Ltd.",L0141H263010001,企业集团财务公司,青海金融监管局
3886,厦门翔业集团财务有限公司,"XIAMEN IPORT GROUP FINANCE CO.,LTD.",L0243H235020001,企业集团财务公司,厦门金融监管局
3887,厦门国贸控股集团财务有限公司,"XIAMEN ITG HOLDING GROUP FINANCE CO.,LTD.",L0162H235020001,企业集团财务公司,厦门金融监管局
3888,西王集团财务有限公司,Xiwang Group Finance Company Limited,L0231H237010001,企业集团财务公司,山东金融监管局
3889,山东招金集团财务有限公司,"Shandong Zhaojin Group Finance Co.,Ltd.",L0221H337060001,企业集团财务公司,烟台金融监管分局
3890,山东能源集团财务有限公司,"Shandong Energy Group Finance Co.,Ltd.",L0187H237010001,企业集团财务公司,山东金融监管局
3891,山东黄金集团财务有限公司,"Shandong Gold Group Finance Co.,Ltd.",L0073H237010001,企业集团财务公司,山东金融监管局
3892,山东重工集团财务有限公司,"Shandong Heavy Industry Group Finance Co.,Ltd.",L0151H237010001,企业集团财务公司,山东金融监管局
3893,山东钢铁集团财务有限公司,"Shandong Iron & Steel Group Financial Co.,Ltd.",L0144H237010001,企业集团财务公司,山东金融监管局
3894,南山集团财务有限公司,"Nanshan Finance Company,Ltd.",L0097H337060001,企业集团财务公司,烟台金融监管分局
3895,中国重汽财务有限公司,"CHINA HEAVY DUTY TRUCK FINANCE CO.,LTD.",L0048H237010001,企业集团财务公司,山东金融监管局
3896,山东省商业集团财务有限公司,"Shandong Commercial Group Finance Co.,Ltd.",L0148H237010001,企业集团财务公司,山东金融监管局
3897,浪潮集团财务有限公司,"Inspur Group Finance Co.,Ltd.",L0275H237010001,企业集团财务公司,山东金融监管局
3898,华泰集团财务有限公司,Huatai Group Finance Company Limited,L0277H237010001,企业集团财务公司,山东金融监管局
3899,山东东明石化集团财务有限公司,"SHANDONG DONGMING PETROCHEMICAL GROUP FINANCE CO.,LTD.",L0283H337170001,企业集团财务公司,菏泽金融监管分局
3900,阳泉煤业集团财务有限责任公司,"YANGQUAN COAL INDUSTRY GROUP FINANCE CO.,LTD.",L0104H314030001,企业集团财务公司,阳泉金融监管分局
3901,晋煤集团财务有限公司,"JINCHENG ANTHRACITE MINING GROUP FINANCE Co.,Ltd.",L0103H314050001,企业集团财务公司,晋城金融监管分局
3902,潞安集团财务有限公司,无,L0085H314040001,企业集团财务公司,长治金融监管分局
3903,山西焦煤集团财务有限责任公司,"SHANXI COKING COAL GROUP FINANCE CO.,LTD.",L0105H214010001,企业集团财务公司,山西金融监管局
3904,陕西延长石油财务有限公司,"Shaanxi Yanchang Petroleum Finance Co.,Ltd.",L0184H261010001,企业集团财务公司,陕西金融监管局
3905,陕西煤业化工集团财务有限公司,"Shaanxi Coal and Chemical Industry Group Finance Co.,Ltd.",L0155H261010001,企业集团财务公司,陕西金融监管局
3906,西电集团财务有限责任公司,无,L0072H261010001,企业集团财务公司,陕西金融监管局
3907,陕西投资集团财务有限责任公司,无,L0255H261010001,企业集团财务公司,陕西金融监管局
3908,光明食品集团财务有限公司,无,L0205H231000001,企业集团财务公司,上海金融监管局
3909,百联集团财务有限责任公司,"Bailian Group Finance Co.,Ltd.",L0069H231000001,企业集团财务公司,上海金融监管局
3910,上海华谊集团财务有限责任公司,Shanghai Huayi Group Finance Company Ltd.,L0154H231000001,企业集团财务公司,上海金融监管局
3911,上海复星高科技集团财务有限公司,Fosun Group Finance Corporation Limited,L0128H231000001,企业集团财务公司,上海金融监管局
3912,中远海运集团财务有限责任公司,"COSCO SHIPPING FINANCE CO.,LTD.",L0107H231000001,企业集团财务公司,上海金融监管局
3913,日立（中国）财务有限公司,"Hitachi (China) Finance Co.,Ltd.",L0088H231000001,企业集团财务公司,上海金融监管局
3914,松下电器（中国）财务有限公司,"Panasonic Finance China Co.,Ltd.",L0083H231000001,企业集团财务公司,上海金融监管局
3915,申能集团财务有限公司,Shenergy Group Finance Company Limited,L0082H231000001,企业集团财务公司,上海金融监管局
3916,上海汽车集团财务有限责任公司,无,L0038H231000001,企业集团财务公司,上海金融监管局
3917,中船财务有限责任公司,无,L0042H231000001,企业集团财务公司,上海金融监管局
3918,上海浦东发展集团财务有限责任公司,无,L0041H231000001,企业集团财务公司,上海金融监管局
3919,宝武集团财务有限责任公司,"BAOWU GROUP FINANCE CO., LTD.",L0037H231000001,企业集团财务公司,上海金融监管局
3920,东航集团财务有限责任公司,无,L0039H231000001,企业集团财务公司,上海金融监管局
3921,锦江国际集团财务有限责任公司,"Jin Jiang International Holdings Finance Co.,Ltd.",L0036H231000001,企业集团财务公司,上海金融监管局
3922,上海电气集团财务有限责任公司,无,L0040H231000001,企业集团财务公司,上海金融监管局
3923,上海外高桥集团财务有限公司,"Shanghai Waigaoqiao Group Finance Co.,Ltd",L0222H231000001,企业集团财务公司,上海金融监管局
3924,上海上实集团财务有限公司,无,L0202H231000001,企业集团财务公司,上海金融监管局
3925,上海文化广播影视集团财务有限公司,"Shanghai Media Group Finance Co.,Ltd.",L0250H231000001,企业集团财务公司,上海金融监管局
3926,红星美凯龙家居集团财务有限责任公司,"Redstar Macalline Group Finance Co., Ltd.",L0257H231000001,企业集团财务公司,上海金融监管局
3927,东方国际集团财务有限公司,"Orient International Holding Finance Co., Ltd.",L0260H231000001,企业集团财务公司,上海金融监管局
3928,商飞集团财务有限责任公司,"COMAC Finance Co.,Ltd.",L0263H231000001,企业集团财务公司,上海金融监管局
3929,上海城投集团财务有限公司,"Shanghai Chengtou Group Finance Co.,Ltd.",L0273H231000001,企业集团财务公司,上海金融监管局
3930,创维集团财务有限公司,Skyworth Group Finance Company Limited,L0177H244030001,企业集团财务公司,深圳金融监管局
3931,中开财务有限公司,China Development Finance Company Limited,L0078H244030001,企业集团财务公司,深圳金融监管局
3932,中旅集团财务有限公司,CTG FINANCE COMPANY LIMITED,L0153H244030001,企业集团财务公司,深圳金融监管局
3933,深圳华强集团财务有限公司,SZHQ GROUP FINANCE COMPANY LTD.,L0150H244030001,企业集团财务公司,深圳金融监管局
3934,中兴通讯集团财务有限公司,ZTE GROUP FINANCE COMPANY LIMITED,L0129H244030001,企业集团财务公司,深圳金融监管局
3935,中集集团财务有限公司,CIMC FINANCE COMPANY LTD.,L0108H244030001,企业集团财务公司,深圳金融监管局
3936,深圳能源财务有限公司,无,L0089H244030001,企业集团财务公司,深圳金融监管局
3937,中广核财务有限责任公司,无,L0065H244030001,企业集团财务公司,深圳金融监管局
3938,顺丰控股集团财务有限公司,SF Holdings Group Finance Company Limited,L0247H244030001,企业集团财务公司,深圳金融监管局
3939,四川省宜宾五粮液集团财务有限公司,"Sichuan Yibin Wuliangye Group Finance Co.,Ltd",L0197H251150001,企业集团财务公司,宜宾金融监管分局
3940,四川长虹集团财务有限公司,"Sichuan Changhong Group Finance Co.,Ltd",L0156H251070001,企业集团财务公司,绵阳金融监管分局
3941,新希望财务有限公司,"New Hope Finance Co.,Ltd.",L0121H251010001,企业集团财务公司,四川金融监管局
3942,东方电气集团财务有限公司,DEC FINANCE LIMITED COMPANY,L0067H251010001,企业集团财务公司,四川金融监管局
3943,天津天保财务有限公司,"Tianjin T&B Finance Co., Ltd.",L0160H212000001,企业集团财务公司,天津金融监管局
3944,天津港财务有限公司,"Tianjin Port Finance Co.,Ltd.",L0028H212000001,企业集团财务公司,天津金融监管局
3945,天津渤海集团财务有限责任公司,无,L0027H212000001,企业集团财务公司,天津金融监管局
3946,天津医药集团财务有限公司,"Tianjin Pharmaceutical Group Finance Co.,Ltd.",L0248H212000001,企业集团财务公司,天津金融监管局
3947,天津能源集团财务有限公司,Tianjin Energy Group Finance Corporation Limited,L0258H212000001,企业集团财务公司,天津金融监管局
3948,特变电工集团财务有限公司,"TBEA GROUP FINANCE CO.,LTD.",L0265H365230001,企业集团财务公司,昌吉金融监管分局
3949,金风科技集团财务有限公司,"Goldwind Finance Co.,Ltd.",L0264H265010001,企业集团财务公司,新疆金融监管局
3950,云南建投集团财务有限公司,Yunnan Construction and Investment Holding Group Financial Management,L0235H253010001,企业集团财务公司,云南金融监管局
3951,云南昆钢集团财务有限公司,"Company Limited Yunnan Kunming Iron & Steel Group Finance Co.,LTD.",L0227H253010001,企业集团财务公司,云南金融监管局
3952,云南云天化集团财务有限公司,"Yunnan Yuntianhua Group Finance Co.,Ltd.",L0182H253010001,企业集团财务公司,云南金融监管局
3953,物产中大集团财务有限公司,"Materials Industry Zhongda Group Finance Co.,Ltd.",L0233H233010001,企业集团财务公司,浙江金融监管局
3954,巨化集团财务有限责任公司,"Juhua Group Finance Co.,Ltd.",L0190H233080001,企业集团财务公司,衢州金融监管分局
3955,海亮集团财务有限责任公司,"HAILIANG FINANCE CO.,LTD",L0172H233010001,企业集团财务公司,浙江金融监管局
3956,浙江省交通投资集团财务有限责任公司,"Zhejiang Communications Investment Group Finance Co.,Ltd.",L0164H233010001,企业集团财务公司,浙江金融监管局
3957,浙江省能源集团财务有限责任公司,"ZHEJIANG PROVINCIAL ENERGY GROUP FINANCE CO.,LTD.",L0046H233010001,企业集团财务公司,浙江金融监管局
3958,万向财务有限公司,"WANXIANG Finance Co.,Limited",L0045H233010001,企业集团财务公司,浙江金融监管局
3959,杭州锦江集团财务有限责任公司,"Hangzhou Jinjiang Group Finance Co.,Ltd.",L0259H233010001,企业集团财务公司,浙江金融监管局
3960,正泰集团财务有限公司,"CHINT GROUP FINANCE Co.,LTD.",L0261H233030001,企业集团财务公司,温州金融监管分局
3961,传化集团财务有限公司,"Transfar Group Finance Co.,Ltd.",L0274H233010001,企业集团财务公司,浙江金融监管局
3962,重庆市能源投资集团财务有限公司,"Chongqing Energy Investment Group Finance Co.,Ltd.",L0203H250000001,企业集团财务公司,重庆金融监管局
3963,重庆机电控股集团财务有限公司,Chongqing Machinery and Electronics Holding Group Finance Company Limited,L0168H250040001,企业集团财务公司,重庆金融监管局
3964,重庆化医控股集团财务有限公司,"Chongqing Chemical and Pharmaceutical Holdings Group Finance Co.,Ltd.",L0119H250000001,企业集团财务公司,重庆金融监管局
3965,中国融通集团财务有限责任公司,"CHINA RONG TONG FINANCE CO., LTD.",L0284H211000001,企业集团财务公司,北京金融监管局
3966,通号集团财务有限公司,CRSC Finance Company Limited,L0285H211000001,企业集团财务公司,北京金融监管局
3967,中国物流集团财务有限公司,CHINA LOGISTICS GROUP FINANCE CORPORATION LTD.,L0287H211000001,企业集团财务公司,北京金融监管局
3968,北银消费金融有限公司,"Bank of Beijing Consumer Finance Co., Ltd.",X0001H211000001,消费金融公司,北京金融监管局
3969,四川锦程消费金融有限责任公司,Sichuan Jincheng Consumer Finance Limited Company,X0002H251010001,消费金融公司,四川金融监管局
3970,中银消费金融有限公司,Bank of China Consumer Finance Company Limited,X0003H231000001,消费金融公司,上海金融监管局
3971,天津京东消费金融有限公司,"Tianjin Jingdong Consumer Finance Co.,Ltd.",X0004H212000001,消费金融公司,天津金融监管局
3972,兴业消费金融股份公司,"Industrial Consumer Finance CO.,LTD.",X0005H335050001,消费金融公司,泉州金融监管分局
3973,海尔消费金融有限公司,"Haier Consumer Finance Co., Ltd.",X0006H237020001,消费金融公司,青岛金融监管局
3974,招联消费金融股份有限公司,Merchants Union Consumer Finance Company Limited,X0007H244030001,消费金融公司,深圳金融监管局
3975,湖北消费金融股份有限公司,"HUBEI CONSUMER FINANCE CO.,LTD",X0008H242010001,消费金融公司,湖北金融监管局
3976,南银法巴消费金融有限公司,"BON BNPP CONSUMER FINANCE CO.,LTD.",X0009H232010001,消费金融公司,江苏金融监管局
3977,马上消费金融股份有限公司,"MaShang Consumer Finance Co., Ltd",X0010H250000001,消费金融公司,重庆金融监管局
3978,中邮消费金融有限公司,PSBC CONSUMER FINANCE COMPANY LIMITED,X0011H244010001,消费金融公司,广东金融监管局
3979,杭银消费金融股份有限公司,"Bank of Hangzhou Consumer Finance Co.,Ltd.",X0012H233010001,消费金融公司,浙江金融监管局
3980,浙江宁银消费金融股份有限公司,"ZHEJIANG BNB CONSUMER FINANCE CO.,LTD.",X0013H233020001,消费金融公司,宁波金融监管局
3981,晋商消费金融股份有限公司,"Jinshang Consumer Finance Co.,Ltd.",X0014H214010001,消费金融公司,山西金融监管局
3982,盛银消费金融有限公司,"Shengjing Bank Consumer Finance Co., Ltd",X0015H221010001,消费金融公司,辽宁金融监管局
3983,陕西长银消费金融有限公司,"Shaanxi Changyin Consumer Finance Co.,Ltd.",X0016H261010001,消费金融公司,陕西金融监管局
3984,内蒙古蒙商消费金融股份有限公司,"Inner Mongolia MENGSHANG Consumer Finance Co., Ltd.",X0017H315020001,消费金融公司,包头金融监管分局
3985,河南中原消费金融股份有限公司,"Henan ZhongYuan Consumer Finance Corp.,Ltd.",X0018H241010001,消费金融公司,河南金融监管局
3986,湖南长银五八消费金融股份有限公司,HUNAN CHANGYIN 58 CONSUMER FINANCE CORPORATION LIMITED,X0019H243010001,消费金融公司,湖南金融监管局
3987,哈尔滨哈银消费金融有限责任公司,"Harbin Bank Consumer Finance Co.,Ltd.",X0020H223010001,消费金融公司,黑龙江金融监管局
3988,河北幸福消费金融股份有限公司,"Hebei Happy Consumer Finance Co.,Ltd",X0021H213010001,消费金融公司,河北金融监管局
3989,上海尚诚消费金融股份有限公司,Shanghai ShangCheng Consumer Finance Corporation Limited,X0022H231000001,消费金融公司,上海金融监管局
3990,厦门金美信消费金融有限责任公司,Xiamen Jinmeixin Consumer Finance Co.， Ltd.,X0023H235020001,消费金融公司,厦门金融监管局
3991,中信消费金融有限公司,"CITIC Consumer Finance Co., Ltd.",X0024H211000001,消费金融公司,北京金融监管局
3992,平安消费金融有限公司,"Ping An Consumer Finance Co., Ltd.",X0025H231000001,消费金融公司,上海金融监管局
3993,重庆小米消费金融有限公司,"Chongqing Xiaomi Consumer Finance Co., Ltd",X0026H250000001,消费金融公司,重庆金融监管局
3994,北京阳光消费金融股份有限公司,"Beijing Sunshine Consumer Finance Co., Ltd.",X0027H211000001,消费金融公司,北京金融监管局
3995,重庆蚂蚁消费金融有限公司,Chongqing Ant Consumer Finance Co.， Ltd.,X0029H250000001,消费金融公司,重庆金融监管局
3996,苏银凯基消费金融有限公司,"Suyin KGI Consumer Finance Co., Ltd.",X0028H332050001,消费金融公司,苏州金融监管分局
3997,四川省唯品富邦消费金融有限公司,"Sichuan VipFubon Consumer Finance Co., Ltd.",X0030H251010001,消费金融公司,四川金融监管局
3998,建信消费金融有限责任公司,"CCB Consumer Finance Co., Ltd.",X0031H211000001,消费金融公司,北京金融监管局
3999,大众汽车金融（中国）有限公司,"Volkswagen Finance (China) Co., Ltd.",N0001H211000001,汽车金融公司,北京金融监管局
4000,丰田汽车金融（中国）有限公司,Toyota Motor Finance (China) Company Limited,N0002H211000001,汽车金融公司,北京金融监管局
4001,梅赛德斯-奔驰汽车金融有限公司,Mercedes-Benz Auto Finance Ltd.,N0003H211000001,汽车金融公司,北京金融监管局
4002,东风汽车金融有限公司,Dongfeng Auto Finance Company Ltd.,N0004H211000001,汽车金融公司,北京金融监管局
4003,沃尔沃汽车金融（中国）有限公司,Volvo Automotive Finance (China) Limited,N0005H211000001,汽车金融公司,北京金融监管局
4004,上汽通用汽车金融有限责任公司,SAIC-GMAC Automotive Finance Company Limited,N0006H231000001,汽车金融公司,上海金融监管局
4005,福特汽车金融（中国）有限公司,Ford Automotive Finance (China) Limited,N0007H231000001,汽车金融公司,上海金融监管局
4006,东风日产汽车金融有限公司,"Dongfeng Nissan Auto Finance Co., Ltd.",N0008H231000001,汽车金融公司,上海金融监管局
4007,斯泰兰蒂斯汽车金融有限公司,"Stellantis Automotive Finance Co.,Ltd.",N0009H231000001,汽车金融公司,上海金融监管局
4008,广汽汇理汽车金融有限公司,"GAC-SOFINCO Automobile Finance CO., LTD.",N0011H244010001,汽车金融公司,广东金融监管局
4009,宝马汽车金融（中国）有限公司,"BMW Automotive Finance(China) Co., Ltd.",N0012H211000001,汽车金融公司,北京金融监管局
4010,三一汽车金融有限公司,无,N0013H243010001,汽车金融公司,湖南金融监管局
4011,一汽汽车金融有限公司,FAW Auto Finance Company Limited,N0014H222010001,汽车金融公司,吉林金融监管局
4012,北京现代汽车金融有限公司,"Beijing Hyundai Auto Finance Co., Ltd.",N0015H211000001,汽车金融公司,北京金融监管局
4013,天津长城滨银汽车金融有限公司,Tianjin Great Wall Binyin Automotive Finance Company Ltd,N0016H212000001,汽车金融公司,天津金融监管局
4014,长安汽车金融有限公司,"Changan Auto Finance Co., Ltd.",N0017H250000001,汽车金融公司,重庆金融监管局
4015,瑞福德汽车金融有限公司,"Fortune Auto Finance Co., Ltd.",N0018H234010001,汽车金融公司,安徽金融监管局
4016,奇瑞徽银汽车金融股份有限公司,"CHERY HUIYIN MOTOR FINANCE SERVICE CO.,LTD",N0019H334020001,汽车金融公司,芜湖金融监管分局
4017,比亚迪汽车金融有限公司,无,N0020H261010001,汽车金融公司,陕西金融监管局
4018,华泰汽车金融有限公司,Hawtai Motor Finance co.Ltd,N0021H212000001,汽车金融公司,天津金融监管局
4019,上海东正汽车金融股份有限公司,"Shanghai Dongzheng Automotive Finance Co., Ltd",N0022H231000001,汽车金融公司,上海金融监管局
4020,华晨东亚汽车金融有限公司,"Brilliance-BEA Auto Finance Co., Ltd",N0023H231000001,汽车金融公司,上海金融监管局
4021,吉致汽车金融有限公司,"Genius Auto Finance Co., Ltd.",N0024H231000001,汽车金融公司,上海金融监管局
4022,重汽汽车金融有限公司,"Sinotruk Auto Finance Co., Ltd.",N0025H237010001,汽车金融公司,山东金融监管局
4023,北汽汽车金融（杭州）有限公司,"BAIC Automotive Finance（Hangzhou） Co.,Ltd.",N0027H233010001,汽车金融公司,浙江金融监管局
4024,上海国利货币经纪有限公司,TULLETT PREBON SITICO (CHINA) LTD.,P0001H231000001,货币经纪公司,上海金融监管局
4025,上海国际货币经纪有限责任公司,"Shanghai CFETS-NEX International Money Broking Co., Ltd",P0002H231000001,货币经纪公司,上海金融监管局
4026,平安利顺国际货币经纪有限责任公司,Ping An Tradition International Money Broking Company Ltd．,P0003H244030001,货币经纪公司,深圳金融监管局
4027,中诚宝捷思货币经纪有限公司,China Credit BGC Money Broking Company Limited,P0004H211000001,货币经纪公司,北京金融监管局
4028,天津信唐货币经纪有限责任公司,Central Tanshi Money Broking Company Ltd．,P0005H212000001,货币经纪公司,天津金融监管局
4029,上田八木货币经纪（中国）有限公司,"Ueda Yagi Money Broking (China) Co., Ltd.",P0006H211000001,货币经纪公司,北京金融监管局
4030,工银金融资产投资有限公司,"ICBC Financial Asset Investment Co., Ltd.",Z0012H132010001,其他金融机构,江苏金融监管局
4031,农银金融资产投资有限公司,"ABC Financial Asset Investment Co., Ltd.",Z0011H111000001,其他金融机构,北京金融监管局
4032,中银金融资产投资有限公司,"BOC Financial Asset Investment Co., Ltd.",Z0013H111000001,其他金融机构,北京金融监管局
4033,建信金融资产投资有限公司,"CCB Financial Asset Investment Co., Ltd.",Z0009H111000001,其他金融机构,北京金融监管局
4034,交银金融资产投资有限公司,"BOCOM Financial Asset Investment Co., Ltd.",Z0014H131000001,其他金融机构,上海金融监管局
4035,工银理财有限责任公司,"ICBC Wealth Management Co., Ltd.",Z0015H111000001,其他金融机构,金融监管总局
4036,农银理财有限责任公司,"ABC Wealth Management Co., Ltd.",Z0019H111000001,其他金融机构,金融监管总局
4037,中银理财有限责任公司,"BOC Wealth Management Co., Ltd.",Z0018H111000001,其他金融机构,金融监管总局
4038,建信理财有限责任公司,"CCB Wealth Management Co., Ltd.",Z0016H144030001,其他金融机构,金融监管总局
4039,交银理财有限责任公司,"BOCOM Wealth Management Co., Ltd.",Z0017H131000001,其他金融机构,金融监管总局
4040,中邮理财有限责任公司,"PSBC Wealth Management Co., Ltd.",Z0022H111000001,其他金融机构,金融监管总局
4041,汇华理财有限公司,Amundi BOC Wealth Management Co. Ltd.,Z0035H131000001,其他金融机构,上海金融监管局
4042,贝莱德建信理财有限责任公司,BlackRock CCB Wealth Management Limited,Z0037H131000001,其他金融机构,上海金融监管局
4043,施罗德交银理财有限公司,Schroder BOCOM Wealth Management Company Limited,Z0044H131000001,其他金融机构,上海金融监管局
4044,高盛工银理财有限责任公司,"Goldman Sachs ICBC Wealth Management Co.,Ltd.",Z0047H131000001,其他金融机构,上海金融监管局
4045,法巴农银理财有限责任公司,"BNP Paribas ABC Wealth Management Co., Ltd.",Z0051H131000001,其他金融机构,上海金融监管局
4046,光大理财有限责任公司,"Everbright Wealth Management Co.,Ltd.",Z0020H137020001,其他金融机构,金融监管总局
4047,招银理财有限责任公司,"CMB Wealth Management Co.,Ltd.",Z0021H144030001,其他金融机构,金融监管总局
4048,兴银理财有限责任公司,"CIB Wealth Management Co.,Ltd.",Z0023H135010001,其他金融机构,金融监管总局
4049,信银理财有限责任公司,CITIC Wealth Management Corporation Limited,Z0027H131000001,其他金融机构,金融监管总局
4050,平安理财有限责任公司,"Ping An Wealth Management Co.,Ltd.",Z0032H144030001,其他金融机构,金融监管总局
4051,华夏理财有限责任公司,"HUA XIA Wealth Management Co.,Ltd.",Z0034H111000001,其他金融机构,金融监管总局
4052,广银理财有限责任公司,"CGB Wealth Management Co.,Ltd.",Z0040H131000001,其他金融机构,金融监管总局
4053,浦银理财有限责任公司,"SPDB Wealth Management Co.,Ltd.",Z0043H131000001,其他金融机构,金融监管总局
4054,民生理财有限责任公司,"CMBC Wealth Management Co.,Ltd.",Z0046H111000001,其他金融机构,金融监管总局
4055,恒丰理财有限责任公司,"HF Wealth Management CO.,Ltd.",Z0048H137020001,其他金融机构,金融监管总局
4056,渤银理财有限责任公司,"CBHB Wealth Management Co.,Ltd.",Z0049H112000001,其他金融机构,金融监管总局
4057,浙银理财有限责任公司,"CZBANK Wealth Management Co., Ltd.",Z0052H133010001,其他金融机构,金融监管总局
4058,杭银理财有限责任公司,"HZBANK Wealth Management Co., Ltd.",Z0024H233010001,其他金融机构,浙江金融监管局
4059,宁银理财有限责任公司,"BNB Wealth Management Co.,Ltd.",Z0025H233020001,其他金融机构,宁波金融监管局
4060,徽银理财有限责任公司,"HSBank Wealth Management Co.,Ltd.",Z0026H234010001,其他金融机构,安徽金融监管局
4061,南银理财有限责任公司,"Nanyin Wealth Management Co., Ltd.",Z0030H232010001,其他金融机构,江苏金融监管局
4062,苏银理财有限责任公司,"Suyin Wealth Management Co., Ltd.",Z0031H232010001,其他金融机构,江苏金融监管局
4063,青银理财有限责任公司,BQD Wealth Management Company Limited.,Z0033H237020001,其他金融机构,青岛金融监管局
4064,北银理财有限责任公司,"BOB Wealth Management Co., Ltd.",Z0050H211000001,其他金融机构,北京金融监管局
4065,上银理财有限责任公司,"BOSC Wealth Management Co., Ltd.",Z0045H231000001,其他金融机构,上海金融监管局
4066,渝农商理财有限责任公司,CQRC Wealth Management Co.，Ltd.,Z0028H250000001,其他金融机构,重庆金融监管局
4067,山东省城市商业银行合作联盟有限公司,"SHANDONG CITY COMMERCIAL BANKS ALLIANCE CO.,LTD.",Z0006H237010001,其他金融机构,山东金融监管局
4068,中国信托登记有限责任公司,China Trust Registration Corporation Limited,Z0010H131000001,其他金融机构,金融监管总局
4069,建信养老金管理有限责任公司,"CCB Pension Management Co., Ltd.",Z0008H111000001,其他金融机构,金融监管总局
4070,中国信托业保障基金有限责任公司,"China Trust Protection Fund Co., Ltd.",Z0039H111000001,其他金融机构,金融监管总局
